y0_std,y1_std,y2_std,y3_std,y4_std,y5_std,y6_std,y7_std,y8_std,y9_std,y10_std,y11_std,y12_std,y13_std,y14_std,y15_std
1.6446592063914758,1.6445908265025229,1.6445908265025233,1.6446592063914758,2.6972111930548652,2.6969063438446708,2.6969063438872882,2.697211193116555,1.7058991448938543,1.7057763935927523,1.7057763935927523,1.7058991448938543,0.44730020493962575,0.4473218401730719,0.4473218401730719,0.44730020493962575
1.6446644714971608,1.644596053680692,1.6445960536806927,1.644664471497161,2.697211723786798,2.6969066365899073,2.696906636632087,2.6972117238527615,1.7059016163799439,1.705778889413755,1.705778889413755,1.7059016163799439,0.4472998545736249,0.44732145284665636,0.44732145284665636,0.4472998545736249
1.6446593130794949,1.644590925635799,1.6445909256357991,1.6446593130794955,2.6972123132320656,2.6969074167679064,2.6969074168104625,2.6972123132945724,1.7059017976402684,1.7057790614760036,1.7057790614760036,1.7059017976402684,0.4473004330088874,0.4473220435128896,0.4473220435128896,0.4473004330088874
1.6446590062193447,1.6445906287671384,1.6445906287671388,1.644659006219345,2.6972116567948525,2.696906822478936,2.6969068225216017,2.697211656856327,1.7059015903241852,1.7057788515098848,1.7057788515098848,1.7059015903241852,0.44730032221067983,0.44732193703814027,0.44732193703814027,0.44730032221067983
1.6446737578539035,1.6446044953413987,1.6446044953413987,1.6446737578539048,2.697212021926313,2.6969016605152683,2.6969016605474105,2.6972120220786175,1.7059004985647823,1.7057780333375017,1.7057780333375017,1.7059004985647823,0.44729888168980125,0.44732006335115954,0.44732006335115954,0.44729888168980125
1.6446676959293456,1.6445992079063658,1.6445992079063663,1.6446676959293458,2.697211350944174,2.696905824548558,2.696905824589899,2.69721135101739,1.7059010909862362,1.7057783786338439,1.7057783786338439,1.7059010909862362,0.4472994882040409,0.4473210641091743,0.4473210641091743,0.4472994882040409
1.6446580776130357,1.644589641005201,1.6445896410052014,1.644658077613036,2.6972118066935002,2.6969066038088423,2.6969066038508136,2.6972118067610698,1.7059010189910444,1.7057782972570168,1.7057782972570168,1.7059010189910444,0.44730042372928563,0.44732201091717505,0.44732201091717505,0.44730042372928563
1.644658313627177,1.6445899351315698,1.6445899351315705,1.6446583136271773,2.6972113547081475,2.6969065140312796,2.696906514073907,2.6972113547697503,1.7059012240346474,1.7057784852684907,1.7057784852684907,1.7059012240346474,0.4473003208312528,0.44732193566584877,0.44732193566584877,0.4473003208312528
1.6446583201200944,1.6445899339222256,1.6445899339222263,1.6446583201200946,2.6972122085012376,2.696907320155297,2.69690732019786,2.697212208563641,1.7059013770984366,1.7057786392191947,1.7057786392191947,1.7059013770984366,0.44730050541519895,0.4473221184772621,0.4473221184772621,0.44730050541519895
1.6446585845108028,1.6445902058525945,1.644590205852595,1.6446585845108026,2.697211878383689,2.6969070401804194,2.696907040223253,2.6972118784466206,1.7059016264044922,1.7057788875136464,1.7057788875136464,1.7059016264044922,0.4473004106561353,0.4473220256315823,0.4473220256315823,0.4473004106561353
1.6446554527974517,1.6445870748475593,1.6445870748475595,1.6446554527974517,2.6972107951422504,2.696905958803831,2.696905958846467,2.6972107952037754,1.7059002774569747,1.7057775365874022,1.7057775365874022,1.7059002774569747,0.4473004458860051,0.44732206325085383,0.44732206325085383,0.4473004458860051
1.6446569794402082,1.644588601709518,1.6445886017095181,1.6446569794402084,2.6972117014193926,2.696906866140305,2.696906866182969,2.697211701480919,1.705901400566782,1.7057786617265338,1.7057786617265338,1.705901400566782,0.4473005101513646,0.44732212433238616,0.44732212433238616,0.4473005101513646
1.6446560908077947,1.6445877120322236,1.6445877120322243,1.644656090807795,2.6972108561980788,2.6969060146351245,2.6969060146777695,2.6972108562597574,1.7059005931072055,1.7057778533994088,1.7057778533994088,1.7059005931072055,0.44730040327891796,0.44732201889969075,0.44732201889969075,0.44730040327891796
1.6446562853858635,1.6445879067389513,1.644587906738952,1.644656285385864,2.6972113979427066,2.6969065570563204,2.696906557098964,2.6972113980042987,1.7059010385706401,1.7057782993602306,1.7057782993602306,1.7059010385706401,0.44730050420889245,0.44732211886712125,0.44732211886712125,0.44730050420889245
1.6446574916901564,1.6445891130742702,1.644589113074271,1.6446574916901568,2.697211009407348,2.696906168040242,2.696906168082823,2.697211009468947,1.7059010465861644,1.7057783082145277,1.7057783082145277,1.7059010465861644,0.4473003156271278,0.44732192989525216,0.44732192989525216,0.4473003156271278
1.6446596864747864,1.6445912701715402,1.6445912701715402,1.6446596864747864,2.6972128422986117,2.6969077665074908,2.6969077665497188,2.697212842364342,1.7059012383114336,1.7057785058771213,1.7057785058771213,1.7059012383114336,0.44730052195426234,0.4473221267092456,0.4473221267092456,0.44730052195426234
1.6446604822688333,1.6445920683201052,1.6445920683201056,1.644660482268834,2.697212726175011,2.696907664310472,2.696907664352659,2.69721272624036,1.705901173818194,1.7057784391400033,1.7057784391400033,1.705901173818194,0.4473004302341927,0.4473220391320566,0.4473220391320566,0.4473004302341927
1.644655535595826,1.6445871543412,1.6445871543412003,1.6446555355958263,2.697210895807737,2.6969060388300035,2.696906038872617,2.697210895869609,1.7059005577863524,1.7057778187344668,1.7057778187344668,1.7059005577863524,0.4473004600804208,0.4473220743878202,0.4473220743878202,0.4473004600804208
1.6446548028835055,1.6445864243954775,1.6445864243954775,1.6446548028835057,2.6972110721230367,2.696906232797626,2.696906232840272,2.697211072184636,1.7059004372347426,1.7057776966351081,1.7057776966351081,1.7059004372347426,0.4473005623297202,0.4473221788492322,0.4473221788492322,0.4473005623297202
1.6446596646557046,1.6445908391761606,1.6445908391761608,1.6446596646557057,2.6972134876403264,2.69690585875164,2.6969058587890276,2.697213487747848,1.7059008958205624,1.7057782925415863,1.7057782925415863,1.7059008958205624,0.44730053890479654,0.4473219361760177,0.4473219361760177,0.44730053890479654
1.6446546107098137,1.6445862325741525,1.6445862325741532,1.644654610709814,2.6972105508278132,2.696905713657604,2.69690571370025,2.6972105508893796,1.7058999533092585,1.705777212107829,1.705777212107829,1.7058999533092585,0.4473004666313153,0.4473220842673697,0.4473220842673697,0.4473004666313153
1.6446549639515444,1.6445865861310034,1.6445865861310038,1.6446549639515446,2.6972102763995163,2.6969054414733264,2.6969054415159945,2.697210276461164,1.7058990584569997,1.7057763110093986,1.7057763110093986,1.7058990584569997,0.4473003807836116,0.44732200857479226,0.44732200857479226,0.4473003807836116
1.6446539085822365,1.6445855309159119,1.644585530915912,1.6446539085822367,2.6972107980997984,2.6969059640822297,2.696905964124888,2.697210798161281,1.7059002059140853,1.7057774650912432,1.7057774650912432,1.7059002059140853,0.44730057946866053,0.4473221960586526,0.4473221960586526,0.44730057946866053
1.6446554634965314,1.6445870843018207,1.6445870843018213,1.6446554634965314,2.6972105814080054,2.696905741654452,2.6969057416973428,2.6972105814713845,1.705900620624168,1.7057778820932863,1.7057778820932863,1.705900620624168,0.4473003967881592,0.4473220104721059,0.4473220104721059,0.4473003967881592
1.6446560321588313,1.6445876546038876,1.6445876546038882,1.6446560321588313,2.6972105334648924,2.696905699582227,2.696905699624909,2.6972105335265204,1.70590066436885,1.7057779254679561,1.7057779254679561,1.70590066436885,0.4473003388601613,0.4473219531471314,0.4473219531471314,0.4473003388601613
1.6446551679957655,1.6445867901258904,1.644586790125891,1.6446551679957653,2.697209711651885,2.696904875849046,2.6969048758917116,2.6972097117135077,1.7058997915552636,1.7057770512922112,1.7057770512922112,1.7058997915552636,0.44730023628767596,0.44732185276438735,0.44732185276438735,0.44730023628767596
1.6446537666036916,1.6445853880967924,1.6445853880967929,1.6446537666036913,2.6972107564236656,2.6969059172370464,2.696905917279653,2.6972107564853074,1.7059004121149681,1.7057776727258054,1.7057776727258054,1.7059004121149681,0.44730058111440607,0.4473221956928478,0.4473221956928478,0.44730058111440607
1.644654241324593,1.644585862128351,1.6445858621283511,1.6446542413245928,2.697211061042983,2.6969062174600174,2.6969062175026637,2.6972110611046465,1.705900481232425,1.7057777414738686,1.7057777414738686,1.705900481232425,0.447300608535815,0.4473222234441989,0.4473222234441989,0.447300608535815
1.6446554626448502,1.6445870789535217,1.6445870789535224,1.6446554626448504,2.6972103866264514,2.6969055143340017,2.696905514376594,2.69721038668859,1.7059004626600802,1.7057777255419502,1.7057777255419502,1.7059004626600802,0.44730035387206885,0.44732196513920897,0.44732196513920897,0.44730035387206885
1.644652451908498,1.6445840740304707,1.6445840740304711,1.6446524519084984,2.697210407760527,2.696905572914536,2.696905572957196,2.697210407822042,1.7058996882837858,1.7057769464143253,1.7057769464143253,1.7058996882837858,0.4473006201523919,0.44732223801062826,0.44732223801062826,0.4473006201523919
1.6446533427846886,1.6445849649717583,1.6445849649717592,1.6446533427846888,2.697210665641091,2.696905830882894,2.6969058309255596,2.697210665702617,1.7059004503130992,1.7057777110818062,1.7057777110818062,1.7059004503130992,0.44730059649310283,0.4473222102813339,0.4473222102813339,0.44730059649310283
1.6446529715497198,1.6445845936063215,1.6445845936063221,1.64465297154972,2.697210352550502,2.696905517070274,2.6969055171129215,2.697210352612037,1.7058997958721536,1.7057770549293403,1.7057770549293403,1.7058997958721536,0.44730056372131666,0.44732218039339944,0.44732218039339944,0.44730056372131666
1.6446531507990143,1.644584772583987,1.6445847725839875,1.6446531507990143,2.697210178332291,2.6969053422552394,2.696905342297945,2.69721017839423,1.7058989040304664,1.705776154537201,1.705776154537201,1.7058989040304664,0.4473005132046379,0.4473221434940867,0.4473221434940867,0.4473005132046379
1.6446539246704792,1.6445855462869967,1.6445855462869972,1.6446539246704794,2.6972103879924276,2.696905549269828,2.6969055493124676,2.697210388053992,1.7059003608482879,1.7057776221134888,1.7057776221134888,1.7059003608482879,0.4473004878568608,0.44732210124267346,0.44732210124267346,0.4473004878568608
1.6446550729946678,1.6445866884870035,1.6445866884870037,1.6446550729946676,2.697210094524487,2.6969052173461514,2.6969052173887302,2.6972100945867266,1.7059003058040938,1.7057775588756279,1.7057775588756279,1.7059003058040938,0.44730031570503337,0.44732194199252345,0.44732194199252345,0.44730031570503337
1.6446530744129935,1.6445846964600466,1.644584696460047,1.6446530744129935,2.697210605287467,2.696905769804932,2.6969057698475987,2.6972106053490306,1.7059002963104697,1.7057775568085658,1.7057775568085658,1.7059002963104697,0.4473006079067093,0.44732222207659406,0.44732222207659406,0.4473006079067093
1.6446548112311223,1.6445864287063063,1.6445864287063068,1.6446548112311221,2.697211027686663,2.6969061643920806,2.696906164434714,2.697211027749088,1.7058995126487462,1.705776765785322,1.705776765785322,1.7058995126487462,0.4473005562515116,0.4473221829530482,0.4473221829530482,0.4473005562515116
1.6446533525186746,1.6445849746329695,1.6445849746329697,1.6446533525186748,2.6972099670157355,2.6969051314925516,2.6969051315351993,2.697209967077247,1.7059000691861994,1.7057773301963508,1.7057773301963508,1.7059000691861994,0.44730044541997094,0.4473220591066056,0.4473220591066056,0.44730044541997094
1.644654032023295,1.6445856140657744,1.6445856140657753,1.6446540320232954,2.6972101122080487,2.696905026563791,2.696905026605979,2.6972101122736833,1.7058999141490971,1.7057771870016636,1.7057771870016636,1.7058999141490971,0.4473004087198957,0.4473220035863607,0.4473220035863607,0.4473004087198957
1.644653010238516,1.6445846322325286,1.6445846322325286,1.6446530102385166,2.697210235085024,2.696905399399605,2.696905399442263,2.697210235146577,1.705898941757261,1.705776194351825,1.705776194351825,1.705898941757261,0.44730053928051583,0.4473221662390374,0.4473221662390374,0.44730053928051583
1.6446525513881514,1.644584172588987,1.6445841725889874,1.6446525513881518,2.6972099356639516,2.696905094818465,2.6969050948611173,2.697209935725575,1.70589986747312,1.7057771279137324,1.7057771279137324,1.70589986747312,0.4473005077452193,0.4473221219969354,0.4473221219969354,0.4473005077452193
1.6446533326095412,1.644584954904194,1.6445849549041947,1.6446533326095414,2.69720974290955,2.6969049085883774,2.696904908631044,2.69720974297109,1.7058999483463035,1.7057772092531793,1.7057772092531793,1.7058999483463035,0.44730039902662805,0.4473220128663801,0.4473220128663801,0.44730039902662805
1.6446531069286412,1.6445847285152286,1.6445847285152293,1.6446531069286414,2.6972111047594662,2.6969062673068764,2.696906267349528,2.697211104821309,1.7058994495594537,1.7057767020954104,1.7057767020954104,1.7058994495594537,0.44730072111081154,0.44732234822599126,0.44732234822599126,0.44730072111081154
1.64465386142667,1.6445854839152287,1.6445854839152292,1.64465386142667,2.69720946126545,2.6969046278180904,2.696904627860758,2.6972094613269526,1.7058999117364175,1.7057771729888727,1.7057771729888727,1.7058999117364175,0.447300292015934,0.44732190554345475,0.44732190554345475,0.447300292015934
1.6446526747448447,1.6445842959672543,1.6445842959672548,1.6446526747448451,2.697210592002131,2.696905751562221,2.696905751604878,2.697210592063798,1.7059001925256152,1.7057774524233014,1.7057774524233014,1.7059001925256152,0.44730064045406537,0.44732225545088095,0.44732225545088095,0.44730064045406537
1.644652442402414,1.644584063920999,1.6445840639209992,1.6446524424024147,2.697209997938201,2.6969051590260493,2.696905159068679,2.6972099979997606,1.7058998662445506,1.705777126609868,1.705777126609868,1.7058998662445506,0.44730053066334785,0.44732214511921625,0.44732214511921625,0.44730053066334785
1.6446545462393887,1.6445861597893447,1.6445861597893452,1.6446545462393887,2.6972105562453863,2.696905669919707,2.6969056699623013,2.6972105563087734,1.7058985332166856,1.7057757807112968,1.7057757807112968,1.7058985332166856,0.4473004781684536,0.44732211437150665,0.44732211437150665,0.4473004781684536
1.6446532326914292,1.6445848407901689,1.6445848407901693,1.6446532326914298,2.6972105589356463,2.6969056367431543,2.696905636785658,2.697210558998755,1.7058997936779374,1.7057770537383472,1.7057770537383472,1.7058997936779374,0.4473005826601815,0.4473221976052772,0.4473221976052772,0.4473005826601815
1.6446580255074206,1.644589605268624,1.6445896052686249,1.644658025507421,2.6972082186455224,2.6969031170217246,2.696903117063881,2.6972082187115105,1.7058992756097697,1.7057765470001915,1.7057765470001915,1.7058992756097697,0.4472996536812096,0.44732125275872014,0.44732125275872014,0.4472996536812096
1.6446525486070203,1.644584167763333,1.6445841677633335,1.644652548607021,2.697210429048963,2.696905575552137,2.6969055755947595,2.697210429110772,1.7059000842279914,1.7057773443712039,1.7057773443712039,1.7059000842279914,0.4473006142205559,0.4473222287760595,0.4473222287760595,0.4473006142205559
1.6446575828892882,1.6445892057247937,1.6445892057247946,1.6446575828892886,2.6972077262522802,2.6969028936592863,2.6969028937019606,2.697207726313882,1.705898243507359,1.7057754966824947,1.7057754966824947,1.705898243507359,0.4472996022328842,0.44732123053486916,0.44732123053486916,0.4472996022328842
1.6446525006066013,1.6445841207757577,1.6445841207757586,1.644652500606602,2.697210550896347,2.6969057047859915,2.6969057048286516,2.697210550958396,1.7058994181072096,1.7057766730907016,1.7057766730907016,1.7058994181072096,0.44730064949019754,0.44732227249241596,0.44732227249241596,0.44730064949019754
1.644652714285866,1.6445843366652113,1.6445843366652113,1.644652714285867,2.6972097969927717,2.6969049635910425,2.6969049636337177,2.697209797054361,1.705899934916247,1.7057771957930024,1.7057771957930024,1.705899934916247,0.44730046356620345,0.44732207723130196,0.44732207723130196,0.44730046356620345
1.6446551688481756,1.644586790865448,1.6445867908654481,1.6446551688481763,2.697208580132237,2.6969037432351852,2.6969037432778573,2.6972085801938896,1.7058996230095411,1.7057768848411958,1.7057768848411958,1.7058996230095411,0.4472999887949887,0.44732160211199484,0.44732160211199484,0.4472999887949887
1.644652885647668,1.6445845071940481,1.6445845071940486,1.6446528856476685,2.6972097300335207,2.6969048911362705,2.6969048911789244,2.6972097300951057,1.7058998884883765,1.7057771489967442,1.7057771489967442,1.7058998884883765,0.44730043374994216,0.44732204802627057,0.44732204802627057,0.44730043374994216
1.6446543759713783,1.644585998675559,1.6445859986755595,1.6446543759713785,2.697208731041039,2.696903898548322,2.696903898590991,2.6972087311025317,1.7058996121510699,1.7057768736672727,1.7057768736672727,1.7058996121510699,0.4473000892624496,0.4473217027525956,0.4473217027525956,0.4473000892624496
1.6446547572827612,1.6445863799566853,1.6445863799566858,1.6446547572827614,2.6972085817902323,2.6969037489969416,2.696903749039612,2.6972085818517524,1.7058994983053029,1.7057767593558901,1.7057767593558901,1.7058994983053029,0.44730002485640746,0.44732163927310314,0.44732163927310314,0.44730002485640746
1.6446569405353897,1.6445885615120166,1.6445885615120168,1.6446569405353901,2.6972082816493237,2.696903437692736,2.6969034377353616,2.697208281711064,1.705898452975585,1.705775706510769,1.705775706510769,1.705898452975585,0.4472997778917802,0.4473214053695907,0.4473214053695907,0.4472997778917802
1.644654889613726,1.644586512163428,1.6445865121634284,1.6446548896137265,2.697208893877049,2.696904060481762,2.6969040605244246,2.697208893938562,1.7058988634939585,1.7057761191443195,1.7057761191443195,1.7058988634939585,0.4473000858748873,0.44732170895121437,0.44732170895121437,0.4473000858748873
1.6446536353272543,1.6445852566281676,1.6445852566281678,1.6446536353272545,2.6972091587519773,2.696904317859358,2.6969043179020074,2.697209158813581,1.705899615328961,1.7057768763315493,1.7057768763315493,1.705899615328961,0.4473002458153817,0.4473218597516556,0.4473218597516556,0.4473002458153817
1.6446570345049842,1.6445886575266733,1.6445886575266737,1.6446570345049847,2.697207409695563,2.69690257786118,2.6969025779038502,2.697207409757058,1.7058992762385687,1.7057765382315548,1.7057765382315548,1.7058992762385687,0.44729957394381853,0.4473211879631841,0.4473211879631841,0.44729957394381853
1.6446561747746578,1.6445877976102958,1.6445877976102963,1.644656174774658,2.697207886714227,2.696903054202143,2.696903054244813,2.697207886775739,1.7058993036448606,1.7057765650440921,1.7057765650440921,1.7058993036448606,0.44729975256994553,0.44732136713014237,0.44732136713014237,0.44729975256994553
1.644657403314178,1.6445890265048912,1.644589026504892,1.6446574033141785,2.697207248736619,2.6969024179070007,2.69690241794968,2.6972072487981484,1.7058991920337756,1.7057764539169895,1.7057764539169895,1.7058991920337756,0.4472995083117442,0.4473211226894068,0.4473211226894068,0.4472995083117442
1.6446533309986138,1.644584953455472,1.6445849534554726,1.644653330998614,2.6972092519136672,2.6969044184278577,2.6969044184705258,2.6972092519751825,1.7058997425794649,1.7057770033810087,1.7057770033810087,1.7058997425794649,0.44730029193229814,0.44732190603309896,0.44732190603309896,0.44730029193229814
1.6446537604410894,1.6445853829517276,1.6445853829517283,1.6446537604410894,2.6972090906835353,2.696904257286991,2.696904257329655,2.6972090907450244,1.7058996024712654,1.7057768633918118,1.7057768633918118,1.7058996024712654,0.4473002212002799,0.4473218353493838,0.4473218353493838,0.4473002212002799
1.644654143111919,1.644585765740039,1.6445857657400393,1.6446541431119193,2.6972088626675212,2.6969040298139793,2.696904029856647,2.697208862729018,1.705899615569326,1.7057768769269803,1.7057768769269803,1.705899615569326,0.4473001388651501,0.44732175250804773,0.44732175250804773,0.4473001388651501
1.644653642353443,1.644585264832628,1.6445852648326287,1.6446536423534435,2.6972090969236597,2.696904263405758,2.696904263448426,2.697209096985173,1.705899703418994,1.7057769646291518,1.7057769646291518,1.705899703418994,0.4473002323004932,0.447321845915966,0.447321845915966,0.4473002323004932
1.6446536185047818,1.6445852408177635,1.6445852408177641,1.6446536185047824,2.6972091575540107,2.6969043229817555,2.696904323024417,2.6972091576155144,1.7058996275144338,1.705776888254189,1.705776888254189,1.7058996275144338,0.44730024770983723,0.44732186206817265,0.44732186206817265,0.44730024770983723
1.6446581995786127,1.6445898222238515,1.6445898222238517,1.6446581995786131,2.6972068169274372,2.696901982304466,2.6969019823471396,2.697206816989044,1.70589915431028,1.7057764161571807,1.7057764161571807,1.70589915431028,0.447299344971196,0.447320959743539,0.447320959743539,0.447299344971196
1.6446536299416172,1.6445852514755455,1.6445852514755457,1.6446536299416175,2.6972091408200347,2.6969043014011196,2.696904301443774,2.6972091408816317,1.705899648227143,1.7057769094770394,1.7057769094770394,1.705899648227143,0.4473002431149711,0.44732185666999563,0.44732185666999563,0.4473002431149711
1.6446539457651137,1.644585564765412,1.6445855647654124,1.644653945765114,2.697209751337415,2.6969048968003637,2.696904896842925,2.697209751399398,1.7058988777410327,1.7057761172601849,1.7057761172601849,1.7058988777410327,0.4473003425843626,0.44732199051028904,0.44732199051028904,0.4473003425843626
1.644655117660758,1.6445867405225172,1.6445867405225176,1.6446551176607584,2.6972083919152317,2.6969035600034155,2.69690356004608,2.6972083919767,1.7058994696599918,1.7057767308211376,1.7057767308211376,1.7058994696599918,0.4472999527699315,0.4473215671943797,0.4473215671943797,0.4472999527699315
1.6446532495613402,1.6445848718718323,1.6445848718718328,1.6446532495613404,2.6972092930974605,2.6969044587344033,2.6969044587770674,2.6972092931589926,1.7058997522635189,1.7057770130681937,1.7057770130681937,1.7058997522635189,0.4473003085651734,0.4473219226396242,0.4473219226396242,0.4473003085651734
1.644653564933446,1.6445851875595925,1.6445851875595925,1.6446535649334462,2.697209122888598,2.6969042903005613,2.6969042903432294,2.6972091229500914,1.7058997328019274,1.7057769941239547,1.7057769941239547,1.7058997328019274,0.44730024473459185,0.44732185814156095,0.44732185814156095,0.44730024473459185
1.6446618030434095,1.644593427208503,1.6445934272085032,1.64466180304341,2.6972048449980877,2.696900017920706,2.6969000179633906,2.697204845059546,1.7058984833688184,1.7057757465018646,1.7057757465018646,1.7058984833688184,0.4472986091556891,0.4473202237584511,0.4473202237584511,0.4472986091556891
1.644654505002513,1.6445861271837818,1.6445861271837825,1.6446545050025132,2.6972086507570716,2.696903814892063,2.696903814934722,2.69720865081861,1.7058996252607268,1.7057768867289953,1.7057768867289953,1.7058996252607268,0.44730006083227064,0.447321674442026,0.447321674442026,0.44730006083227064
1.6446567188842904,1.6445883419661755,1.6445883419661758,1.6446567188842907,2.697207547740391,2.696902716399278,2.6969027164419446,2.6972075478018733,1.7058993462262309,1.7057766079786818,1.7057766079786818,1.7058993462262309,0.4472996321259536,0.44732124637856,0.44732124637856,0.4472996321259536
1.6446543452839024,1.6445859674916128,1.6445859674916132,1.644654345283903,2.697208824048835,2.6969039884507575,2.6969039884934065,2.697208824110361,1.7058994910734038,1.7057767511578847,1.7057767511578847,1.7058994910734038,0.44730011463848224,0.4473217304384054,0.4473217304384054,0.44730011463848224
1.644654330053658,1.6445859526590765,1.6445859526590771,1.6446543300536587,2.697208747877083,2.6969039148153597,2.6969039148580243,2.6972087479386038,1.7058996283020034,1.705776888754503,1.705776888754503,1.7058996283020034,0.44730009782751945,0.44732171296944984,0.44732171296944984,0.44730009782751945
1.644657391029374,1.6445890142481538,1.6445890142481545,1.6446573910293745,2.697207209164294,2.6969023783300305,2.696902378372697,2.6972072092257706,1.7058992682178664,1.7057765305252808,1.7057765305252808,1.7058992682178664,0.44729950100343013,0.4473211147250261,0.4473211147250261,0.44729950100343013
1.6446552091297857,1.6445868319907557,1.6445868319907564,1.6446552091297857,2.697208342177153,2.696903510221938,2.6969035102645997,2.697208342238634,1.7058994648789771,1.705776726090318,1.705776726090318,1.7058994648789771,0.44729993515153893,0.44732154957184933,0.44732154957184933,0.44729993515153893
1.6446566396216513,1.6445882625240675,1.6445882625240675,1.6446566396216518,2.6972075953460877,2.696902763104931,2.6969027631476075,2.6972075954076584,1.7058993431881426,1.7057766055530943,1.7057766055530943,1.7058993431881426,0.4472996500077312,0.44732126328276356,0.44732126328276356,0.4472996500077312
1.6446594736354778,1.6445910972585867,1.6445910972585873,1.6446594736354785,2.6972063678988607,2.6969015388707125,2.6969015389133912,2.697206367960392,1.7058986861636123,1.7057759468453533,1.7057759468453533,1.7058986861636123,0.44729914263311943,0.44732075999891424,0.44732075999891424,0.44729914263311943
1.6446560933896652,1.6445877164773663,1.6445877164773668,1.6446560933896657,2.697207926455525,2.6969030954921793,2.696903095534844,2.697207926516998,1.705899313340134,1.7057765746834355,1.7057765746834355,1.705899313340134,0.44729976967008295,0.4473213843305925,0.4473213843305925,0.44729976967008295
1.6446593870780344,1.644591010713851,1.6445910107138515,1.6446593870780348,2.6972062009767175,2.69690137178893,2.696901371831605,2.697206201038197,1.7058990412550623,1.7057763041030256,1.7057763041030256,1.7058990412550623,0.44729911098916364,0.4473207248024089,0.4473207248024089,0.44729911098916364
1.6446599220966256,1.6445915457574765,1.6445915457574776,1.644659922096626,2.6972062595263435,2.6969014304225705,2.6969014304652417,2.6972062595878117,1.7058984417387035,1.7057757013863295,1.7057757013863295,1.7058984417387035,0.44729908295318555,0.44732070218286185,0.44732070218286185,0.44729908295318555
1.6446595196642189,1.6445911434055227,1.6445911434055236,1.6446595196642195,2.6972064154337474,2.6969015868933206,2.696901586935998,2.6972064154951996,1.7058990699788243,1.7057763324660558,1.7057763324660558,1.7058990699788243,0.4472991475847246,0.4473207619691833,0.4473207619691833,0.4472991475847246
1.6446562965417508,1.6445879197340714,1.644587919734072,1.644656296541751,2.6972077553334666,2.6969029248427163,2.6969029248853778,2.6972077553949227,1.7058994021570668,1.7057766644070735,1.7057766644070735,1.7058994021570668,0.4472997143464155,0.44732132767005056,0.44732132767005056,0.4472997143464155
1.6446562168810177,1.6445878393131523,1.644587839313153,1.6446562168810177,2.6972080446157016,2.6969032095540535,2.6969032095967145,2.6972080446772497,1.7058995128270886,1.705776774684155,1.705776774684155,1.7058995128270886,0.44729978391532527,0.4473213977032607,0.4473213977032607,0.44729978391532527
1.64465482559109,1.6445864483447625,1.6445864483447632,1.6446548255910904,2.6972084978230035,2.6969036653547063,2.696903665397364,2.697208497884489,1.7058995711849583,1.7057768323131663,1.7057768323131663,1.7058995711849583,0.4473000012419229,0.4473216156025155,0.4473216156025155,0.4473000012419229
1.6446568869295135,1.644588510173066,1.6445885101730666,1.6446568869295142,2.6972074825593504,2.6969026521259867,2.696902652168655,2.697207482620815,1.705899293636022,1.7057765559109088,1.7057765559109088,1.705899293636022,0.4472996050893335,0.44732121863971314,0.44732121863971314,0.4472996050893335
1.6446548656192697,1.6445864879011485,1.644586487901149,1.6446548656192703,2.6972087039469104,2.6969038686010953,2.6969038686437474,2.6972087040084594,1.7058997035051173,1.705776965442992,1.705776965442992,1.7058997035051173,0.4473000432338896,0.44732165630770104,0.44732165630770104,0.4473000432338896
1.6446548452315068,1.644586467954488,1.6445864679544886,1.6446548452315068,2.6972087756180985,2.6969039430563044,2.696903943098964,2.697208775679581,1.7058996034682705,1.70577686370559,1.70577686370559,1.7058996034682705,0.4473000601035519,0.4473216757995437,0.4473216757995437,0.4473000601035519
1.6446550943876328,1.644586717353032,1.6445867173530324,1.6446550943876332,2.6972083709362837,2.696903539656709,2.696903539699376,2.697208370997747,1.70589952505748,1.7057767862797808,1.7057767862797808,1.70589952505748,0.4472999513156671,0.4473215656183978,0.4473215656183978,0.4472999513156671
1.6446549766578946,1.6445865992335145,1.644586599233515,1.644654976657895,2.697208420388149,2.6969035867754387,2.6969035868181,2.697208420449666,1.7058995570013906,1.7057768187292086,1.7057768187292086,1.7058995570013906,0.4472999707318019,0.4473215842006126,0.4473215842006126,0.4472999707318019
1.6446551369224052,1.6445867579569928,1.6445867579569933,1.6446551369224054,2.697208589607325,2.6969037464843146,2.696903746526957,2.697208589669042,1.7058996433209717,1.7057769046080875,1.7057769046080875,1.7058996433209717,0.44729999259343917,0.44732160677828325,0.44732160677828325,0.44729999259343917
1.644655548670731,1.644587171314489,1.6445871713144897,1.6446555486707315,2.6972082364960017,2.6969034030632915,2.6969034031059564,2.697208236557513,1.7058993195954806,1.7057765804206906,1.7057765804206906,1.7058993195954806,0.4472998850722723,0.44732150025838524,0.44732150025838524,0.4472998850722723
1.6446547534852392,1.6445863741290052,1.6445863741290054,1.6446547534852392,2.6972085579006793,2.696903713742396,2.696903713785075,2.6972085579629406,1.7058995514206101,1.7057768126599455,1.7057768126599455,1.7058995514206101,0.4473000179357664,0.44732163235592853,0.44732163235592853,0.4473000179357664
1.64465574727221,1.6445873702008453,1.644587370200846,1.6446557472722105,2.6972082661251857,2.696903434364232,2.696903434406902,2.697208266186663,1.7058995888789905,1.7057768504970028,1.7057768504970028,1.7058995888789905,0.4472998718054195,0.44732148571179714,0.44732148571179714,0.4472998718054195
1.6446552345181746,1.6445868538660968,1.6445868538660977,1.6446552345181749,2.6972086034110685,2.6969037496123267,2.696903749654951,2.6972086034728826,1.705899538892366,1.705776799765634,1.705776799765634,1.705899538892366,0.4472999850479663,0.44732159982330155,0.44732159982330155,0.4472999850479663
1.6446556171639208,1.6445872399142374,1.6445872399142383,1.6446556171639213,2.6972083431059364,2.696903510311115,2.696903510353784,2.697208343167431,1.705899585902123,1.7057768478789732,1.7057768478789732,1.705899585902123,0.4472998996930726,0.44732151298816913,0.44732151298816913,0.4472998996930726
1.6446558618767706,1.6445874846900492,1.6445874846900497,1.6446558618767708,2.697208195635556,2.6969033631221304,2.6969033631648007,2.697208195697057,1.7058995972804518,1.7057768594495109,1.7057768594495109,1.7058995972804518,0.44729984590985217,0.44732145900730064,0.44732145900730064,0.44729984590985217
1.6446553137381974,1.6445869365626435,1.6445869365626442,1.6446553137381974,2.6972085624854576,2.6969037303530747,2.6969037303957415,2.6972085625469435,1.70589951112345,1.7057767720274717,1.7057767720274717,1.70589951112345,0.44729997507077485,0.4473215899434237,0.4473215899434237,0.44729997507077485
1.6446568254588085,1.6445884486809121,1.6445884486809126,1.6446568254588092,2.697207733171693,2.6969029026891924,2.696902902731862,2.6972077332331525,1.7058994466348232,1.7057767085625077,1.7057767085625077,1.7058994466348232,0.44729966459744375,0.44732127855689674,0.44732127855689674,0.44729966459744375
1.6446547379932694,1.6445863608030042,1.6445863608030045,1.6446547379932699,2.6972088424605642,2.696904010507232,2.696904010549899,2.697208842522041,1.7058995937227333,1.705776854377554,1.705776854377554,1.7058995937227333,0.4473000854737189,0.44732170045717207,0.44732170045717207,0.4473000854737189
1.6446555262086318,1.6445871487823467,1.644587148782347,1.6446555262086318,2.6972084363325046,2.6969036025197273,2.696903602562394,2.6972084363940074,1.7058995201980718,1.7057767812596796,1.7057767812596796,1.7058995201980718,0.44729992645390054,0.4473215411341588,0.4473215411341588,0.44729992645390054
1.6446550954724692,1.6445867183831653,1.6445867183831657,1.6446550954724695,2.697208617513297,2.696903785993116,2.696903786035785,2.6972086175747707,1.705899625862285,1.7057768871682484,1.7057768871682484,1.705899625862285,0.4473000046487294,0.44732161875465676,0.44732161875465676,0.4473000046487294
1.6446553093634129,1.6445869323168367,1.644586932316837,1.6446553093634135,2.697208494050801,2.6969036626657465,2.6969036627084138,2.697208494112272,1.7058996268339537,1.7057768881281452,1.7057768881281452,1.7058996268339537,0.44729995964272845,0.4473215738734145,0.4473215738734145,0.44729995964272845
1.6446557041777723,1.644587327079021,1.6445873270790214,1.6446557041777725,2.6972083062490575,2.6969034743779066,2.6969034744205764,2.6972083063105488,1.705899563593366,1.7057768252539751,1.7057768252539751,1.705899563593366,0.44729988482671523,0.4473214986650836,0.4473214986650836,0.44729988482671523
1.6446558512683067,1.6445874741578232,1.6445874741578241,1.644655851268307,2.6972082593246913,2.696903427346062,2.6969034273887353,2.697208259386164,1.7058995037068905,1.7057767649974787,1.7057767649974787,1.7058995037068905,0.447299856886113,0.44732147132901895,0.44732147132901895,0.447299856886113
1.644654974200139,1.644586596870554,1.6445865968705544,1.6446549742001395,2.6972086968757134,2.6969038638948426,2.6969038639375014,2.697208696937182,1.705899612341805,1.7057768726922675,1.7057768726922675,1.705899612341805,0.4473000288272105,0.44732164436604904,0.44732164436604904,0.4473000288272105
1.6446546636718478,1.6445862834367049,1.644586283436705,1.6446546636718478,2.697208830002365,2.6969039790670775,2.6969039791097122,2.6972088300641497,1.7058997009788595,1.705776963423235,1.705776963423235,1.7058997009788595,0.4473000853200707,0.4473216973802702,0.4473216973802702,0.4473000853200707
1.6446531427617594,1.6445847652800574,1.6445847652800576,1.6446531427617597,2.6972096036181283,2.696904770602357,2.6969047706450193,2.6972096036796103,1.7058998478644651,1.7057771083507458,1.7057771083507458,1.7058998478644651,0.4473003874345684,0.44732200190710286,0.44732200190710286,0.4473003874345684
1.6446567848206268,1.6445884078962885,1.6445884078962887,1.644656784820627,2.697207780954856,2.6969029496107946,2.696902949653459,2.6972077810163433,1.7058994070288982,1.7057766687587697,1.7057766687587697,1.7058994070288982,0.44729967975970447,0.4473212940611361,0.4473212940611361,0.44729967975970447
1.6446539056809042,1.64458552826925,1.6445855282692503,1.6446539056809044,2.6972091937522764,2.6969043607890453,2.6969043608317094,2.697209193813771,1.705899801697832,1.7057770626173998,1.7057770626173998,1.705899801697832,0.4473002331310947,0.4473218472794482,0.4473218472794482,0.4473002331310947
1.644653160992371,1.644584783450745,1.6445847834507457,1.6446531609923714,2.697209378718437,2.6969045452510687,2.69690454529373,2.69720937877992,1.7058996939312854,1.705776954741369,1.705776954741369,1.7058996939312854,0.4473003368984156,0.4473219509501003,0.4473219509501003,0.4473003368984156
1.6446547362233057,1.6445863589169636,1.6445863589169638,1.6446547362233057,2.6972088398609704,2.696904007222149,2.6969040072648163,2.697208839922438,1.7058996024580384,1.7057768620363845,1.7057768620363845,1.7058996024580384,0.447300077872876,0.44732169445570785,0.44732169445570785,0.447300077872876
1.6446539724253475,1.644585511725828,1.6445855117258288,1.6446539724253475,2.6972094926158228,2.696904140049986,2.6969041400916693,2.6972094926858023,1.7058997008673127,1.705776987486548,1.705776987486548,1.7058997008673127,0.4473002615045056,0.4473218343022396,0.4473218343022396,0.4473002615045056
1.6446540922209127,1.6445857140119795,1.6445857140119797,1.6446540922209127,2.6972092203379594,2.696904382399991,2.696904382442643,2.6972092203994857,1.705899590152369,1.7057768491096819,1.7057768491096819,1.705899590152369,0.44730021331453174,0.4473218305745053,0.4473218305745053,0.44730021331453174
1.644652456929856,1.6445840792324646,1.6445840792324653,1.6446524569298562,2.69720991870034,2.6969050847099005,2.6969050847525637,2.697209918761851,1.7058999776494426,1.7057772384940921,1.7057772384940921,1.7058999776494426,0.4473005135638507,0.44732212713683206,0.44732212713683206,0.4473005135638507
1.644653214877896,1.6445848372816534,1.6445848372816536,1.6446532148778967,2.6972095894397983,2.6969047556592245,2.6969047557018766,2.697209589501269,1.7058998048431004,1.7057770652910262,1.7057770652910262,1.7058998048431004,0.4473003747511344,0.4473219893521008,0.4473219893521008,0.4473003747511344
1.6446523923118757,1.6445840144740593,1.6445840144740598,1.6446523923118754,2.6972097170830267,2.6969048821991035,2.6969048822417676,2.697209717144553,1.7058998643039698,1.7057771247162508,1.7057771247162508,1.7058998643039698,0.4473004743951137,0.44732208864566897,0.44732208864566897,0.4473004743951137
1.6446531023712774,1.6445847248479117,1.644584724847912,1.6446531023712778,2.697209611595791,2.69690477836041,2.6969047784030726,2.6972096116572923,1.7058998726761434,1.7057771336368075,1.7057771336368075,1.7058998726761434,0.447300393208114,0.44732200693207264,0.44732200693207264,0.447300393208114
1.6446533031642003,1.6445849252136182,1.6445849252136189,1.6446533031642003,2.697209501587334,2.6969046656163727,2.6969046656590354,2.697209501648881,1.7058998673906278,1.7057771277324343,1.7057771277324343,1.7058998673906278,0.44730034926041734,0.44732196398266105,0.44732196398266105,0.44730034926041734
1.6446528938977492,1.644584516298415,1.6445845162984156,1.6446528938977496,2.6972094965872175,2.6969046629534157,2.6969046629960785,2.6972094966487346,1.705899752109957,1.7057770126259029,1.7057770126259029,1.705899752109957,0.4473003858760324,0.447322000265206,0.447322000265206,0.4473003858760324
1.644651417643465,1.6445830393731393,1.6445830393731395,1.6446514176434652,2.69721044878246,2.6969056116842958,2.696905611726949,2.6972104488439967,1.7059000891868636,1.7057773493819757,1.7057773493819757,1.7059000891868636,0.4473007187551792,0.44732233284681333,0.44732233284681333,0.4473007187551792
1.6446541863918884,1.644585809026334,1.6445858090263348,1.6446541863918887,2.6972091061229184,2.696904273365562,2.6969042734082285,2.697209106184407,1.7058996818249366,1.7057769416956399,1.7057769416956399,1.7058996818249366,0.44730018849191844,0.447321804401615,0.447321804401615,0.44730018849191844
1.6446528575938832,1.6445844799837595,1.6445844799837601,1.6446528575938837,2.6972096821747416,2.6969048486163447,2.696904848659008,2.697209682236254,1.7058994822318734,1.705776740980278,1.705776740980278,1.7058994822318734,0.4473004309428393,0.44732204814645454,0.44732204814645454,0.4473004309428393
1.6446517115118602,1.6445833335875886,1.6445833335875892,1.6446517115118604,2.6972103055163124,2.696905470455306,2.696905470497965,2.697210305577811,1.705900046743242,1.7057773057988377,1.7057773057988377,1.705900046743242,0.44730066008575337,0.4473222760522828,0.4473222760522828,0.44730066008575337
1.644651459911897,1.6445830819692613,1.6445830819692615,1.6446514599118973,2.697210432692927,2.696905597620133,2.696905597662789,2.6972104327544293,1.7059000740887151,1.705777334155154,1.705777334155154,1.7059000740887151,0.4473007115907411,0.4473223259153717,0.4473223259153717,0.4473007115907411
1.644651321283794,1.6445829434038468,1.644582943403847,1.6446513212837945,2.697210497104747,2.6969056624747103,2.69690566251737,2.6972104971662336,1.7059000984702852,1.7057773588195417,1.7057773588195417,1.7059000984702852,0.44730073742854687,0.44732235123044684,0.44732235123044684,0.44730073742854687
1.6446517513889658,1.644583373470173,1.6445833734701734,1.6446517513889658,2.697210281591525,2.696905446612967,2.6969054466556286,2.6972102816530645,1.7059000474321,1.7057773078073275,1.7057773078073275,1.7059000474321,0.44730065354110726,0.4473222675256443,0.4473222675256443,0.44730065354110726
1.6446514063823325,1.6445830284446958,1.6445830284446965,1.644651406382333,2.697210467030489,2.6969056320238636,2.696905632066522,2.6972104670919803,1.705900068872233,1.705777327729221,1.705777327729221,1.705900068872233,0.4473007221380009,0.44732233828034357,0.44732233828034357,0.4473007221380009
1.6446535422988406,1.6445851648424754,1.6445851648424759,1.644653542298841,2.697209388499228,2.696904555517769,2.6969045555604385,2.697209388560744,1.7058998246393977,1.7057770853493817,1.7057770853493817,1.7058998246393977,0.4473003058631111,0.44732192016247674,0.44732192016247674,0.4473003058631111
1.6446519884622846,1.6445836106970209,1.6445836106970215,1.6446519884622848,2.69721018933718,2.69690535526004,2.696905355302707,2.6972101893987226,1.7058999746920682,1.705777235183969,1.705777235183969,1.7058999746920682,0.4473006136585059,0.44732222758413737,0.44732222758413737,0.4473006136585059
1.6446515435847777,1.6445831658394099,1.6445831658394103,1.6446515435847782,2.6972101420745482,2.696905308127933,2.6969053081705963,2.697210142136037,1.7058999648893534,1.7057772255382333,1.7057772255382333,1.7058999648893534,0.4473006409777888,0.4473222544790178,0.4473222544790178,0.4473006409777888
1.6446522457425559,1.6445838677675668,1.6445838677675673,1.6446522457425563,2.697209892039282,2.6969050563707953,2.696905056413453,2.697209892100791,1.7058997159868394,1.7057769758515136,1.7057769758515136,1.7058997159868394,0.4473005263211248,0.44732214141540405,0.44732214141540405,0.4473005263211248
1.6446518293056698,1.6445834513125661,1.6445834513125666,1.6446518293056702,2.6972102564097242,2.696905420853179,2.6969054208958356,2.6972102564712337,1.7059000164358822,1.7057772757797094,1.7057772757797094,1.7059000164358822,0.4473006405695808,0.447322256167614,0.447322256167614,0.4473006405695808
1.6446524790283659,1.6445841014046834,1.6445841014046838,1.644652479028366,2.6972099763604827,2.6969051428115183,2.696905142854176,2.6972099764219633,1.705899862175825,1.7057771219587001,1.7057771219587001,1.705899862175825,0.44730052477866034,0.4473221400653526,0.4473221400653526,0.44730052477866034
1.6446530309099654,1.644584653333733,1.6445846533337336,1.6446530309099654,2.697209657692811,2.696904824228299,2.6969048242709657,2.697209657754327,1.7058998652891304,1.7057771255328387,1.7057771255328387,1.7058998652891304,0.44730040739168214,0.44732202217622796,0.44732202217622796,0.44730040739168214
1.6446531312856114,1.6445847534880333,1.644584753488034,1.6446531312856114,2.697209435186191,2.696904600177757,2.6969046002204102,2.6972094352477045,1.7058996308649785,1.7057768912888012,1.7057768912888012,1.7058996308649785,0.44730035148173314,0.4473219661743532,0.4473219661743532,0.44730035148173314
1.644651413114428,1.6445830353207982,1.644583035320799,1.6446514131144285,2.6972102190007923,2.696905384825789,2.696905384868452,2.6972102190622733,1.7058999623446818,1.705777222517629,1.705777222517629,1.7058999623446818,0.44730066716317374,0.4473222813274835,0.4473222813274835,0.44730066716317374
1.6446514543410722,1.6445830763929015,1.644583076392902,1.6446514543410724,2.697210635186362,2.6969058001794117,2.696905800222032,2.697210635247857,1.7058997479358873,1.7057770062598243,1.7057770062598243,1.7058997479358873,0.44730075633419875,0.4473223737040285,0.4473223737040285,0.44730075633419875
1.6446527586122526,1.644584380609632,1.6445843806096325,1.644652758612253,2.6972097749388992,2.696904938860732,2.696904938903391,2.697209775000421,1.7058999316964283,1.7057771925965206,1.7057771925965206,1.7058999316964283,0.4473004548556245,0.44732206844999006,0.44732206844999006,0.4473004548556245
1.6446510129355683,1.6445826349609018,1.6445826349609025,1.644651012935569,2.6972106645596883,2.696905829522453,2.696905829565111,2.6972106646211795,1.7059001149025308,1.70577737500913,1.70577737500913,1.7059001149025308,0.4473007987977549,0.44732241282829227,0.44732241282829227,0.4473007987977549
1.644652102501395,1.6445837248225028,1.6445837248225033,1.6446521025013954,2.697209900215008,2.696905066440194,2.6969050664828553,2.6972099002764907,1.7058998358931152,1.7057770962756609,1.7057770962756609,1.7058998358931152,0.44730053887419935,0.44732215306697,0.44732215306697,0.44730053887419935
1.6446529884481675,1.644584610944615,1.6445846109446156,1.644652988448168,2.6972094446677453,2.6969046115347353,2.6969046115773954,2.6972094447292174,1.705899748831584,1.7057770094949927,1.7057770094949927,1.705899748831584,0.44730036247049254,0.44732197665127543,0.44732197665127543,0.44730036247049254
1.644651759646054,1.644583381838349,1.6445833818383495,1.6446517596460541,2.697210336534854,2.6969055021890322,2.696905502231693,2.697210336596334,1.70589994934058,1.7057772095137351,1.7057772095137351,1.70589994934058,0.4473006640850934,0.4473222783888035,0.4473222783888035,0.4473006640850934
1.644651488209847,1.6445831102016233,1.6445831102016233,1.6446514882098473,2.6972106748822187,2.6969058396217838,2.6969058396644137,2.697210674943751,1.7058996513811011,1.705776909013546,1.705776909013546,1.7058996513811011,0.4473007624684142,0.44732238092212057,0.44732238092212057,0.4473007624684142
1.6446529325007697,1.6445845549253335,1.644584554925334,1.6446529325007702,2.6972096864554063,2.6969048529491286,2.6969048529917923,2.697209686516882,1.7058999110866329,1.705777171869127,1.705777171869127,1.7058999110866329,0.44730042015958,0.4473220340255774,0.4473220340255774,0.44730042015958
1.6446577436779586,1.64458936685271,1.644589366852711,1.6446577436779588,2.6972074582324965,2.696902627195047,2.6969026272376992,2.697207458293979,1.705899036185191,1.705776294144714,1.705776294144714,1.705899036185191,0.44729952254401684,0.44732114327727635,0.44732114327727635,0.44729952254401684
1.6446561321494857,1.6445877552429369,1.6445877552429373,1.6446561321494857,2.697207914702761,2.6969030837909016,2.696903083833569,2.6972079147642325,1.7058992966985345,1.7057765577597346,1.7057765577597346,1.7058992966985345,0.44729976185734804,0.44732137694990837,0.44732137694990837,0.44729976185734804
1.6446529821795048,1.6445846042833774,1.6445846042833776,1.644652982179505,2.6972096717924448,2.696904836333584,2.6969048363762194,2.697209671853932,1.7058993860948066,1.7057766418739262,1.7057766418739262,1.7058993860948066,0.447300412302083,0.4473220342527665,0.4473220342527665,0.447300412302083
1.6446508913181992,1.6445825133357037,1.6445825133357044,1.6446508913181996,2.6972105270292857,2.696905691975299,2.696905692017961,2.6972105270907725,1.705899949361366,1.7057772094685062,1.7057772094685062,1.705899949361366,0.4473007781096481,0.44732239214184427,0.44732239214184427,0.4473007781096481
1.6446510111294401,1.6445826332062075,1.644582633206208,1.6446510111294406,2.697210713520944,2.6969058788316707,2.6969058788743254,2.69721071358242,1.705900036623164,1.7057772957696866,1.7057772957696866,1.705900036623164,0.44730080862169463,0.4473224241719294,0.4473224241719294,0.44730080862169463
1.644653647651471,1.6445852700389623,1.644585270038963,1.6446536476514717,2.697209425509151,2.6969045915055063,2.69690459154817,2.697209425570642,1.7058996665994806,1.7057769268164296,1.7057769268164296,1.7058996665994806,0.4473003024582791,0.4473219175934688,0.4473219175934688,0.4473003024582791
1.6446508674077696,1.6445824891172292,1.6445824891172298,1.64465086740777,2.697210519227728,2.696905682242029,2.6969056822846706,2.697210519289251,1.7058999866780755,1.7057772466550891,1.7057772466550891,1.7058999866780755,0.44730077713325334,0.44732239144537983,0.44732239144537983,0.44730077713325334
1.6446518056771822,1.6445834274891205,1.6445834274891207,1.6446518056771822,2.697210214728708,2.6969053780042773,2.6969053780469086,2.6972102147902106,1.7058996041300063,1.7057768605233525,1.7057768605233525,1.7058996041300063,0.4473006301763205,0.4473222506060695,0.4473222506060695,0.4473006301763205
1.644650928985528,1.644582550936752,1.6445825509367527,1.644650928985529,2.6972104961134713,2.6969056606251307,2.6969056606677912,2.6972104961749666,1.7058999651439868,1.7057772252131975,1.7057772252131975,1.7058999651439868,0.44730076753064324,0.4473223816308955,0.4473223816308955,0.44730076753064324
1.6446527625734628,1.6445843849012156,1.644584384901216,1.644652762573463,2.6972098424443,2.6969050084564183,2.696905008499075,2.6972098425057727,1.705899816121163,1.7057770763145863,1.7057770763145863,1.705899816121163,0.44730046783055827,0.44732208259859285,0.44732208259859285,0.44730046783055827
1.6446530952995009,1.644584717823488,1.6445847178234885,1.6446530952995013,2.697209618260745,2.6969047852835137,2.6969047853261765,2.6972096183221987,1.7058998696118417,1.7057771301191857,1.7057771301191857,1.7058998696118417,0.4473003903418019,0.4473220047175306,0.4473220047175306,0.4473003903418019
1.6446566107656961,1.644588233724281,1.6445882337242819,1.6446566107656964,2.6972078466587655,2.696903014764771,2.696903014807419,2.697207846720224,1.7058989612119022,1.7057762176969076,1.7057762176969076,1.7058989612119022,0.44729970254400214,0.4473213250891557,0.4473213250891557,0.44729970254400214
1.6446539657860186,1.6445855883169196,1.64458558831692,1.644653965786019,2.697209063012133,2.6969042296899635,2.6969042297326213,2.6972090630736116,1.705899455449331,1.7057767148481378,1.7057767148481378,1.705899455449331,0.447300196196817,0.44732181286764655,0.44732181286764655,0.447300196196817
1.6446561249293892,1.6445877480388584,1.6445877480388589,1.6446561249293894,2.6972081076933727,2.696903276874576,2.696903276917244,2.697208107754811,1.7058994933524159,1.705776754978965,1.705776754978965,1.7058994933524159,0.4472998016617851,0.44732141574014345,0.44732141574014345,0.4472998016617851
1.6446523688497112,1.6445839910950237,1.6445839910950235,1.6446523688497112,2.697210009263205,2.6969051750616444,2.696905175104311,2.6972100093247247,1.705899913384844,1.7057771736616467,1.7057771736616467,1.705899913384844,0.44730053730578395,0.44732215171212775,0.44732215171212775,0.44730053730578395
1.644652195012564,1.6445838173611402,1.6445838173611407,1.644652195012564,2.6972100566001322,2.6969052230600643,2.69690522310273,2.697210056661627,1.705899998613845,1.7057772592831906,1.7057772592831906,1.705899998613845,0.44730056248990685,0.44732217618431486,0.44732217618431486,0.44730056248990685
1.644654737335883,1.644586360120685,1.6445863601206854,1.6446547373358835,2.697208586962752,2.6969037548019936,2.6969037548446617,2.697208587024219,1.7058995090726952,1.7057767694091774,1.7057767694091774,1.7058995090726952,0.44730002455730006,0.44732164003939545,0.44732164003939545,0.44730002455730006
1.6446520314852744,1.6445836534909741,1.6445836534909748,1.6446520314852744,2.6972102197876513,2.6969053841579678,2.6969053842006194,2.6972102198491417,1.7058998871179407,1.7057771464510811,1.7057771464510811,1.7058998871179407,0.44730061243595154,0.44732222819098183,0.44732222819098183,0.44730061243595154
1.64465097783634,1.6445825998483647,1.6445825998483652,1.6446509778363407,2.6972107727002466,2.696905937631752,2.696905937674399,2.697210772761715,1.7058999716122023,1.7057772310124102,1.7057772310124102,1.7058999716122023,0.4473008228547866,0.4473224380635932,0.4473224380635932,0.4473008228547866
1.6446564789386096,1.644588101614517,1.6445881016145176,1.64465647893861,2.6972083606080552,2.6969035271222546,2.6969035271649173,2.6972083606695376,1.7058992540380336,1.7057765138336753,1.7057765138336753,1.7058992540380336,0.4472998281000736,0.4473214452358024,0.4473214452358024,0.4472998281000736
1.6446510588758223,1.6445826808050887,1.6445826808050892,1.6446510588758225,2.697210689098275,2.6969058534969608,2.696905853539613,2.697210689159771,1.70590003324497,1.7057772918297098,1.7057772918297098,1.70590003324497,0.4473007971274802,0.44732241357145686,0.44732241357145686,0.4473007971274802
1.6446512320742193,1.644582854169031,1.6445828541690315,1.644651232074219,2.69721057111183,2.69690573649221,2.6969057365348745,2.6972105711733305,1.705900062413169,1.705777322699568,1.705777322699568,1.705900062413169,0.4473007562939732,0.44732237013394616,0.44732237013394616,0.4473007562939732
1.644655890950919,1.6445875139352613,1.6445875139352617,1.6446558909509192,2.697208477438015,2.69690364604028,2.6969036460829483,2.697208477499454,1.7058996140873877,1.7057768754872311,1.7057768754872311,1.7058996140873877,0.44729990083581284,0.4473215150845457,0.4473215150845457,0.44729990083581284
1.644651104829444,1.6445827268412492,1.6445827268412496,1.644651104829444,2.6972106707127566,2.69690583559993,2.696905835642588,2.6972106707742376,1.7059000197231258,1.7057772782411587,1.7057772782411587,1.7059000197231258,0.447300789304848,0.4473224058375003,0.4473224058375003,0.447300789304848
1.6446540378610992,1.6445856601976896,1.6445856601976903,1.6446540378610992,2.6972092350649555,2.696904400603753,2.696904400646415,2.6972092351264743,1.7058996124230406,1.7057768722213846,1.7057768722213846,1.7058996124230406,0.44730022670381986,0.4473218426903429,0.4473218426903429,0.44730022670381986
1.6446516595721592,1.6445832816914838,1.6445832816914843,1.6446516595721596,2.6972105899736096,2.6969057555623848,2.6969057556050577,2.6972105900351915,1.7059001350399645,1.7057773951390363,1.7057773951390363,1.7059001350399645,0.44730072340788535,0.44732233770738145,0.44732233770738145,0.44730072340788535
1.6446546805001272,1.6445863032210764,1.6445863032210768,1.6446546805001276,2.6972088527571447,2.696904020280901,2.6969040203235677,2.697208852818607,1.7058996330316143,1.705776893287078,1.705776893287078,1.7058996330316143,0.4473000868025376,0.44732170231374774,0.44732170231374774,0.4473000868025376
1.6446538879085388,1.6445855104523492,1.6445855104523495,1.644653887908539,2.6972094508260867,2.6969046177226437,2.696904617765315,2.6972094508875695,1.7058999045248195,1.7057771656835765,1.7057771656835765,1.7058999045248195,0.44730028422492646,0.4473218978726322,0.4473218978726322,0.44730028422492646
1.644652744615544,1.644584366695827,1.6445843666958269,1.6446527446155443,2.6972111136508947,2.6969062785008475,2.696906278543456,2.697211113712352,1.7058997739187884,1.705777030759951,1.705777030759951,1.7058997739187884,0.4473007481938827,0.44732236836340994,0.44732236836340994,0.4473007481938827
1.6446541100418914,1.6445857325068531,1.6445857325068534,1.6446541100418919,2.6972095831202307,2.696904749431149,2.6969047494738145,2.697209583181695,1.7058999853362025,1.7057772462477956,1.7057772462477956,1.7058999853362025,0.4473002927992799,0.44732190686953566,0.44732190686953566,0.4473002927992799
1.6446550055847433,1.6445866282913442,1.6445866282913446,1.6446550055847435,2.6972092280635773,2.696904395526865,2.696904395569523,2.6972092281250495,1.7058997235113167,1.7057769839523045,1.7057769839523045,1.7058997235113167,0.4473001407430716,0.4473217561168861,0.4473217561168861,0.4473001407430716
1.6446513287946982,1.644582950883044,1.6445829508830447,1.6446513287946987,2.6972110103928952,2.6969061757435795,2.6969061757862396,2.6972110104543567,1.7059002630899391,1.7057775232440644,1.7057775232440644,1.7059002630899391,0.4473008430084836,0.44732245697736384,0.44732245697736384,0.4473008430084836
1.6446600366348216,1.6445916592476715,1.6445916592476721,1.6446600366348219,2.6972074375364654,2.6969026020920994,2.6969026021347613,2.6972074375979846,1.7058994451547729,1.7057767069507646,1.7057767069507646,1.7058994451547729,0.44729931845111204,0.4473209338434749,0.4473209338434749,0.44729931845111204
1.644653959795682,1.644585582230393,1.6445855822303936,1.6446539597956824,2.6972101904957904,2.696905356908513,2.6969053569511767,2.6972101905572656,1.7059001426999223,1.7057774029917208,1.7057774029917208,1.7059001426999223,0.44730043797832475,0.44732205287976984,0.44732205287976984,0.44730043797832475
1.6446521432511418,1.6445837650959552,1.6445837650959554,1.6446521432511425,2.6972103818286355,2.6969055452142947,2.6969055452569526,2.69721038189014,1.7059000234767443,1.7057772826673165,1.7057772826673165,1.7059000234767443,0.44730063630289363,0.447322252200208,0.447322252200208,0.44730063630289363
1.644658769135316,1.6445903920793823,1.6445903920793825,1.6446587691353163,2.69720798577161,2.696903152985363,2.6969031530280345,2.697207985833083,1.7058997368833724,1.7057769990309724,1.7057769990309724,1.7058997368833724,0.4472995448106389,0.44732115898639047,0.44732115898639047,0.4472995448106389
1.644651509934081,1.6445831319022715,1.6445831319022717,1.6446515099340815,2.697211160813476,2.6969063254070598,2.69690632544972,2.6972111608749514,1.7059003527079444,1.7057776128456499,1.7057776128456499,1.7059003527079444,0.44730085953976023,0.44732247355397153,0.44732247355397153,0.44730085953976023
1.6446533508101697,1.6445849727474515,1.6445849727474522,1.64465335081017,2.697211886818503,2.6969070509835293,2.696907051026184,2.697211886879988,1.7058999606280465,1.7057772154551125,1.7057772154551125,1.7058999606280465,0.44730086443752687,0.44732248754485954,0.44732248754485954,0.44730086443752687
1.644654888804328,1.6445865113613527,1.6445865113613527,1.6446548888043286,2.697209320339113,2.6969044869681498,2.6969044870108148,2.6972093204005967,1.7058996831520672,1.7057769428516414,1.7057769428516414,1.7058996831520672,0.44730017063456734,0.447321787059122,0.447321787059122,0.44730017063456734
1.6446613864703818,1.644593009937901,1.6445930099379016,1.644661386470382,2.697206106913681,2.696901276108381,2.6969012761510056,2.697206106975174,1.705898330553373,1.7057755870837439,1.7057755870837439,1.705898330553373,0.4472989152629489,0.44732054018889167,0.44732054018889167,0.4472989152629489
1.6446553691130943,1.6445869917789915,1.644586991778992,1.6446553691130945,2.697209251152742,2.6969044182131956,2.696904418255864,2.6972092512142027,1.705899850214406,1.7057771105075612,1.7057771105075612,1.705899850214406,0.4473001130139097,0.44732172861025415,0.44732172861025415,0.4473001130139097
1.644661155074373,1.6445927785755667,1.644592778575567,1.6446611550743733,2.6972079093008188,2.6969030791428588,2.696903079185525,2.697207909362242,1.7058996380712346,1.7057768992754012,1.7057768992754012,1.7058996380712346,0.44729932610196527,0.44732094279765544,0.44732094279765544,0.44729932610196527
1.6446541383896789,1.644585760642967,1.644585760642967,1.644654138389679,2.697211372863823,2.6969065384106408,2.696906538453304,2.697211372925282,1.7059005664359532,1.705777825783662,1.705777825783662,1.7059005664359532,0.447300679954009,0.4473222961213995,0.4473222961213995,0.447300679954009
1.6446518042260558,1.6445834263169086,1.644583426316909,1.644651804226056,2.6972112627403177,2.6969064280424315,2.6969064280850956,2.69721126280177,1.7059004146904135,1.70577767478621,1.70577767478621,1.7059004146904135,0.44730085360409894,0.4473224677381106,0.4473224677381106,0.44730085360409894
1.6446529064431572,1.644584528415935,1.6445845284159353,1.6446529064431576,2.6972119434275377,2.6969071078276956,2.6969071078703606,2.6972119434890143,1.7059007914424686,1.7057780507392928,1.7057780507392928,1.7059007914424686,0.44730090860706195,0.44732252422058977,0.44732252422058977,0.44730090860706195
1.64465828543613,1.6445899081085624,1.6445899081085629,1.64465828543613,2.6972102905140662,2.6969054570577335,2.6969054571004,2.6972102905755446,1.7058999554007652,1.7057772127160042,1.7057772127160042,1.7058999554007652,0.4473000925751651,0.4473217138529837,0.4473217138529837,0.4473000925751651
1.644652043981465,1.6445836658614705,1.6445836658614714,1.6446520439814651,2.697211450487189,2.696906614439582,2.696906614482238,2.6972114505486515,1.7059003884174309,1.7057776480254432,1.7057776480254432,1.7059003884174309,0.44730087422315756,0.4473224892348265,0.4473224892348265,0.44730087422315756
1.6446567313668279,1.6445883540186774,1.6445883540186779,1.6446567313668279,2.697209514319194,2.696904680906665,2.6969046809493338,2.6972095143806674,1.7059001609715048,1.7057774220324444,1.7057774220324444,1.7059001609715048,0.4473000515142456,0.44732166632209464,0.44732166632209464,0.4473000515142456
1.6446603148590933,1.644591937853949,1.6445919378539495,1.6446603148590933,2.697208668668439,2.696903835838939,2.696903835881606,2.697208668729907,1.7059001980064412,1.7057774600285391,1.7057774600285391,1.7059001980064412,0.4472995605851491,0.4473211753656626,0.4473211753656626,0.4472995605851491
1.644652675083682,1.6445842972232727,1.6445842972232732,1.6446526750836823,2.6972117567918925,2.6969069221979542,2.696906922240618,2.697211756853336,1.7059008084136418,1.7057780685674166,1.7057780685674166,1.7059008084136418,0.4473008866139973,0.44732250081829794,0.44732250081829794,0.4473008866139973
1.644656923793404,1.6445885465531553,1.6445885465531556,1.6446569237934048,2.6972103999669237,2.6969055674145053,2.6969055674571702,2.69721040002838,1.7059005505374867,1.705777811100433,1.705777811100433,1.7059005505374867,0.4473002281267925,0.44732184362030997,0.44732184362030997,0.4473002281267925
1.6446533573822948,1.644584979335965,1.6445849793359657,1.6446533573822952,2.6972121718957314,2.696907336101636,2.6969073361443012,2.6972121719572213,1.7059010044981,1.7057782641171966,1.7057782641171966,1.7059010044981,0.44730091880692296,0.4473225340068964,0.4473225340068964,0.44730091880692296
1.6446544780404786,1.6445861001688666,1.644586100168867,1.6446544780404793,2.697213100536204,2.6969082656913326,2.6969082657339865,2.697213100597668,1.705901461943376,1.7057787208328747,1.7057787208328747,1.705901461943376,0.44730102483025935,0.4473226414519309,0.4473226414519309,0.44730102483025935
1.6446572713002998,1.6445888939885425,1.6445888939885427,1.6446572713003003,2.697209156419862,2.696904323025073,2.6969043230677134,2.6972091564813065,1.705899229266334,1.7057764858325248,1.7057764858325248,1.705899229266334,0.44729992924201695,0.44732155175367067,0.44732155175367067,0.44729992924201695
1.6446635157143148,1.644595137799959,1.6445951377999593,1.6446635157143155,2.6972065275376162,2.6969016881270282,2.696901688169629,2.6972065275992008,1.7058976870340234,1.7057749136589808,1.7057749136589808,1.7058976870340234,0.4472987890077774,0.447320460944932,0.447320460944932,0.4472987890077774
1.6446580544332345,1.6445896768323438,1.644589676832344,1.6446580544332348,2.6972095520643022,2.6969047168062796,2.6969047168488576,2.697209552125715,1.7058988635641508,1.705776110459333,1.705776110459333,1.7058988635641508,0.4472999353291773,0.4473215734653292,0.4473215734653292,0.4472999353291773
1.6446676468616181,1.64459927110451,1.6445992711045105,1.6446676468616181,2.6972087536666667,2.6969039260414673,2.696903926084143,2.697208753728071,1.7059012488687515,1.705778512297077,1.705778512297077,1.7059012488687515,0.4472989470662678,0.44732056219006405,0.44732056219006405,0.4472989470662678
1.6446605287673166,1.644592151640753,1.6445921516407533,1.644660528767317,2.6972129111115173,2.6969080782761616,2.6969080783187063,2.6972129111728558,1.705902147669579,1.705779408067624,1.705779408067624,1.705902147669579,0.44730046144592617,0.44732207852081685,0.44732207852081685,0.44730046144592617
1.6446715748488323,1.6446031996482826,1.644603199648283,1.6446715748488328,2.697207977768896,2.6969031520145292,2.6969031520572115,2.697207977830256,1.705901354042959,1.705778618451306,1.705778618451306,1.705901354042959,0.4472984344508903,0.44732004955809634,0.44732004955809634,0.4472984344508903
1.644699835187116,1.6446314634346118,1.644631463434612,1.6446998351871163,2.6971995525462917,2.6968947356826183,2.6968947357251833,2.6971995526071146,1.7059002267675836,1.705777497274738,1.705777497274738,1.7059002267675836,0.4472940789779501,0.44731569699069657,0.44731569699069657,0.4472940789779501
1.644662394186129,1.6445940169108677,1.6445940169108682,1.6446623941861296,2.6972119271155717,2.6969070928649623,2.696907092907619,2.697211927177016,1.705901501210504,1.7057787609554664,1.7057787609554664,1.705901501210504,0.4473000888907759,0.4473217073400264,0.4473217073400264,0.4473000888907759
1.6446729027863822,1.6446045270617995,1.6446045270617997,1.644672902786383,2.6972103784558636,2.6969055497193546,2.6969055497620125,2.6972103785170303,1.7059022537702828,1.7057795174459014,1.7057795174459014,1.7059022537702828,0.44729879674566664,0.4473204128238572,0.4473204128238572,0.44729879674566664
