Unnamed: 0.1,Unnamed: 0,Time / s,Vo:Measured voltage,IL:Measured current,Vin:Measured voltage,open1_time,open2_time,open3,open4,short1_time,short2_time,short3,short4,OPEN,SHORT
0,0,1.1190751162431398,405.57303,-3.0979433,-46.813953,0,0,0,0,0,0,0,0,0,0
1,1,1.11908,406.17914,-2.9531102,-76.75168,0,0,0,0,0,0,0,0,0,0
2,2,1.1191,404.56122,-2.4581404,-64.01077,0,0,0,0,0,0,0,0,0,0
3,3,1.11912,407.72574,-3.252259,-69.781746,0,0,0,0,0,0,0,0,0,0
4,4,1.11914,407.11984,-4.2582154,-72.86923,0,0,0,0,0,0,0,0,0,0
5,5,1.11916,404.78967,-3.4734194,-81.90102,0,0,0,0,0,0,0,0,0,0
6,6,1.1191799999999998,404.70404,-3.0429564,-87.818695,0,0,0,0,0,0,0,0,0,0
7,7,1.1192,404.0,-2.0869384,-54.866104,0,0,0,0,0,0,0,0,0,0
8,8,1.11922,404.80917,-3.0748649,-53.948204,0,0,0,0,0,0,0,0,0,0
9,9,1.11924,402.60156,-3.2295785,-43.706062,0,0,0,0,0,0,0,0,0,0
10,10,1.11926,403.61618,-2.8559325,-18.765095,0,0,0,0,0,0,0,0,0,0
11,11,1.11928,404.15494,-2.818917,-101.8146,0,0,0,0,0,0,0,0,0,0
12,12,1.1193,403.66412,-2.4743564,-74.91444,0,0,0,0,0,0,0,0,0,0
13,13,1.11932,402.2324,-2.7978203,-46.945873,0,0,0,0,0,0,0,0,0,0
14,14,1.11934,403.73282,-2.2502923,-116.88248,0,0,0,0,0,0,0,0,0,0
15,15,1.11936,403.48865,-4.3134756,-85.839554,0,0,0,0,0,0,0,0,0,0
16,16,1.11938,403.5924,0.06402826,-115.24169,0,0,0,0,0,0,0,0,0,0
17,17,1.1194,403.5268,-3.2175064,-48.709908,0,0,0,0,0,0,0,0,0,0
18,18,1.11942,404.344,-3.0539978,-56.2148,0,0,0,0,0,0,0,0,0,0
19,19,1.11944,404.49774,-3.0036876,-70.62278,0,0,0,0,0,0,0,0,0,0
20,20,1.11946,404.98486,-2.9372926,-97.846794,0,0,0,0,0,0,0,0,0,0
21,21,1.11948,402.79205,-3.5050359,-33.999413,0,0,0,0,0,0,0,0,0,0
22,22,1.1195,402.2991,-2.6439924,-70.515656,0,0,0,0,0,0,0,0,0,0
23,23,1.1195199999999998,402.7482,-4.8807597,-69.88477,0,0,0,0,0,0,0,0,0,0
24,24,1.11954,401.74515,-2.3635993,-36.05252,0,0,0,0,0,0,0,0,0,0
25,25,1.11956,402.34818,-0.0058227777,-78.079926,0,0,0,0,0,0,0,0,0,0
26,26,1.11958,401.2676,-1.4614011,-66.681625,0,0,0,0,0,0,0,0,0,0
27,27,1.1196,401.24222,-1.0839914,-76.29729,0,0,0,0,0,0,0,0,0,0
28,28,1.11962,400.07242,-1.3739188,-26.193583,0,0,0,0,0,0,0,0,0,0
29,29,1.11964,401.38885,-1.9222705,-28.15493,0,0,0,0,0,0,0,0,0,0
30,30,1.11966,400.4461,-3.7226746,-63.97097,0,0,0,0,0,0,0,0,0,0
31,31,1.11968,401.75577,-1.7336731,-34.744293,0,0,0,0,0,0,0,0,0,0
32,32,1.1197,401.1063,-2.0820105,-70.74115,0,0,0,0,0,0,0,0,0,0
33,33,1.11972,401.279,-0.8838193,1.8138676,0,0,0,0,0,0,0,0,0,0
34,34,1.11974,400.9239,0.6810739,-50.972366,0,0,0,0,0,0,0,0,0,0
35,35,1.11976,401.36395,-0.14000934,-39.12586,0,0,0,0,0,0,0,0,0,0
36,36,1.11978,403.57367,-0.18115467,6.6195793,0,0,0,0,0,0,0,0,0,0
37,37,1.1198,400.4342,0.56048846,-2.2321663,0,0,0,0,0,0,0,0,0,0
38,38,1.11982,401.36288,-1.0411253,15.601065,0,0,0,0,0,0,0,0,0,0
39,39,1.11984,399.23972,0.27796733,-31.052715,0,0,0,0,0,0,0,0,0,0
40,40,1.11986,398.4801,-0.31622377,27.239845,0,0,0,0,0,0,0,0,0,0
41,41,1.11988,398.81656,-1.0164049,14.896158,0,0,0,0,0,0,0,0,0,0
42,42,1.1199,400.18878,1.5333219,-38.11854,0,0,0,0,0,0,0,0,0,0
43,43,1.11992,398.42276,0.6281911,-28.077139,0,0,0,0,0,0,0,0,0,0
44,44,1.11994,400.1026,1.9642644,-20.586525,0,0,0,0,0,0,0,0,0,0
45,45,1.1199599999999998,400.32153,-1.5150048,4.128576,0,0,0,0,0,0,0,0,0,0
46,46,1.11998,399.80106,-1.955919,15.096232,0,0,0,0,0,0,0,0,0,0
47,47,1.12,397.46356,-0.751809,19.686487,0,0,0,0,0,0,0,0,0,0
48,48,1.12002,400.35696,0.1384188,15.9587555,0,0,0,0,0,0,0,0,0,0
49,49,1.12004,399.43857,-0.17374727,-1.1498046,0,0,0,0,0,0,0,0,0,0
50,50,1.12006,400.83063,-1.2611511,41.621323,0,0,0,0,0,0,0,0,0,0
51,51,1.12008,400.26123,-0.6932321,-26.322996,0,0,0,0,0,0,0,0,0,0
52,52,1.1201,399.29608,0.45863432,2.9689927,0,0,0,0,0,0,0,0,0,0
53,53,1.12012,397.8963,2.3790596,71.95534,0,0,0,0,0,0,0,0,0,0
54,54,1.12014,395.40833,0.82915795,62.68099,0,0,0,0,0,0,0,0,0,0
55,55,1.12016,398.2703,0.4043795,-12.327479,0,0,0,0,0,0,0,0,0,0
56,56,1.12018,397.11905,2.702017,5.1982574,0,0,0,0,0,0,0,0,0,0
57,57,1.1202,397.54886,0.42277795,52.043327,0,0,0,0,0,0,0,0,0,0
58,58,1.12022,396.7527,0.28210723,55.30024,0,0,0,0,0,0,0,0,0,0
59,59,1.12024,397.7774,1.1041938,-2.5149403,0,0,0,0,0,0,0,0,0,0
60,60,1.12026,399.27847,1.453263,84.369286,0,0,0,0,0,0,0,0,0,0
61,61,1.12028,395.26163,0.90025496,29.500082,0,0,0,0,0,0,0,0,0,0
62,62,1.1203,397.23178,2.1734247,14.479688,0,0,0,0,0,0,0,0,0,0
63,63,1.12032,398.378,1.4468439,59.69492,0,0,0,0,0,0,0,0,0,0
64,64,1.12034,396.6618,-1.3027731,1.3459721,0,0,0,0,0,0,0,0,0,0
65,65,1.12036,396.02408,2.303857,30.25953,0,0,0,0,0,0,0,0,0,0
66,66,1.12038,395.941,1.154352,-24.53215,0,0,0,0,0,0,0,0,0,0
67,67,1.1203999999999998,396.81012,0.3364004,35.214836,0,0,0,0,0,0,0,0,0,0
68,68,1.12042,396.12714,0.7254678,41.652473,0,0,0,0,0,0,0,0,0,0
69,69,1.12044,394.90744,1.5413091,39.776478,0,0,0,0,0,0,0,0,0,0
70,70,1.12046,396.78625,3.114337,34.68967,0,0,0,0,0,0,0,0,0,0
71,71,1.12048,394.55814,2.0383265,57.314865,0,0,0,0,0,0,0,0,0,0
72,72,1.1205,395.81622,0.8092159,54.230434,0,0,0,0,0,0,0,0,0,0
73,73,1.12052,396.59354,-0.009212017,42.120117,0,0,0,0,0,0,0,0,0,0
74,74,1.12054,393.72824,1.4041703,46.600357,0,0,0,0,0,0,0,0,0,0
75,75,1.12056,395.1814,2.6617742,17.043964,0,0,0,0,0,0,0,0,0,0
76,76,1.12058,395.92416,2.2563922,78.5394,0,0,0,0,0,0,0,0,0,0
77,77,1.1206,393.26144,2.520089,34.589165,0,0,0,0,0,0,0,0,0,0
78,78,1.12062,394.45053,2.5126007,38.20082,0,0,0,0,0,0,0,0,0,0
79,79,1.12064,393.98785,0.9409379,73.61488,0,0,0,0,0,0,0,0,0,0
80,80,1.12066,395.10556,2.1964016,121.89165,0,0,0,0,0,0,0,0,0,0
81,81,1.12068,392.1156,2.6180234,49.189102,0,0,0,0,0,0,0,0,0,0
82,82,1.1207,395.16498,1.8926404,88.14057,0,0,0,0,0,0,0,0,0,0
83,83,1.12072,394.2214,3.41151,64.79665,0,0,0,0,0,0,0,0,0,0
84,84,1.1207399999999998,394.51953,4.878102,96.5585,0,0,0,0,0,0,0,0,0,0
85,85,1.12076,395.21375,1.5725436,61.93899,0,0,0,0,0,0,0,0,0,0
86,86,1.12078,392.44815,5.044454,101.26245,0,0,0,0,0,0,0,0,0,0
87,87,1.1208,393.92392,2.4971652,84.402695,0,0,0,0,0,0,0,0,0,0
88,88,1.12082,393.94403,2.6942225,73.25395,0,0,0,0,0,0,0,0,0,0
89,89,1.12084,393.42432,1.2568243,81.94284,0,0,0,0,0,0,0,0,0,0
90,90,1.12086,394.1513,4.022706,74.90142,0,0,0,0,0,0,0,0,0,0
91,91,1.12088,392.8832,2.985172,121.30138,0,0,0,0,0,0,0,0,0,0
92,92,1.1209,391.63354,3.5190322,99.36276,0,0,0,0,0,0,0,0,0,0
93,93,1.12092,392.93286,1.8361591,63.91533,0,0,0,0,0,0,0,0,0,0
94,94,1.12094,392.5939,5.0739555,95.589096,0,0,0,0,0,0,0,0,0,0
95,95,1.12096,392.77444,4.247126,67.091354,0,0,0,0,0,0,0,0,0,0
96,96,1.12098,394.5632,4.8437204,64.766174,0,0,0,0,0,0,0,0,0,0
97,97,1.121,394.0858,4.468207,84.380226,0,0,0,0,0,0,0,0,0,0
98,98,1.12102,391.34915,4.089401,86.52745,0,0,0,0,0,0,0,0,0,0
99,99,1.12104,392.95425,5.330972,125.30843,0,0,0,0,0,0,0,0,0,0
100,100,1.12106,390.72775,3.5624447,122.94702,0,0,0,0,0,0,0,0,0,0
101,101,1.12108,390.05396,3.9602396,95.16038,0,0,0,0,0,0,0,0,0,0
102,102,1.1211,391.97757,4.7939034,125.607216,0,0,0,0,0,0,0,0,0,0
103,103,1.12112,391.53284,4.983522,106.91289,0,0,0,0,0,0,0,0,0,0
104,104,1.12114,389.9767,1.5040209,127.46238,0,0,0,0,0,0,0,0,0,0
105,105,1.12116,392.45468,4.9534845,100.35012,0,0,0,0,0,0,0,0,0,0
106,106,1.1211799999999998,392.0819,5.6459594,122.41946,0,0,0,0,0,0,0,0,0,0
107,107,1.1212,393.02887,7.1354685,82.30217,0,0,0,0,0,0,0,0,0,0
108,108,1.12122,390.1787,4.1655326,67.57614,0,0,0,0,0,0,0,0,0,0
109,109,1.12124,390.5954,4.265973,173.66019,0,0,0,0,0,0,0,0,0,0
110,110,1.12126,391.37894,5.0220294,126.30684,0,0,0,0,0,0,0,0,0,0
111,111,1.12128,390.14975,3.52656,97.23358,0,0,0,0,0,0,0,0,0,0
112,112,1.1213,389.67926,4.478498,115.83978,0,0,0,0,0,0,0,0,0,0
113,113,1.12132,390.71234,4.893394,117.90211,0,0,0,0,0,0,0,0,0,0
114,114,1.12134,390.8936,4.870405,123.761955,0,0,0,0,0,0,0,0,0,0
115,115,1.12136,388.35416,5.3467035,145.95883,0,0,0,0,0,0,0,0,0,0
116,116,1.12138,390.4548,5.2253346,136.95164,0,0,0,0,0,0,0,0,0,0
117,117,1.1214,389.26273,6.4666295,89.86525,0,0,0,0,0,0,0,0,0,0
118,118,1.12142,390.44266,6.378945,85.53955,0,0,0,0,0,0,0,0,0,0
119,119,1.12144,390.47662,5.1523056,113.52292,0,0,0,0,0,0,0,0,0,0
120,120,1.12146,388.67358,6.134744,65.35308,0,0,0,0,0,0,0,0,0,0
121,121,1.12148,388.4757,7.2463775,131.05484,0,0,0,0,0,0,0,0,0,0
122,122,1.1215,389.92758,5.597766,114.13229,0,0,0,0,0,0,0,0,0,0
123,123,1.12152,390.20132,6.6990805,153.8177,0,0,0,0,0,0,0,0,0,0
124,124,1.12154,388.713,7.338245,91.94654,0,0,0,0,0,0,0,0,0,0
125,125,1.12156,387.74564,6.3795443,165.9385,0,0,0,0,0,0,0,0,0,0
126,126,1.12158,387.05493,4.8986964,152.31746,0,0,0,0,0,0,0,0,0,0
127,127,1.1216,389.22467,5.710881,151.00531,0,0,0,0,0,0,0,0,0,0
128,128,1.1216199999999998,389.33356,5.965444,147.55688,0,0,0,0,0,0,0,0,0,0
129,129,1.12164,389.00226,7.3601084,139.86443,0,0,0,0,0,0,0,0,0,0
130,130,1.12166,389.76718,7.252635,151.22263,0,0,0,0,0,0,0,0,0,0
131,131,1.12168,388.99847,5.6116915,187.5818,0,0,0,0,0,0,0,0,0,0
132,132,1.1217,389.18222,7.1134324,193.65213,0,0,0,0,0,0,0,0,0,0
133,133,1.12172,390.5442,5.874469,172.48909,0,0,0,0,0,0,0,0,0,0
134,134,1.12174,388.17532,5.2374935,137.04883,0,0,0,0,0,0,0,0,0,0
135,135,1.12176,388.15845,6.12985,163.05637,0,0,0,0,0,0,0,0,0,0
136,136,1.12178,386.85922,7.154194,201.01572,0,0,0,0,0,0,0,0,0,0
137,137,1.1218,386.94858,7.0905347,184.96628,0,0,0,0,0,0,0,0,0,0
138,138,1.12182,387.99835,7.900101,151.89389,0,0,0,0,0,0,0,0,0,0
139,139,1.12184,389.24872,7.6912093,206.64009,0,0,0,0,0,0,0,0,0,0
140,140,1.12186,388.05374,5.9463634,205.209,0,0,0,0,0,0,0,0,0,0
141,141,1.12188,389.32666,7.355607,211.14787,0,0,0,0,0,0,0,0,0,0
142,142,1.1219,387.59894,7.488485,223.94199,0,0,0,0,0,0,0,0,0,0
143,143,1.12192,387.4314,7.2389097,196.3759,0,0,0,0,0,0,0,0,0,0
144,144,1.12194,388.7803,4.7797155,192.91048,0,0,0,0,0,0,0,0,0,0
145,145,1.1219599999999998,388.01694,7.8840127,176.8616,0,0,0,0,0,0,0,0,0,0
146,146,1.12198,386.40186,8.6477585,154.2323,0,0,0,0,0,0,0,0,0,0
147,147,1.122,388.87534,10.755556,170.73112,0,0,0,0,0,0,0,0,0,0
148,148,1.12202,389.40683,5.741085,136.20535,0,0,0,0,0,0,0,0,0,0
149,149,1.12204,387.8668,7.265744,185.53773,0,0,0,0,0,0,0,0,0,0
150,150,1.12206,388.0226,7.988219,189.83961,0,0,0,0,0,0,0,0,0,0
151,151,1.12208,388.05612,8.219683,180.65775,0,0,0,0,0,0,0,0,0,0
152,152,1.1221,389.9799,8.268807,165.98346,0,0,0,0,0,0,0,0,0,0
153,153,1.12212,388.69547,7.4441085,219.9422,0,0,0,0,0,0,0,0,0,0
154,154,1.12214,385.6487,7.271245,174.81885,0,0,0,0,0,0,0,0,0,0
155,155,1.12216,388.29483,7.358347,227.94832,0,0,0,0,0,0,0,0,0,0
156,156,1.12218,388.71957,8.456474,176.87096,0,0,0,0,0,0,0,0,0,0
157,157,1.1222,387.6068,6.4023247,203.4335,0,0,0,0,0,0,0,0,0,0
158,158,1.12222,387.1619,9.223331,183.99496,0,0,0,0,0,0,0,0,0,0
159,159,1.12224,386.61612,7.412808,178.37505,0,0,0,0,0,0,0,0,0,0
160,160,1.12226,387.7048,8.569339,154.3813,0,0,0,0,0,0,0,0,0,0
161,161,1.12228,385.5709,7.3614345,137.24188,0,0,0,0,0,0,0,0,0,0
162,162,1.1223,388.784,7.8026476,189.74463,0,0,0,0,0,0,0,0,0,0
163,163,1.12232,387.75873,8.282861,211.09851,0,0,0,0,0,0,0,0,0,0
164,164,1.12234,388.06726,9.608888,210.43658,0,0,0,0,0,0,0,0,0,0
165,165,1.12236,385.24445,9.030083,173.52832,0,0,0,0,0,0,0,0,0,0
166,166,1.12238,386.67004,9.254534,196.47217,0,0,0,0,0,0,0,0,0,0
167,167,1.1223999999999998,388.27798,9.0975485,178.95622,0,0,0,0,0,0,0,0,0,0
168,168,1.12242,387.26593,8.796208,259.9303,0,0,0,0,0,0,0,0,0,0
169,169,1.12244,389.30298,9.187072,231.95717,0,0,0,0,0,0,0,0,0,0
170,170,1.12246,386.8479,8.400493,222.71661,0,0,0,0,0,0,0,0,0,0
171,171,1.12248,388.43915,11.135136,228.25227,0,0,0,0,0,0,0,0,0,0
172,172,1.1225,388.53052,9.676163,253.7268,0,0,0,0,0,0,0,0,0,0
173,173,1.12252,388.6959,9.254855,243.89395,0,0,0,0,0,0,0,0,0,0
174,174,1.12254,387.76187,8.808032,240.65384,0,0,0,0,0,0,0,0,0,0
175,175,1.12256,387.00253,9.494511,232.36447,0,0,0,0,0,0,0,0,0,0
176,176,1.12258,388.75095,9.779419,198.97002,0,0,0,0,0,0,0,0,0,0
177,177,1.1226,386.7997,9.744345,264.80817,0,0,0,0,0,0,0,0,0,0
178,178,1.12262,387.2987,9.816465,265.11896,0,0,0,0,0,0,0,0,0,0
179,179,1.12264,388.02658,10.322602,247.8165,0,0,0,0,0,0,0,0,0,0
180,180,1.12266,389.48367,10.779142,249.35236,0,0,0,0,0,0,0,0,0,0
181,181,1.12268,388.01453,8.351475,244.74948,0,0,0,0,0,0,0,0,0,0
182,182,1.1227,386.8344,8.996152,188.97931,0,0,0,0,0,0,0,0,0,0
183,183,1.12272,389.27374,7.465295,270.29764,0,0,0,0,0,0,0,0,0,0
184,184,1.1227399999999998,388.23508,8.832873,258.5777,0,0,0,0,0,0,0,0,0,0
185,185,1.12276,386.94202,10.041723,240.92236,0,0,0,0,0,0,0,0,0,0
186,186,1.12278,386.85034,11.112704,269.52414,0,0,0,0,0,0,0,0,0,0
187,187,1.1228,388.0627,12.211414,265.3103,0,0,0,0,0,0,0,0,0,0
188,188,1.12282,387.73172,9.756903,268.13086,0,0,0,0,0,0,0,0,0,0
189,189,1.1228399999999998,386.79858,12.219498,271.90515,0,0,0,0,0,0,0,0,0,0
190,190,1.12286,389.44556,9.478601,279.23468,0,0,0,0,0,0,0,0,0,0
191,191,1.12288,387.53308,11.406109,264.9706,0,0,0,0,0,0,0,0,0,0
192,192,1.1229,387.4769,10.074536,240.78539,0,0,0,0,0,0,0,0,0,0
193,193,1.12292,386.9665,12.598641,248.02757,0,0,0,0,0,0,0,0,0,0
194,194,1.12294,387.30707,9.446729,236.9038,0,0,0,0,0,0,0,0,0,0
195,195,1.12296,387.85,11.480006,300.22958,0,0,0,0,0,0,0,0,0,0
196,196,1.12298,390.4962,10.825815,236.15231,0,0,0,0,0,0,0,0,0,0
197,197,1.123,387.95645,9.29487,265.85574,0,0,0,0,0,0,0,0,0,0
198,198,1.12302,387.01297,12.771295,208.8693,0,0,0,0,0,0,0,0,0,0
199,199,1.12304,387.5531,11.492948,282.74115,0,0,0,0,0,0,0,0,0,0
200,200,1.12306,389.60233,10.076688,275.33093,0,0,0,0,0,0,0,0,0,0
201,201,1.12308,388.3452,9.15613,274.07812,0,0,0,0,0,0,0,0,0,0
202,202,1.1231,388.41235,9.008433,238.33607,0,0,0,0,0,0,0,0,0,0
203,203,1.12312,389.70938,10.025779,236.44643,0,0,0,0,0,0,0,0,0,0
204,204,1.12314,388.594,10.389304,230.2149,0,0,0,0,0,0,0,0,0,0
205,205,1.12316,389.78763,10.775958,271.8126,0,0,0,0,0,0,0,0,0,0
206,206,1.1231799999999998,388.64252,10.91381,263.97903,0,0,0,0,0,0,0,0,0,0
207,207,1.1232,387.64612,10.764744,261.49545,0,0,0,0,0,0,0,0,0,0
208,208,1.12322,386.37405,10.493866,247.98485,0,0,0,0,0,0,0,0,0,0
209,209,1.12324,389.46524,13.180682,277.90576,0,0,0,0,0,0,0,0,0,0
210,210,1.12326,390.68054,11.71761,265.04602,0,0,0,0,0,0,0,0,0,0
211,211,1.12328,388.35742,11.524402,277.9817,0,0,0,0,0,0,0,0,0,0
212,212,1.1233,389.92413,10.454932,249.62265,0,0,0,0,0,0,0,0,0,0
213,213,1.12332,388.31458,11.702026,283.8046,0,0,0,0,0,0,0,0,0,0
214,214,1.12334,390.3667,11.272011,279.53143,0,0,0,0,0,0,0,0,0,0
215,215,1.12336,389.69952,13.580963,254.88231,0,0,0,0,0,0,0,0,0,0
216,216,1.12338,388.7526,10.5075,221.17044,0,0,0,0,0,0,0,0,0,0
217,217,1.1234,391.06845,11.086937,240.58087,0,0,0,0,0,0,0,0,0,0
218,218,1.12342,390.0143,11.89634,289.3772,0,0,0,0,0,0,0,0,0,0
219,219,1.12344,390.69113,11.45357,297.83917,0,0,0,0,0,0,0,0,0,0
220,220,1.12346,388.71155,13.43654,315.91125,0,0,0,0,0,0,0,0,0,0
221,221,1.12348,389.4366,11.584129,287.25494,0,0,0,0,0,0,0,0,0,0
222,222,1.1235,391.2942,10.236338,253.78006,0,0,0,0,0,0,0,0,0,0
223,223,1.12352,391.44678,14.00824,289.44247,0,0,0,0,0,0,0,0,0,0
224,224,1.12354,388.25494,9.776966,307.79523,0,0,0,0,0,0,0,0,0,0
225,225,1.12356,390.87137,12.581204,213.8086,0,0,0,0,0,0,0,0,0,0
226,226,1.12358,389.75372,13.861824,277.49265,0,0,0,0,0,0,0,0,0,0
227,227,1.1236,389.67136,12.051212,332.2447,0,0,0,0,0,0,0,0,0,0
228,228,1.1236199999999998,390.20377,11.450839,293.0409,0,0,0,0,0,0,0,0,0,0
229,229,1.12364,392.5114,11.839697,271.59277,0,0,0,0,0,0,0,0,0,0
230,230,1.12366,390.33456,10.493658,265.25998,0,0,0,0,0,0,0,0,0,0
231,231,1.12368,390.03293,12.760064,291.9248,0,0,0,0,0,0,0,0,0,0
232,232,1.1237,390.58847,12.561857,324.5061,0,0,0,0,0,0,0,0,0,0
233,233,1.12372,391.2649,12.182834,295.79684,0,0,0,0,0,0,0,0,0,0
234,234,1.12374,391.77148,12.06565,271.82388,0,0,0,0,0,0,0,0,0,0
235,235,1.12376,390.15652,11.5605755,315.8893,0,0,0,0,0,0,0,0,0,0
236,236,1.12378,391.16028,12.811002,287.80545,0,0,0,0,0,0,0,0,0,0
237,237,1.1238,392.08722,13.036935,298.4531,0,0,0,0,0,0,0,0,0,0
238,238,1.12382,391.9312,11.751383,268.98688,0,0,0,0,0,0,0,0,0,0
239,239,1.12384,392.1119,10.232553,302.52612,0,0,0,0,0,0,0,0,0,0
240,240,1.12386,392.36554,12.668245,284.0885,0,0,0,0,0,0,0,0,0,0
241,241,1.12388,393.9079,12.089104,282.47702,0,0,0,0,0,0,0,0,0,0
242,242,1.1239,392.08154,11.867679,316.5882,0,0,0,0,0,0,0,0,0,0
243,243,1.12392,391.3695,11.286405,253.90767,0,0,0,0,0,0,0,0,0,0
244,244,1.12394,391.8038,11.115253,329.97516,0,0,0,0,0,0,0,0,0,0
245,245,1.1239599999999998,392.17612,11.875966,335.16528,0,0,0,0,0,0,0,0,0,0
246,246,1.12398,391.74747,11.216544,321.54382,0,0,0,0,0,0,0,0,0,0
247,247,1.124,393.6677,12.178438,285.51215,0,0,0,0,0,0,0,0,0,0
248,248,1.12402,392.49792,12.2041,271.27515,0,0,0,0,0,0,0,0,0,0
249,249,1.12404,394.1361,13.799159,321.26642,0,0,0,0,0,0,0,0,0,0
250,250,1.12406,394.41785,10.91032,294.6867,0,0,0,0,0,0,0,0,0,0
251,251,1.12408,392.75342,12.75858,319.5668,0,0,0,0,0,0,0,0,0,0
252,252,1.1241,394.85745,11.78294,295.77972,0,0,0,0,0,0,0,0,0,0
253,253,1.12412,395.80267,11.5868635,335.1522,0,0,0,0,0,0,0,0,0,0
254,254,1.12414,394.93994,12.144154,275.96753,0,0,0,0,0,0,0,0,0,0
255,255,1.12416,395.4011,13.041533,312.2211,0,0,0,0,0,0,0,0,0,0
256,256,1.12418,394.5496,10.888194,308.79114,0,0,0,0,0,0,0,0,0,0
257,257,1.1242,395.7261,12.179382,319.1883,0,0,0,0,0,0,0,0,0,0
258,258,1.12422,395.55392,10.493809,331.0283,0,0,0,0,0,0,0,0,0,0
259,259,1.12424,395.4582,12.476711,302.38004,0,0,0,0,0,0,0,0,0,0
260,260,1.12426,395.027,14.626845,312.25647,0,0,0,0,0,0,0,0,0,0
261,261,1.12428,395.29367,13.357198,359.7505,0,0,0,0,0,0,0,0,0,0
262,262,1.1243,394.80832,12.570637,326.03812,0,0,0,0,0,0,0,0,0,0
263,263,1.12432,395.36774,12.190848,308.35483,0,0,0,0,0,0,0,0,0,0
264,264,1.12434,396.57925,12.547173,278.2461,0,0,0,0,0,0,0,0,0,0
265,265,1.12436,397.35745,12.40704,338.34036,0,0,0,0,0,0,0,0,0,0
266,266,1.12438,396.23077,14.215981,316.3076,0,0,0,0,0,0,0,0,0,0
267,267,1.1243999999999998,398.40588,12.116619,282.73294,0,0,0,0,0,0,0,0,0,0
268,268,1.12442,396.42957,12.70004,299.3888,0,0,0,0,0,0,0,0,0,0
269,269,1.12444,397.0891,13.582298,278.76852,0,0,0,0,0,0,0,0,0,0
270,270,1.12446,394.59195,14.135736,296.45706,0,0,0,0,0,0,0,0,0,0
271,271,1.12448,397.5812,10.970414,299.2988,0,0,0,0,0,0,0,0,0,0
272,272,1.1245,396.34464,13.844841,300.7464,0,0,0,0,0,0,0,0,0,0
273,273,1.12452,397.5352,14.343459,296.4875,0,0,0,0,0,0,0,0,0,0
274,274,1.12454,396.20972,12.799315,317.90515,0,0,0,0,0,0,0,0,0,0
275,275,1.12456,397.92975,12.932363,311.77557,0,0,0,0,0,0,0,0,0,0
276,276,1.12458,397.93686,14.840019,293.8277,0,0,0,0,0,0,0,0,0,0
277,277,1.1246,396.688,14.221651,274.39713,0,0,0,0,0,0,0,0,0,0
278,278,1.12462,398.1186,13.094991,327.26178,0,0,0,0,0,0,0,0,0,0
279,279,1.12464,398.45737,11.618885,332.7926,0,0,0,0,0,0,0,0,0,0
280,280,1.12466,397.5392,11.995653,342.6959,0,0,0,0,0,0,0,0,0,0
281,281,1.12468,398.55667,11.351299,331.12012,0,0,0,0,0,0,0,0,0,0
282,282,1.1247,398.58295,13.128584,305.18024,0,0,0,0,0,0,0,0,0,0
283,283,1.12472,399.4606,12.042701,332.4683,0,0,0,0,0,0,0,0,0,0
284,284,1.12474,398.70865,11.66528,261.389,0,0,0,0,0,0,0,0,0,0
285,285,1.12476,399.9397,12.54025,371.37787,0,0,0,0,0,0,0,0,0,0
286,286,1.12478,399.58398,13.865046,283.17618,0,0,0,0,0,0,0,0,0,0
287,287,1.1248,400.54645,12.065971,295.9143,0,0,0,0,0,0,0,0,0,0
288,288,1.12482,399.8114,12.625934,313.2899,0,0,0,0,0,0,0,0,0,0
289,289,1.1248399999999998,399.52017,12.568281,353.15588,0,0,0,0,0,0,0,0,0,0
290,290,1.12486,398.8341,12.918059,358.75208,0,0,0,0,0,0,0,0,0,0
291,291,1.12488,397.92325,12.452845,308.01712,0,0,0,0,0,0,0,0,0,0
292,292,1.1249,398.33862,11.697989,351.66974,0,0,0,0,0,0,0,0,0,0
293,293,1.12492,400.90805,11.736229,302.71173,0,0,0,0,0,0,0,0,0,0
294,294,1.12494,399.5654,12.05141,282.55548,0,0,0,0,0,0,0,0,0,0
295,295,1.12496,400.5355,12.575065,302.61383,0,0,0,0,0,0,0,0,0,0
296,296,1.12498,398.92844,12.374598,297.3509,0,0,0,0,0,0,0,0,0,0
297,297,1.125,401.40503,13.424751,337.615,0,0,0,0,0,0,0,0,0,0
298,298,1.12502,400.60162,12.790442,325.77246,0,0,0,0,0,0,0,0,0,0
299,299,1.12504,401.40167,13.860436,259.6669,0,0,0,0,0,0,0,0,0,0
300,300,1.12506,401.9685,13.227636,285.60516,0,0,0,0,0,0,0,0,0,0
301,301,1.12508,398.8672,13.318571,337.7289,0,0,0,0,0,0,0,0,0,0
302,302,1.1251,401.16513,15.063187,292.58038,0,0,0,0,0,0,0,0,0,0
303,303,1.12512,401.58478,13.162201,276.88492,0,0,0,0,0,0,0,0,0,0
304,304,1.12514,400.49326,13.5936165,332.02182,0,0,0,0,0,0,0,0,0,0
305,305,1.12516,401.658,13.76123,296.7001,0,0,0,0,0,0,0,0,0,0
306,306,1.1251799999999998,402.31506,13.291884,328.4111,0,0,0,0,0,0,0,0,0,0
307,307,1.1252,400.1302,12.813572,279.1013,0,0,0,0,0,0,0,0,0,0
308,308,1.12522,402.8228,11.204149,365.02563,0,0,0,0,0,0,0,0,0,0
309,309,1.12524,403.1738,13.618436,279.18634,0,0,0,0,0,0,0,0,0,0
310,310,1.12526,402.26907,11.455996,335.0315,0,0,0,0,0,0,0,0,0,0
311,311,1.12528,403.54483,12.691728,304.08597,0,0,0,0,0,0,0,0,0,0
312,312,1.1253,402.2571,14.518563,322.30508,0,0,0,0,0,0,0,0,0,0
313,313,1.12532,404.97977,12.128112,299.7748,0,0,0,0,0,0,0,0,0,0
314,314,1.12534,403.0175,13.86587,274.1125,0,0,0,0,0,0,0,0,0,0
315,315,1.12536,403.38068,12.629026,364.80914,0,0,0,0,0,0,0,0,0,0
316,316,1.12538,403.42514,12.4590845,268.58572,0,0,0,0,0,0,0,0,0,0
317,317,1.1254,401.15823,11.163808,320.86856,0,0,0,0,0,0,0,0,0,0
318,318,1.12542,404.03604,12.769947,335.41003,0,0,0,0,0,0,0,0,0,0
319,319,1.12544,401.9874,12.563079,294.90707,0,0,0,0,0,0,0,0,0,0
320,320,1.12546,404.96457,11.701854,307.88248,0,0,0,0,0,0,0,0,0,0
321,321,1.12548,403.41217,13.221039,353.68802,0,0,0,0,0,0,0,0,0,0
322,322,1.1255,402.64505,11.990664,311.05078,0,0,0,0,0,0,0,0,0,0
323,323,1.12552,405.1805,13.327867,321.60016,0,0,0,0,0,0,0,0,0,0
324,324,1.12554,403.65726,14.162431,304.7623,0,0,0,0,0,0,0,0,0,0
325,325,1.12556,405.62762,11.946548,307.33505,0,0,0,0,0,0,0,0,0,0
326,326,1.12558,403.49417,12.92067,278.14755,0,0,0,0,0,0,0,0,0,0
327,327,1.1256,405.05368,12.395425,300.37796,0,0,0,0,0,0,0,0,0,0
328,328,1.1256199999999998,405.7472,12.011013,284.43253,0,0,0,0,0,0,0,0,0,0
329,329,1.12564,404.8774,10.814794,329.7419,0,0,0,0,0,0,0,0,0,0
330,330,1.12566,405.51193,14.747337,266.1428,0,0,0,0,0,0,0,0,0,0
331,331,1.12568,404.3664,11.507728,293.7525,0,0,0,0,0,0,0,0,0,0
332,332,1.1257,405.51297,13.619603,282.13248,0,0,0,0,0,0,0,0,0,0
333,333,1.12572,405.66498,12.632189,299.68298,0,0,0,0,0,0,0,0,0,0
334,334,1.12574,406.44177,12.595035,269.5334,0,0,0,0,0,0,0,0,0,0
335,335,1.12576,407.53085,13.243425,294.6802,0,0,0,0,0,0,0,0,0,0
336,336,1.12578,406.19418,12.626814,275.81146,0,0,0,0,0,0,0,0,0,0
337,337,1.1258,406.0241,11.771467,302.68286,0,0,0,0,0,0,0,0,0,0
338,338,1.12582,406.20374,11.998226,323.25778,0,0,0,0,0,0,0,0,0,0
339,339,1.12584,406.5476,12.109346,318.36783,0,0,0,0,0,0,0,0,0,0
340,340,1.12586,405.66733,13.135605,274.71884,0,0,0,0,0,0,0,0,0,0
341,341,1.12588,406.87915,12.711699,282.76907,0,0,0,0,0,0,0,0,0,0
342,342,1.1259,406.07553,13.769354,230.82053,0,0,0,0,0,0,0,0,0,0
343,343,1.12592,407.43326,12.725245,301.55536,0,0,0,0,0,0,0,0,0,0
344,344,1.12594,406.35742,13.736318,327.77524,0,0,0,0,0,0,0,0,0,0
345,345,1.1259599999999998,408.30405,10.628232,345.69995,0,0,0,0,0,0,0,0,0,0
346,346,1.12598,407.89493,13.377085,263.87445,0,0,0,0,0,0,0,0,0,0
347,347,1.126,407.83105,12.342737,292.43427,0,0,0,0,0,0,0,0,0,0
348,348,1.12602,407.1631,13.322548,300.99747,0,0,0,0,0,0,0,0,0,0
349,349,1.12604,407.2868,11.643667,264.008,0,0,0,0,0,0,0,0,0,0
350,350,1.1260599999999998,408.69223,12.218006,260.44748,0,0,0,0,0,0,0,0,0,0
351,351,1.12608,408.25302,13.558197,294.45337,0,0,0,0,0,0,0,0,0,0
352,352,1.1261,408.91464,13.73225,312.5559,0,0,0,0,0,0,0,0,0,0
353,353,1.12612,408.27826,13.442722,283.52835,0,0,0,0,0,0,0,0,0,0
354,354,1.12614,409.98264,12.586972,273.30795,0,0,0,0,0,0,0,0,0,0
355,355,1.12616,408.86874,12.025505,261.27188,0,0,0,0,0,0,0,0,0,0
356,356,1.12618,408.3444,9.703105,291.14215,0,0,0,0,0,0,0,0,0,0
357,357,1.1262,408.6573,13.089428,329.26053,0,0,0,0,0,0,0,0,0,0
358,358,1.12622,409.38943,12.138736,249.83298,0,0,0,0,0,0,0,0,0,0
359,359,1.12624,408.2478,11.777466,270.65448,0,0,0,0,0,0,0,0,0,0
360,360,1.12626,407.9014,10.98584,303.24765,0,0,0,0,0,0,0,0,0,0
361,361,1.12628,408.3205,12.260605,291.66977,0,0,0,0,0,0,0,0,0,0
362,362,1.1263,408.92038,12.688241,320.30594,0,0,0,0,0,0,0,0,0,0
363,363,1.12632,409.9034,9.525251,322.9836,0,0,0,0,0,0,0,0,0,0
364,364,1.12634,409.89868,11.868303,227.34995,0,0,0,0,0,0,0,0,0,0
365,365,1.12636,409.18127,10.276169,322.55475,0,0,0,0,0,0,0,0,0,0
366,366,1.12638,410.06134,11.864217,284.64456,0,0,0,0,0,0,0,0,0,0
367,367,1.1263999999999998,410.28894,11.120041,286.33716,0,0,0,0,0,0,0,0,0,0
368,368,1.12642,408.8081,11.866848,238.8204,0,0,0,0,0,0,0,0,0,0
369,369,1.12644,410.65002,12.535195,235.83209,0,0,0,0,0,0,0,0,0,0
370,370,1.12646,410.65625,12.859457,266.3908,0,0,0,0,0,0,0,0,0,0
371,371,1.12648,409.03613,10.386518,320.78174,0,0,0,0,0,0,0,0,0,0
372,372,1.1265,410.0993,11.303931,297.4936,0,0,0,0,0,0,0,0,0,0
373,373,1.12652,410.60928,9.418828,336.80487,0,0,0,0,0,0,0,0,0,0
374,374,1.12654,408.8613,12.100948,269.9868,0,0,0,0,0,0,0,0,0,0
375,375,1.12656,410.26672,9.879534,279.64746,0,0,0,0,0,0,0,0,0,0
376,376,1.12658,410.9962,9.04606,264.60342,0,0,0,0,0,0,0,0,0,0
377,377,1.1266,410.56592,11.212792,249.91916,0,0,0,0,0,0,0,0,0,0
378,378,1.12662,413.13348,12.554336,305.48715,0,0,0,0,0,0,0,0,0,0
379,379,1.12664,410.21246,13.865551,285.13287,0,0,0,0,0,0,0,0,0,0
380,380,1.12666,411.06808,12.2876215,286.74936,0,0,0,0,0,0,0,0,0,0
381,381,1.12668,410.90665,10.8839035,275.6739,0,0,0,0,0,0,0,0,0,0
382,382,1.1267,412.1327,12.042748,291.32336,0,0,0,0,0,0,0,0,0,0
383,383,1.12672,411.7177,12.145666,277.2057,0,0,0,0,0,0,0,0,0,0
384,384,1.12674,411.41708,12.080649,242.91328,0,0,0,0,0,0,0,0,0,0
385,385,1.12676,411.87067,10.4973135,284.7036,0,0,0,0,0,0,0,0,0,0
386,386,1.12678,410.978,10.370887,274.5902,0,0,0,0,0,0,0,0,0,0
387,387,1.1268,409.26917,9.451645,266.5176,0,0,0,0,0,0,0,0,0,0
388,388,1.12682,411.2971,10.353013,258.32687,0,0,0,0,0,0,0,0,0,0
389,389,1.1268399999999998,410.5702,9.716871,225.36122,0,0,0,0,0,0,0,0,0,0
390,390,1.12686,412.0778,11.390308,235.46404,0,0,0,0,0,0,0,0,0,0
391,391,1.12688,411.59018,10.96819,241.28017,0,0,0,0,0,0,0,0,0,0
392,392,1.1269,409.38626,11.717003,263.70056,0,0,0,0,0,0,0,0,0,0
393,393,1.12692,411.3693,12.381443,290.17386,0,0,0,0,0,0,0,0,0,0
394,394,1.12694,409.987,8.760298,233.48694,0,0,0,0,0,0,0,0,0,0
395,395,1.12696,410.46323,11.090279,241.21431,0,0,0,0,0,0,0,0,0,0
396,396,1.12698,409.72202,9.845149,244.73108,0,0,0,0,0,0,0,0,0,0
397,397,1.127,410.01938,10.816935,254.72829,0,0,0,0,0,0,0,0,0,0
398,398,1.12702,411.8729,13.077086,238.63368,0,0,0,0,0,0,0,0,0,0
399,399,1.12704,411.10486,10.908379,263.91055,0,0,0,0,0,0,0,0,0,0
400,400,1.12706,411.47214,9.190888,234.87137,0,0,0,0,0,0,0,0,0,0
401,401,1.1270751162431396,412.10236,9.327877,305.29846,0,0,0,0,0,0,0,0,0,0
