,Unnamed: 0.3,Unnamed: 0.2,Unnamed: 0.1,Unnamed: 0,Time / s,Vo:Measured voltage,IL:Measured current,Vin:Measured voltage,open1,open2,Relay4,Relay3,short1,short2,Relay2,Relay1,OPEN,SHORT,OPEN_NOISE,SHORT_NOISE,NORMAL_NOISE
0,0,0,0,0,1.152631795631207,389.62512,-9.730398,-322.44342,0,0,0,0,0,0,0,0,0,0,0,0,1
1,1,1,1,1,1.15264,388.4984,-8.167072,-214.82872,0,0,0,0,0,0,0,0,0,0,0,0,1
2,2,2,2,2,1.15266,384.59253,-10.820076,-211.05869,0,0,0,0,0,0,0,0,0,0,0,0,1
3,3,3,3,3,1.15268,388.61313,-9.134669,-247.94504,0,0,0,0,0,0,0,0,0,0,0,0,1
4,4,4,4,4,1.1527,386.98376,-12.101854,-177.37332,0,0,0,0,0,0,0,0,0,0,0,0,1
5,5,5,5,5,1.15272,390.7453,-6.700429,-233.33566,0,0,0,0,0,0,0,0,0,0,0,0,1
6,6,6,6,6,1.15274,387.15344,-9.908851,-195.54213,0,0,0,0,0,0,0,0,0,0,0,0,1
7,7,7,7,7,1.15276,387.02588,-11.47274,-314.188,0,0,0,0,0,0,0,0,0,0,0,0,1
8,8,8,8,8,1.15278,391.40164,-11.440887,-298.02505,0,0,0,0,0,0,0,0,0,0,0,0,1
9,9,9,9,9,1.1528,391.83502,-11.220526,-231.46518,0,0,0,0,0,0,0,0,0,0,0,0,1
10,10,10,10,10,1.15282,389.07587,-9.077582,-269.0159,0,0,0,0,0,0,0,0,0,0,0,0,1
11,11,11,11,11,1.15284,386.54202,-9.711107,-311.63593,0,0,0,0,0,0,0,0,0,0,0,0,1
12,12,12,12,12,1.15286,388.28992,-10.210044,-296.18222,0,0,0,0,0,0,0,0,0,0,0,0,1
13,13,13,13,13,1.15288,383.9254,-11.260226,-228.11928,0,0,0,0,0,0,0,0,0,0,0,0,1
14,14,14,14,14,1.1529,388.86517,-10.71157,-325.92245,0,0,0,0,0,0,0,0,0,0,0,0,1
15,15,15,15,15,1.15292,386.94434,-8.573955,-281.1682,0,0,0,0,0,0,0,0,0,0,0,0,1
16,16,16,16,16,1.15294,387.28375,-13.377001,-189.64761,0,0,0,0,0,0,0,0,0,0,0,0,1
17,17,17,17,17,1.15296,386.83368,-9.615771,-241.31589,0,0,0,0,0,0,0,0,0,0,0,0,1
18,18,18,18,18,1.15298,388.58362,-10.955063,-280.7156,0,0,0,0,0,0,0,0,0,0,0,0,1
19,19,19,19,19,1.153,386.2459,-9.580746,-246.07848,0,0,0,0,0,0,0,0,0,0,0,0,1
20,20,20,20,20,1.15302,388.9139,-8.247759,-284.4215,0,0,0,0,0,0,0,0,0,0,0,0,1
21,21,21,21,21,1.1530399999999998,388.9562,-12.135239,-261.89032,0,0,0,0,0,0,0,0,0,0,0,0,1
22,22,22,22,22,1.15306,388.5949,-11.382388,-295.66833,0,0,0,0,0,0,0,0,0,0,0,0,1
23,23,23,23,23,1.15308,389.3121,-12.023334,-279.4904,0,0,0,0,0,0,0,0,0,0,0,0,1
24,24,24,24,24,1.1531,389.34836,-7.353531,-292.34384,0,0,0,0,0,0,0,0,0,0,0,0,1
25,25,25,25,25,1.15312,388.04327,-11.8138075,-205.83493,0,0,0,0,0,0,0,0,0,0,0,0,1
26,26,26,26,26,1.15314,388.23172,-10.46625,-303.24893,0,0,0,0,0,0,0,0,0,0,0,0,1
27,27,27,27,27,1.15316,388.66504,-10.442507,-261.98135,0,0,0,0,0,0,0,0,0,0,0,0,1
28,28,28,28,28,1.15318,389.3752,-12.790915,-265.49753,0,0,0,0,0,0,0,0,0,0,0,0,1
29,29,29,29,29,1.1532,391.6925,-11.471801,-366.59613,0,0,0,0,0,0,0,0,0,0,0,0,1
30,30,30,30,30,1.15322,387.22983,-12.578893,-295.08188,0,0,0,0,0,0,0,0,0,0,0,0,1
31,31,31,31,31,1.15324,391.25558,-8.656901,-270.99725,0,0,0,0,0,0,0,0,0,0,0,0,1
32,32,32,32,32,1.15326,387.51154,-9.108242,-180.49744,0,0,0,0,0,0,0,0,0,0,0,0,1
33,33,33,33,33,1.15328,391.09555,-11.116895,-229.49207,0,0,0,0,0,0,0,0,0,0,0,0,1
34,34,34,34,34,1.1533,389.1775,-9.631468,-340.07022,0,0,0,0,0,0,0,0,0,0,0,0,1
35,35,35,35,35,1.15332,391.2086,-8.308269,-239.26544,0,0,0,0,0,0,0,0,0,0,0,0,1
36,36,36,36,36,1.15334,388.06238,-11.266012,-237.99666,0,0,0,0,0,0,0,0,0,0,0,0,1
37,37,37,37,37,1.15336,389.7438,-9.80923,-313.79315,0,0,0,0,0,0,0,0,0,0,0,0,1
38,38,38,38,38,1.1533799999999998,387.89307,-10.53167,-240.56519,0,0,0,0,0,0,0,0,0,0,0,0,1
39,39,39,39,39,1.1534,393.40372,-8.629423,-293.05798,0,0,0,0,0,0,0,0,0,0,0,0,1
40,40,40,40,40,1.15342,388.58463,-12.735493,-342.37268,0,0,0,0,0,0,0,0,0,0,0,0,1
41,41,41,41,41,1.15344,391.598,-12.536659,-292.18958,0,0,0,0,0,0,0,0,0,0,0,0,1
42,42,42,42,42,1.15346,389.65253,-14.015857,-297.3884,0,0,0,0,0,0,0,0,0,0,0,0,1
43,43,43,43,43,1.1534799999999998,390.71527,-9.762495,-284.70428,0,0,0,0,0,0,0,0,0,0,0,0,1
44,44,44,44,44,1.1535,389.77368,-9.919543,-262.02917,0,0,0,0,0,0,0,0,0,0,0,0,1
45,45,45,45,45,1.15352,388.50247,-10.619301,-188.33766,0,0,0,0,0,0,0,0,0,0,0,0,1
46,46,46,46,46,1.15354,391.38586,-12.05269,-244.29427,0,0,0,0,0,0,0,0,0,0,0,0,1
47,47,47,47,47,1.15356,387.63873,-13.095591,-211.45868,0,0,0,0,0,0,0,0,0,0,0,0,1
48,48,48,48,48,1.15358,389.51077,-11.637372,-394.651,0,0,0,0,0,0,0,0,0,0,0,0,1
49,49,49,49,49,1.1536,391.5354,-13.085571,-268.94513,0,0,0,0,0,0,0,0,0,0,0,0,1
50,50,50,50,50,1.15362,391.47076,-11.711629,-312.70865,0,0,0,0,0,0,0,0,0,0,0,0,1
51,51,51,51,51,1.15364,390.8434,-12.380984,-256.4463,0,0,0,0,0,0,0,0,0,0,0,0,1
52,52,52,52,52,1.15366,394.10312,-13.062294,-262.22458,0,0,0,0,0,0,0,0,0,0,0,0,1
53,53,53,53,53,1.15368,392.89682,-11.129775,-339.65363,0,0,0,0,0,0,0,0,0,0,0,0,1
54,54,54,54,54,1.1537,390.64285,-9.82159,-291.17297,0,0,0,0,0,0,0,0,0,0,0,0,1
55,55,55,55,55,1.15372,393.1654,-12.795802,-302.7618,0,0,0,0,0,0,0,0,0,0,0,0,1
56,56,56,56,56,1.15374,391.71414,-11.446168,-294.7139,0,0,0,0,0,0,0,0,0,0,0,0,1
57,57,57,57,57,1.15376,392.501,-12.826467,-240.18309,0,0,0,0,0,0,0,0,0,0,0,0,1
58,58,58,58,58,1.15378,389.23972,-12.346567,-235.81267,0,0,0,0,0,0,0,0,0,0,0,0,1
59,59,59,59,59,1.1538,391.6038,-12.198759,-189.13394,0,0,0,0,0,0,0,0,0,0,0,0,1
60,60,60,60,60,1.1538199999999998,391.99982,-11.72957,-246.1567,0,0,0,0,0,0,0,0,0,0,0,0,1
61,61,61,61,61,1.15384,390.0923,-14.962915,-221.622,0,0,0,0,0,0,0,0,0,0,0,0,1
62,62,62,62,62,1.15386,394.32727,-10.113138,-231.02957,0,0,0,0,0,0,0,0,0,0,0,0,1
63,63,63,63,63,1.15388,393.1037,-11.24543,-297.20657,0,0,0,0,0,0,0,0,0,0,0,0,1
64,64,64,64,64,1.1539,392.8748,-12.243807,-295.51825,0,0,0,0,0,0,0,0,0,0,0,0,1
65,65,65,65,65,1.15392,393.27325,-10.864133,-301.89673,0,0,0,0,0,0,0,0,0,0,0,0,1
66,66,66,66,66,1.15394,393.79446,-13.243683,-341.27878,0,0,0,0,0,0,0,0,0,0,0,0,1
67,67,67,67,67,1.15396,394.04764,-14.163351,-227.52405,0,0,0,0,0,0,0,0,0,0,0,0,1
68,68,68,68,68,1.15398,394.50174,-13.696107,-263.05234,0,0,0,0,0,0,0,0,0,0,0,0,1
69,69,69,69,69,1.154,391.929,-11.7402935,-208.408,0,0,0,0,0,0,0,0,0,0,0,0,1
70,70,70,70,70,1.15402,396.31442,-11.268875,-329.40833,0,0,0,0,0,0,0,0,0,0,0,0,1
71,71,71,71,71,1.15404,395.9683,-12.6499195,-306.28488,0,0,0,0,0,0,0,0,0,0,0,0,1
72,72,72,72,72,1.15406,395.2806,-13.9319935,-304.32352,0,0,0,0,0,0,0,0,0,0,0,0,1
73,73,73,73,73,1.15408,390.04645,-10.887847,-330.0482,0,0,0,0,0,0,0,0,0,0,0,0,1
74,74,74,74,74,1.1541,393.05527,-16.132103,-263.17715,0,0,0,0,0,0,0,0,0,0,0,0,1
75,75,75,75,75,1.15412,394.31323,-10.408232,-253.49677,0,0,0,0,0,0,0,0,0,0,0,0,1
76,76,76,76,76,1.15414,392.0685,-8.8624115,-331.45276,0,0,0,0,0,0,0,0,0,0,0,0,1
77,77,77,77,77,1.15416,395.12363,-12.485024,-231.22981,0,0,0,0,0,0,0,0,0,0,0,0,1
78,78,78,78,78,1.15418,394.76132,-13.839331,-284.81268,0,0,0,0,0,0,0,0,0,0,0,0,1
79,79,79,79,79,1.1542,394.27475,-11.933227,-304.5919,0,0,0,0,0,0,0,0,0,0,0,0,1
80,80,80,80,80,1.15422,393.07083,-11.320719,-289.00256,0,0,0,0,0,0,0,0,0,0,0,0,1
81,81,81,81,81,1.15424,396.13538,-12.728476,-289.35544,0,0,0,0,0,0,0,0,0,0,0,0,1
82,82,82,82,82,1.1542599999999998,393.33237,-9.1655,-229.42773,0,0,0,0,0,0,0,0,0,0,0,0,1
83,83,83,83,83,1.15428,399.79495,-15.108163,-415.7478,0,0,0,0,0,0,0,0,0,0,0,0,1
84,84,84,84,84,1.1543,396.84714,-16.326057,-361.46582,0,0,0,0,0,0,0,0,0,0,0,0,1
85,85,85,85,85,1.15432,393.93045,-16.978746,-293.45877,0,0,0,0,0,0,0,0,0,0,0,0,1
86,86,86,86,86,1.15434,394.94977,-12.987423,-283.36246,0,0,0,0,0,0,0,0,0,0,0,0,1
87,87,87,87,87,1.15436,397.266,-15.287685,-341.66525,0,0,0,0,0,0,0,0,0,0,0,0,1
88,88,88,88,88,1.15438,397.6286,-12.77469,-321.05563,0,0,0,0,0,0,0,0,0,0,0,0,1
89,89,89,89,89,1.1544,396.72775,-15.090378,-273.8273,0,0,0,0,0,0,0,0,0,0,0,0,1
90,90,90,90,90,1.15442,398.1122,-13.162266,-304.45554,0,0,0,0,0,0,0,0,0,0,0,0,1
91,91,91,91,91,1.15444,398.26617,-12.360957,-352.4723,0,0,0,0,0,0,0,0,0,0,0,0,1
92,92,92,92,92,1.15446,396.26633,-9.11185,-282.0952,0,0,0,0,0,0,0,0,0,0,0,0,1
93,93,93,93,93,1.15448,396.22784,-10.96151,-270.40152,0,0,0,0,0,0,0,0,0,0,0,0,1
94,94,94,94,94,1.1545,392.66727,-9.312387,-306.98834,0,0,0,0,0,0,0,0,0,0,0,0,1
95,95,95,95,95,1.15452,394.3539,-11.670608,-240.49823,0,0,0,0,0,0,0,0,0,0,0,0,1
96,96,96,96,96,1.15454,398.25812,-11.754619,-287.32635,0,0,0,0,0,0,0,0,0,0,0,0,1
97,97,97,97,97,1.15456,394.96,-9.452953,-302.4623,0,0,0,0,0,0,0,0,0,0,0,0,1
98,98,98,98,98,1.15458,399.53815,-12.600813,-276.4212,0,0,0,0,0,0,0,0,0,0,0,0,1
99,99,99,99,99,1.1545999999999998,397.20633,-16.094967,-302.04315,0,0,0,0,0,0,0,0,0,0,0,0,1
100,100,100,100,100,1.15462,398.96445,-16.71066,-213.93082,0,0,0,0,0,0,0,0,0,0,0,0,1
101,101,101,101,101,1.15464,399.4276,-13.632356,-346.51273,0,0,0,0,0,0,0,0,0,0,0,0,1
102,102,102,102,102,1.15466,397.1939,-12.981118,-324.1882,0,0,0,0,0,0,0,0,0,0,0,0,1
103,103,103,103,103,1.15468,400.5343,-10.569872,-273.8766,0,0,0,0,0,0,0,0,0,0,0,0,1
104,104,104,104,104,1.1546999999999998,399.58154,-12.675347,-271.88593,0,0,0,0,0,0,0,0,0,0,0,0,1
105,105,105,105,105,1.15472,396.59473,-18.738684,-330.22318,0,0,0,0,0,0,0,0,0,0,0,0,1
106,106,106,106,106,1.15474,397.56693,-11.175876,-285.21414,0,0,0,0,0,0,0,0,0,0,0,0,1
107,107,107,107,107,1.15476,401.10788,-11.74276,-277.02426,0,0,0,0,0,0,0,0,0,0,0,0,1
108,108,108,108,108,1.15478,399.48383,-7.342466,-271.36102,0,0,0,0,0,0,0,0,0,0,0,0,1
109,109,109,109,109,1.1548,398.801,-11.087668,-334.3526,0,0,0,0,0,0,0,0,0,0,0,0,1
110,110,110,110,110,1.15482,396.70624,-11.588736,-331.3625,0,0,0,0,0,0,0,0,0,0,0,0,1
111,111,111,111,111,1.15484,398.93942,-15.737865,-291.77258,0,0,0,0,0,0,0,0,0,0,0,0,1
112,112,112,112,112,1.15486,398.31326,-15.784636,-336.85422,0,0,0,0,0,0,0,0,0,0,0,0,1
113,113,113,113,113,1.15488,398.8416,-16.768887,-229.84795,0,0,0,0,0,0,0,0,0,0,0,0,1
114,114,114,114,114,1.1549,400.69247,-10.105943,-247.04651,0,0,0,0,0,0,0,0,0,0,0,0,1
115,115,115,115,115,1.15492,398.23395,-15.270549,-284.1666,0,0,0,0,0,0,0,0,0,0,0,0,1
116,116,116,116,116,1.15494,397.41388,-13.228166,-268.47797,0,0,0,0,0,0,0,0,0,0,0,0,1
117,117,117,117,117,1.15496,400.0598,-15.200158,-321.83398,0,0,0,0,0,0,0,0,0,0,0,0,1
118,118,118,118,118,1.15498,400.92636,-12.0371275,-328.0238,0,0,0,0,0,0,0,0,0,0,0,0,1
119,119,119,119,119,1.155,401.57846,-13.477338,-323.59814,0,0,0,0,0,0,0,0,0,0,0,0,1
120,120,120,120,120,1.15502,400.6334,-14.222784,-169.60489,0,0,0,0,0,0,0,0,0,0,0,0,1
121,121,121,121,121,1.1550399999999998,400.63754,-11.46471,-211.6994,0,0,0,0,0,0,0,0,0,0,0,0,1
122,122,122,122,122,1.15506,400.15118,-11.877581,-255.67139,0,0,0,0,0,0,0,0,0,0,0,0,1
123,123,123,123,123,1.15508,401.85892,-12.842659,-429.84024,0,0,0,0,0,0,0,0,0,0,0,0,1
124,124,124,124,124,1.1551,405.47455,-13.506543,-308.99667,0,0,0,0,0,0,0,0,0,0,0,0,1
125,125,125,125,125,1.15512,403.19388,-16.234783,-414.18777,0,0,0,0,0,0,0,0,0,0,0,0,1
126,126,126,126,126,1.15514,403.05295,-14.884893,-359.96344,0,0,0,0,0,0,0,0,0,0,0,0,1
127,127,127,127,127,1.15516,402.73053,-13.563935,-252.34575,0,0,0,0,0,0,0,0,0,0,0,0,1
128,128,128,128,128,1.15518,404.86768,-13.694897,-400.37036,0,0,0,0,0,0,0,0,0,0,0,0,1
129,129,129,129,129,1.1552,401.70654,-15.441285,-322.9537,0,0,0,0,0,0,0,0,0,0,0,0,1
130,130,130,130,130,1.15522,403.26254,-12.370339,-339.28992,0,0,0,0,0,0,0,0,0,0,0,0,1
131,131,131,131,131,1.15524,400.27466,-13.144736,-350.8069,0,0,0,0,0,0,0,0,0,0,0,0,1
132,132,132,132,132,1.15526,400.94748,-16.179337,-250.79385,0,0,0,0,0,0,0,0,0,0,0,0,1
133,133,133,133,133,1.15528,405.81284,-11.889296,-225.8931,0,0,0,0,0,0,0,0,0,0,0,0,1
134,134,134,134,134,1.1553,401.98727,-12.7171545,-356.5383,0,0,0,0,0,0,0,0,0,0,0,0,1
135,135,135,135,135,1.15532,399.41,-13.395727,-264.28784,0,0,0,0,0,0,0,0,0,0,0,0,1
136,136,136,136,136,1.15534,406.49167,-10.478819,-314.14404,0,0,0,0,0,0,0,0,0,0,0,0,1
137,137,137,137,137,1.15536,404.58514,-15.29369,-361.33115,0,0,0,0,0,0,0,0,0,0,0,0,1
138,138,138,138,138,1.15538,403.79752,-7.3900614,-159.09148,0,0,0,0,0,0,0,0,0,0,0,0,1
139,139,139,139,139,1.1554,406.9041,-11.8279705,-363.7988,0,0,0,0,0,0,0,0,0,0,0,0,1
140,140,140,140,140,1.15542,403.1735,-10.913278,-287.74966,0,0,0,0,0,0,0,0,0,0,0,0,1
141,141,141,141,141,1.15544,405.385,-9.567728,-344.27902,0,0,0,0,0,0,0,0,0,0,0,0,1
142,142,142,142,142,1.15546,405.0771,-11.978553,-267.3855,0,0,0,0,0,0,0,0,0,0,0,0,1
143,143,143,143,143,1.1554799999999998,404.2511,-13.076729,-212.88263,0,0,0,0,0,0,0,0,0,0,0,0,1
144,144,144,144,144,1.1555,401.51505,-12.129533,-318.5083,0,0,0,0,0,0,0,0,0,0,0,0,1
145,145,145,145,145,1.15552,402.75964,-15.397047,-345.07428,0,0,0,0,0,0,0,0,0,0,0,0,1
146,146,146,146,146,1.15554,406.18494,-13.1678505,-238.12857,0,0,0,0,0,0,0,0,0,0,0,0,1
147,147,147,147,147,1.15556,406.5074,-10.74276,-236.12625,0,0,0,0,0,0,0,0,0,0,0,0,1
148,148,148,148,148,1.15558,404.4722,-12.603437,-382.97144,0,0,0,0,0,0,0,0,0,0,0,0,1
149,149,149,149,149,1.1556,404.53766,-13.233176,-264.77298,0,0,0,0,0,0,0,0,0,0,0,0,1
150,150,150,150,150,1.15562,406.9993,-10.928215,-326.43417,0,0,0,0,0,0,0,0,0,0,0,0,1
151,151,151,151,151,1.15564,405.80276,-9.371833,-209.15392,0,0,0,0,0,0,0,0,0,0,0,0,1
152,152,152,152,152,1.15566,409.29288,-12.418779,-323.33316,0,0,0,0,0,0,0,0,0,0,0,0,1
153,153,153,153,153,1.15568,404.16263,-11.918611,-374.58865,0,0,0,0,0,0,0,0,0,0,0,0,1
154,154,154,154,154,1.1557,405.4506,-12.241481,-308.51285,0,0,0,0,0,0,0,0,0,0,0,0,1
155,155,155,155,155,1.15572,405.82437,-9.578809,-293.50192,0,0,0,0,0,0,0,0,0,0,0,0,1
156,156,156,156,156,1.15574,405.24786,-11.341184,-330.84216,0,0,0,0,0,0,0,0,0,0,0,0,1
157,157,157,157,157,1.15576,403.17398,-11.082824,-313.76624,0,0,0,0,0,0,0,0,0,0,0,0,1
158,158,158,158,158,1.15578,407.62894,-10.604232,-325.90643,0,0,0,0,0,0,0,0,0,0,0,0,1
159,159,159,159,159,1.1558,406.46182,-12.5619755,-228.07349,0,0,0,0,0,0,0,0,0,0,0,0,1
160,160,160,160,160,1.1558199999999998,401.47333,-14.983943,-314.53854,0,0,0,0,0,0,0,0,0,0,0,0,1
161,161,161,161,161,1.15584,405.54095,-11.557372,-265.98514,0,0,0,0,0,0,0,0,0,0,0,0,1
162,162,162,162,162,1.15586,404.49106,-14.815259,-290.60272,0,0,0,0,0,0,0,0,0,0,0,0,1
163,163,163,163,163,1.15588,408.9068,-10.803176,-342.29962,0,0,0,0,0,0,0,0,0,0,0,0,1
164,164,164,164,164,1.1559,406.1853,-12.604605,-354.33545,0,0,0,0,0,0,0,0,0,0,0,0,1
165,165,165,165,165,1.15592,405.61957,-12.956987,-293.78815,0,0,0,0,0,0,0,0,0,0,0,0,1
166,166,166,166,166,1.15594,406.1664,-11.878667,-338.471,0,0,0,0,0,0,0,0,0,0,0,0,1
167,167,167,167,167,1.15596,409.83948,-10.644094,-240.15666,0,0,0,0,0,0,0,0,0,0,0,0,1
168,168,168,168,168,1.15598,408.9893,-12.211731,-311.06653,0,0,0,0,0,0,0,0,0,0,0,0,1
169,169,169,169,169,1.156,407.0205,-13.087906,-421.18597,0,0,0,0,0,0,0,0,0,0,0,0,1
170,170,170,170,170,1.15602,406.75647,-14.44802,-287.81412,0,0,0,0,0,0,0,0,0,0,0,0,1
171,171,171,171,171,1.15604,407.82477,-14.791482,-302.78165,0,0,0,0,0,0,0,0,0,0,0,0,1
172,172,172,172,172,1.15606,407.69275,-14.276699,-272.77426,0,0,0,0,0,0,0,0,0,0,0,0,1
173,173,173,173,173,1.15608,408.14175,-14.500063,-270.20602,0,0,0,0,0,0,0,0,0,0,0,0,1
174,174,174,174,174,1.1561,407.5531,-12.558649,-270.54526,0,0,0,0,0,0,0,0,0,0,0,0,1
175,175,175,175,175,1.15612,410.2165,-13.434192,-251.13486,0,0,0,0,0,0,0,0,0,0,0,0,1
176,176,176,176,176,1.15614,405.8486,-10.819497,-211.50378,0,0,0,0,0,0,0,0,0,0,0,0,1
177,177,177,177,177,1.15616,405.49988,-13.804405,-382.3177,0,0,0,0,0,0,0,0,0,0,0,0,1
178,178,178,178,178,1.15618,409.53992,-12.72812,-274.19577,0,0,0,0,0,0,0,0,0,0,0,0,1
179,179,179,179,179,1.1562,408.27716,-13.213499,-336.7981,0,0,0,0,0,0,0,0,0,0,0,0,1
180,180,180,180,180,1.15622,406.90674,-14.35372,-265.17026,0,0,0,0,0,0,0,0,0,0,0,0,1
181,181,181,181,181,1.15624,405.7642,-12.729617,-372.47382,0,0,0,0,0,0,0,0,0,0,0,0,1
182,182,182,182,182,1.1562599999999998,409.46744,-14.317433,-203.55893,0,0,0,0,0,0,0,0,0,0,0,0,1
183,183,183,183,183,1.15628,409.48257,-12.154155,-341.02844,0,0,0,0,0,0,0,0,0,0,0,0,1
184,184,184,184,184,1.1563,411.55002,-14.160334,-304.14755,0,0,0,0,0,0,0,0,0,0,0,0,1
185,185,185,185,185,1.15632,406.30716,-11.898583,-246.99481,0,0,0,0,0,0,0,0,0,0,0,0,1
186,186,186,186,186,1.15634,408.74158,-7.1828384,-248.57675,0,0,0,0,0,0,0,0,0,0,0,0,1
187,187,187,187,187,1.15636,407.3013,-11.185769,-281.3358,0,0,0,0,0,0,0,0,0,0,0,0,1
188,188,188,188,188,1.15638,410.98242,-13.6574,-276.2356,0,0,0,0,0,0,0,0,0,0,0,0,1
189,189,189,189,189,1.1564,408.29526,-14.718897,-275.69904,0,0,0,0,0,0,0,0,0,0,0,0,1
190,190,190,190,190,1.15642,409.10858,-12.805129,-358.50937,0,0,0,0,0,0,0,0,0,0,0,0,1
191,191,191,191,191,1.15644,408.84003,-13.768172,-296.45322,0,0,0,0,0,0,0,0,0,0,0,0,1
192,192,192,192,192,1.15646,410.25116,-12.267068,-319.52863,0,0,0,0,0,0,0,0,0,0,0,0,1
193,193,193,193,193,1.15648,408.9209,-13.521321,-226.94821,0,0,0,0,0,0,0,0,0,0,0,0,1
194,194,194,194,194,1.1565,413.46957,-8.767697,-327.89825,0,0,0,0,0,0,0,0,0,0,0,0,1
195,195,195,195,195,1.15652,410.5297,-13.916206,-256.887,0,0,0,0,0,0,0,0,0,0,0,0,1
196,196,196,196,196,1.15654,410.11044,-15.258902,-254.69391,0,0,0,0,0,0,0,0,0,0,0,0,1
197,197,197,197,197,1.15656,411.79327,-10.647883,-305.34598,0,0,0,0,0,0,0,0,0,0,0,0,1
198,198,198,198,198,1.15658,409.47165,-11.548424,-226.79185,0,0,0,0,0,0,0,0,0,0,0,0,1
199,199,199,199,199,1.1566,410.1929,-11.955061,-277.89645,0,0,0,0,0,0,0,0,0,0,0,0,1
200,200,200,200,200,1.15662,409.70383,-14.261114,-263.8443,0,0,0,0,0,0,0,0,0,0,0,0,1
201,201,201,201,201,1.15664,408.55206,-9.999472,-167.56075,0,0,0,0,0,0,0,0,0,0,0,0,1
202,202,202,202,202,1.15666,410.3819,-7.9873857,-343.00696,0,0,0,0,0,0,0,0,0,0,0,0,1
203,203,203,203,203,1.15668,409.1859,-10.052849,-183.69907,0,0,0,0,0,0,0,0,0,0,0,0,1
204,204,204,204,204,1.1566999999999998,408.8567,-12.185455,-220.40677,0,0,0,0,0,0,0,0,0,0,0,0,1
205,205,205,205,205,1.15672,411.3374,-10.373124,-231.07823,0,0,0,0,0,0,0,0,0,0,0,0,1
206,206,206,206,206,1.15674,409.33728,-13.343115,-207.1499,0,0,0,0,0,0,0,0,0,0,0,0,1
207,207,207,207,207,1.15676,412.43893,-13.122216,-208.45427,0,0,0,0,0,0,0,0,0,0,0,0,1
208,208,208,208,208,1.15678,411.02277,-12.51145,-237.95479,0,0,0,0,0,0,0,0,0,0,0,0,1
209,209,209,209,209,1.1568,412.54147,-12.449732,-243.73686,0,0,0,0,0,0,0,0,0,0,0,0,1
210,210,210,210,210,1.15682,409.13455,-10.656262,-276.86752,0,0,0,0,0,0,0,0,0,0,0,0,1
211,211,211,211,211,1.15684,409.69705,-10.669379,-318.2408,0,0,0,0,0,0,0,0,0,0,0,0,1
212,212,212,212,212,1.15686,413.4191,-11.162854,-261.02203,0,0,0,0,0,0,0,0,0,0,0,0,1
213,213,213,213,213,1.15688,413.6607,-9.904765,-329.5634,0,0,0,0,0,0,0,0,0,0,0,0,1
214,214,214,214,214,1.1569,407.2175,-8.518651,-328.8143,0,0,0,0,0,0,0,0,0,0,0,0,1
215,215,215,215,215,1.15692,414.51282,-7.7716846,-243.90437,0,0,0,0,0,0,0,0,0,0,0,0,1
216,216,216,216,216,1.15694,414.01093,-11.557248,-280.4195,0,0,0,0,0,0,0,0,0,0,0,0,1
217,217,217,217,217,1.15696,411.66342,-11.9089365,-248.43015,0,0,0,0,0,0,0,0,0,0,0,0,1
218,218,218,218,218,1.15698,412.82965,-12.547038,-235.37103,0,0,0,0,0,0,0,0,0,0,0,0,1
219,219,219,219,219,1.157,410.29343,-11.693051,-235.27882,0,0,0,0,0,0,0,0,0,0,0,0,1
220,220,220,220,220,1.15702,413.2555,-10.554089,-277.03113,0,0,0,0,0,0,0,0,0,0,0,0,1
221,221,221,221,221,1.1570399999999998,410.52637,-7.551491,-268.46332,0,0,0,0,0,0,0,0,0,0,0,0,1
222,222,222,222,222,1.15706,411.942,-12.331952,-264.509,0,0,0,0,0,0,0,0,0,0,0,0,1
223,223,223,223,223,1.15708,412.41864,-8.839099,-158.1813,0,0,0,0,0,0,0,0,0,0,0,0,1
224,224,224,224,224,1.1571,411.82352,-7.4758368,-218.67703,0,0,0,0,0,0,0,0,0,0,0,0,1
225,225,225,225,225,1.15712,414.95267,-10.416326,-272.7739,0,0,0,0,0,0,0,0,0,0,0,0,1
226,226,226,226,226,1.15714,413.26813,-15.929989,-205.68546,0,0,0,0,0,0,0,0,0,0,0,0,1
227,227,227,227,227,1.15716,409.2318,-9.960012,-184.55334,0,0,0,0,0,0,0,0,0,0,0,0,1
228,228,228,228,228,1.15718,411.09344,-9.702368,-258.50476,0,0,0,0,0,0,0,0,0,0,0,0,1
229,229,229,229,229,1.1572,414.6856,-8.152239,-325.5783,0,0,0,0,0,0,0,0,0,0,0,0,1
230,230,230,230,230,1.15722,411.73422,-17.017702,-250.83826,0,0,0,0,0,0,0,0,0,0,0,0,1
231,231,231,231,231,1.15724,410.7268,-8.777685,-264.76132,0,0,0,0,0,0,0,0,0,0,0,0,1
232,232,232,232,232,1.15726,410.8006,-12.75511,-223.0741,0,0,0,0,0,0,0,0,0,0,0,0,1
233,233,233,233,233,1.15728,408.83597,-7.9063554,-222.77469,0,0,0,0,0,0,0,0,0,0,0,0,1
234,234,234,234,234,1.1573,411.83,-11.609486,-182.10776,0,0,0,0,0,0,0,0,0,0,0,0,1
235,235,235,235,235,1.15732,407.1002,-6.973547,-229.8355,0,0,0,0,0,0,0,0,0,0,0,0,1
236,236,236,236,236,1.15734,410.86197,-9.399357,-204.88086,0,0,0,0,0,0,0,0,0,0,0,0,1
237,237,237,237,237,1.15736,413.01096,-10.680223,-164.68791,0,0,0,0,0,0,0,0,0,0,0,0,1
238,238,238,238,238,1.15738,413.20062,-6.507163,-234.5635,0,0,0,0,0,0,0,0,0,0,0,0,1
239,239,239,239,239,1.1574,413.40857,-12.463123,-191.32199,0,0,0,0,0,0,0,0,0,0,0,0,1
240,240,240,240,240,1.15742,413.49158,-7.5009594,-229.5483,0,0,0,0,0,0,0,0,0,0,0,0,1
241,241,241,241,241,1.15744,411.7544,-6.8462076,-224.24976,0,0,0,0,0,0,0,0,0,0,0,0,1
242,242,242,242,242,1.15746,412.3299,-8.013261,-260.25027,0,0,0,0,0,0,0,0,0,0,0,0,1
243,243,243,243,243,1.1574799999999998,411.32617,-9.125251,-225.88547,0,0,0,0,0,0,0,0,0,0,0,0,1
244,244,244,244,244,1.1575,413.95026,-10.017488,-308.992,0,0,0,0,0,0,0,0,0,0,0,0,1
245,245,245,245,245,1.15752,411.2541,-9.941475,-268.06247,0,0,0,0,0,0,0,0,0,0,0,0,1
246,246,246,246,246,1.15754,414.46075,-11.558166,-240.88129,0,0,0,0,0,0,0,0,0,0,0,0,1
247,247,247,247,247,1.15756,412.30768,-9.117961,-223.72325,0,0,0,0,0,0,0,0,0,0,0,0,1
248,248,248,248,248,1.15758,411.88095,-9.928092,-275.82947,0,0,0,0,0,0,0,0,0,0,0,0,1
249,249,249,249,249,1.1576,412.37085,-12.489525,-252.72212,0,0,0,0,0,0,0,0,0,0,0,0,1
250,250,250,250,250,1.15762,412.075,-7.606127,-158.39395,0,0,0,0,0,0,0,0,0,0,0,0,1
251,251,251,251,251,1.15764,411.55896,-11.292559,-246.09552,0,0,0,0,0,0,0,0,0,0,0,0,1
252,252,252,252,252,1.15766,413.28558,-8.4605875,-233.90118,0,0,0,0,0,0,0,0,0,0,0,0,1
253,253,253,253,253,1.15768,410.81784,-7.7440906,-278.1624,0,0,0,0,0,0,0,0,0,0,0,0,1
254,254,254,254,254,1.1577,411.71494,-8.236157,-168.92892,0,0,0,0,0,0,0,0,0,0,0,0,1
255,255,255,255,255,1.15772,411.4595,-6.7013044,-261.07294,0,0,0,0,0,0,0,0,0,0,0,0,1
256,256,256,256,256,1.15774,412.38992,-14.676879,-215.0766,0,0,0,0,0,0,0,0,0,0,0,0,1
257,257,257,257,257,1.15776,413.17285,-5.721088,-182.76053,0,0,0,0,0,0,0,0,0,0,0,0,1
258,258,258,258,258,1.15778,408.53528,-8.200473,-212.98566,0,0,0,0,0,0,0,0,0,0,0,0,1
259,259,259,259,259,1.1578,410.82977,-8.627804,-221.12947,0,0,0,0,0,0,0,0,0,0,0,0,1
260,260,260,260,260,1.1578199999999998,414.93588,-9.396177,-158.30157,0,0,0,0,0,0,0,0,0,0,0,0,1
261,261,261,261,261,1.15784,410.37427,-7.9222703,-177.81876,0,0,0,0,0,0,0,0,0,0,0,0,1
262,262,262,262,262,1.15786,410.29987,-11.150602,-196.20644,0,0,0,0,0,0,0,0,0,0,0,0,1
263,263,263,263,263,1.15788,409.72485,-8.7156105,-184.18878,0,0,0,0,0,0,0,0,0,0,0,0,1
264,264,264,264,264,1.1579,412.5426,-11.744934,-238.93668,0,0,0,0,0,0,0,0,0,0,0,0,1
265,265,265,265,265,1.1579199999999998,407.62686,-8.172962,-184.26575,0,0,0,0,0,0,0,0,0,0,0,0,1
266,266,266,266,266,1.15794,413.05212,-10.432821,-152.65956,0,0,0,0,0,0,0,0,0,0,0,0,1
267,267,267,267,267,1.15796,410.8073,-9.236331,-138.66704,0,0,0,0,0,0,0,0,0,0,0,0,1
268,268,268,268,268,1.15798,410.11884,-10.166542,-228.08762,0,0,0,0,0,0,0,0,0,0,0,0,1
269,269,269,269,269,1.158,410.80414,-7.959094,-209.92122,0,0,0,0,0,0,0,0,0,0,0,0,1
270,270,270,270,270,1.15802,411.34555,-4.4042153,-236.5123,0,0,0,0,0,0,0,0,0,0,0,0,1
271,271,271,271,271,1.15804,413.8567,-5.503992,-140.10239,0,0,0,0,0,0,0,0,0,0,0,0,1
272,272,272,272,272,1.15806,411.902,-9.608677,-257.4126,0,0,0,0,0,0,0,0,0,0,0,0,1
273,273,273,273,273,1.15808,412.57492,-7.485084,-182.72914,0,0,0,0,0,0,0,0,0,0,0,0,1
274,274,274,274,274,1.1581,407.52176,-7.636076,-178.10541,0,0,0,0,0,0,0,0,0,0,0,0,1
275,275,275,275,275,1.15812,411.59177,-8.290057,-94.80418,0,0,0,0,0,0,0,0,0,0,0,0,1
276,276,276,276,276,1.15814,411.71558,-7.503235,-160.82202,0,0,0,0,0,0,0,0,0,0,0,0,1
277,277,277,277,277,1.15816,410.68674,-5.241149,-90.69035,0,0,0,0,0,0,0,0,0,0,0,0,1
278,278,278,278,278,1.15818,413.55112,-6.246113,-214.01932,0,0,0,0,0,0,0,0,0,0,0,0,1
279,279,279,279,279,1.1582,412.76822,-9.457941,-237.55905,0,0,0,0,0,0,0,0,0,0,0,0,1
280,280,280,280,280,1.15822,408.65097,-6.4996815,-258.64606,0,0,0,0,0,0,0,0,0,0,0,0,1
281,281,281,281,281,1.15824,409.6505,-7.026631,-165.10522,0,0,0,0,0,0,0,0,0,0,0,0,1
282,282,282,282,282,1.1582599999999998,406.90237,-5.6309686,-229.27936,0,0,0,0,0,0,0,0,0,0,0,0,1
283,283,283,283,283,1.15828,410.27682,-8.024478,-212.30705,0,0,0,0,0,0,0,0,0,0,0,0,1
284,284,284,284,284,1.1583,409.3922,-5.26341,-182.76207,0,0,0,0,0,0,0,0,0,0,0,0,1
285,285,285,285,285,1.15832,410.88135,-6.3837786,-161.57751,0,0,0,0,0,0,0,0,0,0,0,0,1
286,286,286,286,286,1.15834,410.54306,-6.62857,-136.04001,0,0,0,0,0,0,0,0,0,0,0,0,1
287,287,287,287,287,1.15836,409.3323,-5.295516,-113.172485,0,0,0,0,0,0,0,0,0,0,0,0,1
288,288,288,288,288,1.15838,408.2417,-5.6991954,-122.77604,0,0,0,0,0,0,0,0,0,0,0,0,1
289,289,289,289,289,1.1584,409.47107,-6.009927,-192.73256,0,0,0,0,0,0,0,0,0,0,0,0,1
290,290,290,290,290,1.15842,407.44452,-6.853791,-178.57832,0,0,0,0,0,0,0,0,0,0,0,0,1
291,291,291,291,291,1.15844,412.68698,-5.895876,-70.65103,0,0,0,0,0,0,0,0,0,0,0,0,1
292,292,292,292,292,1.15846,408.8362,-5.0512295,-40.691772,0,0,0,0,0,0,0,0,0,0,0,0,1
293,293,293,293,293,1.15848,410.68637,-5.0870886,-202.09726,0,0,0,0,0,0,0,0,0,0,0,0,1
294,294,294,294,294,1.1585,410.08365,-2.8374658,-199.65543,0,0,0,0,0,0,0,0,0,0,0,0,1
295,295,295,295,295,1.15852,410.4506,-6.9334435,-148.72981,0,0,0,0,0,0,0,0,0,0,0,0,1
296,296,296,296,296,1.15854,410.42975,-4.7475023,-242.16318,0,0,0,0,0,0,0,0,0,0,0,0,1
297,297,297,297,297,1.15856,405.84485,-4.7093143,-160.91743,0,0,0,0,0,0,0,0,0,0,0,0,1
298,298,298,298,298,1.15858,410.9327,-6.1329966,-236.8328,0,0,0,0,0,0,0,0,0,0,0,0,1
299,299,299,299,299,1.1586,406.6072,-3.3432996,-38.851845,0,0,0,0,0,0,0,0,0,0,0,0,1
300,300,300,300,300,1.15862,408.47235,-3.7129402,-152.7975,0,0,0,0,0,0,0,0,0,0,0,0,1
301,301,301,301,301,1.15864,408.61005,-4.7770457,-90.25934,0,0,0,0,0,0,0,0,0,0,0,0,1
302,302,302,302,302,1.15866,406.60327,-6.6319103,-163.18648,0,0,0,0,0,0,0,0,0,0,0,0,1
303,303,303,303,303,1.15868,407.76886,-7.119217,-120.253365,0,0,0,0,0,0,0,0,0,0,0,0,1
304,304,304,304,304,1.1586999999999998,408.79535,-4.975014,-80.36064,0,0,0,0,0,0,0,0,0,0,0,0,1
305,305,305,305,305,1.15872,408.76053,-1.2193413,-118.9226,0,0,0,0,0,0,0,0,0,0,0,0,1
306,306,306,306,306,1.15874,409.44305,-6.266187,-159.96173,0,0,0,0,0,0,0,0,0,0,0,0,1
307,307,307,307,307,1.15876,406.35144,-5.8927045,-60.789536,0,0,0,0,0,0,0,0,0,0,0,0,1
308,308,308,308,308,1.15878,408.46906,-6.8460245,-57.615547,0,0,0,0,0,0,0,0,0,0,0,0,1
309,309,309,309,309,1.1588,407.8589,-5.517382,-75.346954,0,0,0,0,0,0,0,0,0,0,0,0,1
310,310,310,310,310,1.15882,407.70044,-3.2660499,-90.00245,0,0,0,0,0,0,0,0,0,0,0,0,1
311,311,311,311,311,1.15884,407.60843,-3.7668781,-75.20111,0,0,0,0,0,0,0,0,0,0,0,0,1
312,312,312,312,312,1.15886,405.9675,-3.0890126,-85.377945,0,0,0,0,0,0,0,0,0,0,0,0,1
313,313,313,313,313,1.15888,407.37036,-6.5540314,-65.583534,0,0,0,0,0,0,0,0,0,0,0,0,1
314,314,314,314,314,1.1589,407.83087,-3.754912,-187.20932,0,0,0,0,0,0,0,0,0,0,0,0,1
315,315,315,315,315,1.15892,403.93732,-3.060472,-58.61234,0,0,0,0,0,0,0,0,0,0,0,0,1
316,316,316,316,316,1.15894,408.01398,-3.6871736,-133.27531,0,0,0,0,0,0,0,0,0,0,0,0,1
317,317,317,317,317,1.15896,404.1126,-3.5129857,-199.48122,0,0,0,0,0,0,0,0,0,0,0,0,1
318,318,318,318,318,1.15898,405.8013,-3.4047773,-27.970787,0,0,0,0,0,0,0,0,0,0,0,0,1
319,319,319,319,319,1.159,404.02933,-6.743368,-120.01387,0,0,0,0,0,0,0,0,0,0,0,0,1
320,320,320,320,320,1.15902,406.8771,-3.6844454,-88.95091,0,0,0,0,0,0,0,0,0,0,0,0,1
321,321,321,321,321,1.1590399999999998,405.8337,-7.253714,-89.149994,0,0,0,0,0,0,0,0,0,0,0,0,1
322,322,322,322,322,1.15906,404.39865,0.11166859,-52.541077,0,0,0,0,0,0,0,0,0,0,0,0,1
323,323,323,323,323,1.15908,406.0076,-8.630375,-88.78137,0,0,0,0,0,0,0,0,0,0,0,0,1
324,324,324,324,324,1.1591,407.7767,-5.547813,-88.471176,0,0,0,0,0,0,0,0,0,0,0,0,1
325,325,325,325,325,1.15912,401.29636,-3.6426206,-120.116165,0,0,0,0,0,0,0,0,0,0,0,0,1
326,326,326,326,326,1.1591399999999998,408.83383,-4.7589235,-125.877235,0,0,0,0,0,0,0,0,0,0,0,0,1
327,327,327,327,327,1.15916,403.52484,-1.2701881,-72.41512,0,0,0,0,0,0,0,0,0,0,0,0,1
328,328,328,328,328,1.15918,405.99786,-1.5213034,-47.449577,0,0,0,0,0,0,0,0,0,0,0,0,1
329,329,329,329,329,1.1592,408.72296,0.92718625,-75.64686,0,0,0,0,0,0,0,0,0,0,0,0,1
330,330,330,330,330,1.15922,404.06665,-2.419157,-95.8611,0,0,0,0,0,0,0,0,0,0,0,0,1
331,331,331,331,331,1.15924,408.7317,-3.9291697,-100.96614,0,0,0,0,0,0,0,0,0,0,0,0,1
332,332,332,332,332,1.15926,405.32797,-1.2242992,-182.48792,0,0,0,0,0,0,0,0,0,0,0,0,1
333,333,333,333,333,1.15928,407.4169,0.26182818,-33.215553,0,0,0,0,0,0,0,0,0,0,0,0,1
334,334,334,334,334,1.1593,401.66983,-3.4613206,3.2258224,0,0,0,0,0,0,0,0,0,0,0,0,1
335,335,335,335,335,1.15932,407.17273,-1.5631797,-110.51,0,0,0,0,0,0,0,0,0,0,0,0,1
336,336,336,336,336,1.15934,401.71036,-3.0650012,-121.81372,0,0,0,0,0,0,0,0,0,0,0,0,1
337,337,337,337,337,1.15936,405.76685,-2.8970351,-14.050106,0,0,0,0,0,0,0,0,0,0,0,0,1
338,338,338,338,338,1.15938,404.21014,-4.2362804,-22.676334,0,0,0,0,0,0,0,0,0,0,0,0,1
339,339,339,339,339,1.1594,404.56137,-1.2886592,-123.10965,0,0,0,0,0,0,0,0,0,0,0,0,1
340,340,340,340,340,1.15942,400.58124,-1.8757793,-20.817326,0,0,0,0,0,0,0,0,0,0,0,0,1
341,341,341,341,341,1.15944,403.9206,-4.5761642,117.814835,0,0,0,0,0,0,0,0,0,0,0,0,1
342,342,342,342,342,1.15946,403.94965,-2.403103,-59.631012,0,0,0,0,0,0,0,0,0,0,0,0,1
343,343,343,343,343,1.1594799999999998,402.32678,-3.106552,-117.30449,0,0,0,0,0,0,0,0,0,0,0,0,1
344,344,344,344,344,1.1595,402.95102,-1.5116372,-90.0238,0,0,0,0,0,0,0,0,0,0,0,0,1
345,345,345,345,345,1.15952,404.2323,-5.5178976,-37.700974,0,0,0,0,0,0,0,0,0,0,0,0,1
346,346,346,346,346,1.15954,403.46167,0.9971994,53.32576,0,0,0,0,0,0,0,0,0,0,0,0,1
347,347,347,347,347,1.15956,399.65372,-0.66391957,52.858803,0,0,0,0,0,0,0,0,0,0,0,0,1
348,348,348,348,348,1.15958,405.272,-0.31023145,-18.837597,0,0,0,0,0,0,0,0,0,0,0,0,1
349,349,349,349,349,1.1596,401.85965,-0.8140448,-54.142,0,0,0,0,0,0,0,0,0,0,0,0,1
350,350,350,350,350,1.15962,400.93484,-2.7042913,-28.252914,0,0,0,0,0,0,0,0,0,0,0,0,1
351,351,351,351,351,1.15964,400.20514,-4.321977,-22.658825,0,0,0,0,0,0,0,0,0,0,0,0,1
352,352,352,352,352,1.15966,400.25125,-2.7932734,-153.48845,0,0,0,0,0,0,0,0,0,0,0,0,1
353,353,353,353,353,1.15968,403.98416,-2.9870825,-55.659283,0,0,0,0,0,0,0,0,0,0,0,0,1
354,354,354,354,354,1.1597,402.51685,2.3353667,-22.425484,0,0,0,0,0,0,0,0,0,0,0,0,1
355,355,355,355,355,1.15972,400.36234,-0.30793417,-109.48311,0,0,0,0,0,0,0,0,0,0,0,0,1
356,356,356,356,356,1.15974,398.14334,0.8975669,-52.385384,0,0,0,0,0,0,0,0,0,0,0,0,1
357,357,357,357,357,1.15976,402.20505,-1.3767271,-134.62492,0,0,0,0,0,0,0,0,0,0,0,0,1
358,358,358,358,358,1.15978,400.54022,-0.22183448,-85.930565,0,0,0,0,0,0,0,0,0,0,0,0,1
359,359,359,359,359,1.1598,402.13068,0.8402679,-65.78702,0,0,0,0,0,0,0,0,0,0,0,0,1
360,360,360,360,360,1.15982,397.71564,-0.8657324,-41.09645,0,0,0,0,0,0,0,0,0,0,0,0,1
361,361,361,361,361,1.15984,403.7864,2.3336911,-6.6328344,0,0,0,0,0,0,0,0,0,0,0,0,1
362,362,362,362,362,1.15986,400.8998,0.323245,-35.80275,0,0,0,0,0,0,0,0,0,0,0,0,1
363,363,363,363,363,1.15988,399.24063,-2.0608544,-14.854788,0,0,0,0,0,0,0,0,0,0,0,0,1
364,364,364,364,364,1.1599,399.33496,-0.15331107,-13.705906,0,0,0,0,0,0,0,0,0,0,0,0,1
365,365,365,365,365,1.1599199999999998,399.32074,3.2267525,-32.477337,0,0,0,0,0,0,0,0,0,0,0,0,1
366,366,366,366,366,1.15994,399.8254,1.0001261,59.846283,0,0,0,0,0,0,0,0,0,0,0,0,1
367,367,367,367,367,1.15996,399.04785,1.86779,31.348942,0,0,0,0,0,0,0,0,0,0,0,0,1
368,368,368,368,368,1.15998,397.58582,6.324008,4.1480494,0,0,0,0,0,0,0,0,0,0,0,0,1
369,369,369,369,369,1.16,399.05627,-0.06479819,63.74301,0,0,0,0,0,0,0,0,0,0,0,0,1
370,370,370,370,370,1.16002,397.86722,3.7579308,91.917435,0,0,0,0,0,0,0,0,0,0,0,0,1
371,371,371,371,371,1.16004,397.49588,2.0605311,11.28829,0,0,0,0,0,0,0,0,0,0,0,0,1
372,372,372,372,372,1.16006,398.48877,-4.5029626,32.114464,0,0,0,0,0,0,0,0,0,0,0,0,1
373,373,373,373,373,1.16008,398.10098,1.0767577,21.460226,0,0,0,0,0,0,0,0,0,0,0,0,1
374,374,374,374,374,1.1601,398.23578,2.3269198,-49.65998,0,0,0,0,0,0,0,0,0,0,0,0,1
375,375,375,375,375,1.16012,397.795,0.44168884,-52.58892,0,0,0,0,0,0,0,0,0,0,0,0,1
376,376,376,376,376,1.16014,397.9367,2.3391337,-29.6745,0,0,0,0,0,0,0,0,0,0,0,0,1
377,377,377,377,377,1.16016,396.5756,-0.17447323,-11.656379,0,0,0,0,0,0,0,0,0,0,0,0,1
378,378,378,378,378,1.16018,396.13095,-0.53822005,-18.692911,0,0,0,0,0,0,0,0,0,0,0,0,1
379,379,379,379,379,1.1602,398.31992,1.9756393,24.124786,0,0,0,0,0,0,0,0,0,0,0,0,1
380,380,380,380,380,1.16022,397.7619,-3.018341,134.34407,0,0,0,0,0,0,0,0,0,0,0,0,1
381,381,381,381,381,1.16024,395.99606,0.3320768,47.565563,0,0,0,0,0,0,0,0,0,0,0,0,1
382,382,382,382,382,1.1602599999999998,394.58508,-1.7905685,89.32849,0,0,0,0,0,0,0,0,0,0,0,0,1
383,383,383,383,383,1.16028,395.07593,1.784549,69.32506,0,0,0,0,0,0,0,0,0,0,0,0,1
384,384,384,384,384,1.1603,397.2938,-3.23353,3.0665588,0,0,0,0,0,0,0,0,0,0,0,0,1
385,385,385,385,385,1.16032,396.99585,3.6104074,-75.17348,0,0,0,0,0,0,0,0,0,0,0,0,1
386,386,386,386,386,1.16034,397.60837,2.7264032,22.639648,0,0,0,0,0,0,0,0,0,0,0,0,1
387,387,387,387,387,1.16036,396.0498,3.9318557,67.17032,0,0,0,0,0,0,0,0,0,0,0,0,1
388,388,388,388,388,1.16038,397.0932,-0.07635653,86.803314,0,0,0,0,0,0,0,0,0,0,0,0,1
389,389,389,389,389,1.1604,396.48596,1.597249,104.6731,0,0,0,0,0,0,0,0,0,0,0,0,1
390,390,390,390,390,1.16042,395.11166,5.738208,25.36499,0,0,0,0,0,0,0,0,0,0,0,0,1
391,391,391,391,391,1.16044,393.53665,-0.09303796,104.65239,0,0,0,0,0,0,0,0,0,0,0,0,1
392,392,392,392,392,1.16046,396.04492,3.7177496,76.88492,0,0,0,0,0,0,0,0,0,0,0,0,1
393,393,393,393,393,1.16048,394.046,1.591049,-30.819405,0,0,0,0,0,0,0,0,0,0,0,0,1
394,394,394,394,394,1.1605,394.2375,-0.8158989,54.45779,0,0,0,0,0,0,0,0,0,0,0,0,1
395,395,395,395,395,1.16052,396.78986,0.5894463,-10.588364,0,0,0,0,0,0,0,0,0,0,0,0,1
396,396,396,396,396,1.16054,394.4946,6.998088,51.838783,0,0,0,0,0,0,0,0,0,0,0,0,1
397,397,397,397,397,1.16056,392.50723,2.998636,11.149471,0,0,0,0,0,0,0,0,0,0,0,0,1
398,398,398,398,398,1.16058,395.40836,2.2357616,172.27428,0,0,0,0,0,0,0,0,0,0,0,0,1
399,399,399,399,399,1.1606,395.89145,1.1428392,190.45331,0,0,0,0,0,0,0,0,0,0,0,0,1
400,400,400,400,400,1.16062,389.81674,4.895117,86.80831,0,0,0,0,0,0,0,0,0,0,0,0,1
401,401,401,401,401,1.160631795631207,395.70306,3.844078,127.87903,0,0,0,0,0,0,0,0,0,0,0,0,1
