y0_pred,y1_pred,y2_pred,y3_pred,y4_pred,y5_pred,y6_pred,y7_pred,y8_pred,y9_pred,y10_pred,y11_pred,y12_pred,y13_pred,y14_pred,y15_pred
1.6297625295547622,1.629684745616839,1.629684745616839,1.6297625295547609,2.7567304681968903,2.7563884838108423,2.7563884838413055,2.756730467931874,1.7363346779149607,1.7362035667787519,1.7362035667787519,1.7363346779149607,0.46140085806444336,0.4614128124826124,0.4614128124826124,0.46140085806444336
1.6308499298879144,1.6307726558041755,1.6307726558041742,1.6308499298879167,2.751398231288127,2.7510581984165907,2.7510581984018616,2.7513982312679444,1.7295414000404097,1.7293953930671,1.7293953930671,1.7295414000404097,0.46023533542389133,0.4602745233517271,0.4602745233517271,0.46023533542389133
1.630120377389771,1.6300426669016037,1.630042666901603,1.6301203773897712,2.7550496930570163,2.7547078789212316,2.7547078789345627,2.755049692876039,1.733650888554653,1.733513143171584,1.733513143171584,1.733650888554653,0.4610357880472468,0.4610595681336838,0.4610595681336838,0.4610357880472468
1.6308302465960642,1.6307529360117559,1.6307529360117539,1.630830246596067,2.7515831677108253,2.7512429756457,2.751242975630825,2.7515831676893354,1.7295868246388808,1.7294406134514242,1.7294406134514242,1.7295868246388808,0.46027694450092804,0.4603164074023062,0.4603164074023062,0.46027694450092804
1.6301134550463035,1.630035667651345,1.6300356676513441,1.6301134550463037,2.7552109017668265,2.754868715254513,2.754868715266679,2.755210901585819,1.7334361792622146,1.733297362272048,1.733297362272048,1.7334361792622146,0.46107223964941224,0.461097750137148,0.461097750137148,0.46107223964941224
1.6302966358055624,1.630218908864694,1.630218908864693,1.6302966358055633,2.754396672395706,2.754054687352841,2.7540546873582015,2.7543966722497766,1.7323235853367032,1.7321822452520306,1.7321822452520306,1.7323235853367032,0.4608923348706518,0.46092241819216484,0.46092241819216484,0.4608923348706518
1.6300743913211584,1.6299965604693962,1.6299965604693953,1.6300743913211588,2.7555515281956002,2.755209186404521,2.755209186414779,2.7555515280232052,1.7335215685229806,1.7333822968279164,1.7333822968279164,1.7335215685229806,0.4611524435160812,0.4611786133848453,0.4611786133848453,0.4611524435160812
1.6293111755045515,1.6292330009673386,1.6292330009673388,1.6293111755045495,2.7592974038256193,2.7589537996157802,2.7589537996532307,2.7592974035068667,1.7380801778742645,1.7379504307179814,1.7379504307179814,1.7380801778742645,0.4619795116679312,0.46198816605438686,0.46198816605438686,0.4619795116679312
1.6291997610087763,1.6291215279786335,1.6291215279786337,1.6291997610087745,2.759690290205112,2.7593464589504277,2.7593464589882677,2.759690289882179,1.7383340629202784,1.7382044605888298,1.7382044605888298,1.7383340629202784,0.462072898407248,0.46208114686078744,0.46208114686078744,0.462072898407248
1.6297231580606517,1.6296450420440347,1.629645042044034,1.6297231580606515,2.757535210213035,2.7571916893899613,2.757191689407911,2.757535209988536,1.7350783105619443,1.7349408963718047,1.7349408963718047,1.7350783105619443,0.46159604417352,0.46161830565926354,0.46161830565926354,0.46159604417352
1.6302657916824426,1.6301878906715255,1.6301878906715237,1.6302657916824448,2.754715728305813,2.7543729860042516,2.754372985994252,2.754715728227324,1.7310340452469433,1.730887068633304,1.730887068633304,1.7310340452469433,0.46098874322822464,0.4610282291011915,0.4610282291011915,0.46098874322822464
1.628811126129591,1.6287326002787583,1.6287326002787585,1.6288111261295888,2.761708425229178,2.761363419407956,2.761363419449009,2.76170842487775,1.7396463515081517,1.739517517502274,1.739517517502274,1.7396463515081517,0.4625350063413674,0.4625411821442736,0.4625411821442736,0.4625350063413674
1.629632762705893,1.6295543861893929,1.6295543861893922,1.629632762705893,2.758121088130801,2.7577763107735045,2.7577763107897937,2.7581210878947875,1.7345652063702286,1.7344249332774542,1.7344249332774542,1.7345652063702286,0.4617298125430482,0.46175659389657975,0.46175659389657975,0.4617298125430482
1.6293486972719626,1.629270135366737,1.6292701353667365,1.6293486972719622,2.7595953099103094,2.7592497969356877,2.75924979695839,2.759595309634576,1.7358859647255573,1.7357476551594928,1.7357476551594928,1.7358859647255573,0.4620606658528478,0.46208356326411426,0.46208356326411426,0.4620606658528478
1.629537583069825,1.629459079091278,1.629459079091277,1.629537583069825,2.7586176424256177,2.758272301935313,2.7582723019496496,2.758617642191856,1.734493846829539,1.7343523238820997,1.7343523238820997,1.734493846829539,0.46184737251355595,0.46187605424876443,0.46187605424876443,0.46184737251355595
1.6283347543460442,1.6282560578463428,1.6282560578463432,1.6283347543460418,2.7638338418098685,2.763488364420038,2.7634883644613817,2.7638338414586245,1.7414484076227839,1.7413216262785116,1.7413216262785116,1.7414484076227839,0.46303528880509953,0.46303725527021666,0.46303725527021666,0.46303528880509953
1.629341797443728,1.6292631660996735,1.6292631660996728,1.629341797443728,2.7595671404604594,2.7592212856823806,2.759221285701014,2.759567140199557,1.7353282001544492,1.7351879014752998,1.7351879014752998,1.7353282001544492,0.46206111676487943,0.46208735599674894,0.46208735599674894,0.46206111676487943
1.6294614513507388,1.6293828080891015,1.6293828080891009,1.629461451350739,2.7591548697251964,2.758808897517534,2.7588088975310785,2.7591548694865202,1.7344760547156113,1.7343334339956626,1.7343334339956626,1.7344760547156113,0.46196991585229136,0.4620002252002077,0.4620002252002077,0.46196991585229136
1.6284899122424794,1.6284111392146094,1.6284111392146097,1.6284899122424772,2.763653821606793,2.763307910512824,2.7633079105494347,2.763653821271015,1.7405765448989556,1.7404469394602538,1.7404469394602538,1.7405765448989556,0.46298994261511606,0.46299674393835705,0.46299674393835705,0.46298994261511606
1.6289781218603083,1.6288993284571651,1.6288993284571645,1.6289781218603072,2.7615953869788847,2.7612489944073038,2.7612489944364715,2.761595386662988,1.7376188553789913,1.7374828941283935,1.7374828941283935,1.7376188553789913,0.4625126045372997,0.46253079157574,0.46253079157574,0.4625126045372997
1.6290481370100618,1.62896936876062,1.6289693687606195,1.629048137010061,2.761057651092587,2.7607113211812044,2.7607113212063594,2.7610576507962397,1.7368784032362607,1.7367408002375089,1.7367408002375089,1.7368784032362607,0.46239699796686445,0.46241813765874984,0.46241813765874984,0.46239699796686445
1.6293571965358904,1.6292784814470482,1.6292784814470471,1.6293571965358904,2.7597212166938196,2.7593749622600563,2.759374962275402,2.75972121644332,1.7349386284678991,1.734796578502596,1.734796578502596,1.7349386284678991,0.4620977723945763,0.46212690373120535,0.46212690373120535,0.4620977723945763
1.6295426748284092,1.6294641167952217,1.6294641167952204,1.6295426748284103,2.7578843131463087,2.757538651502261,2.7575386515052527,2.7578843129626156,1.7328130870820369,1.732666845981545,1.732666845981545,1.7328130870820369,0.4617062620793064,0.4617431056199841,0.4617431056199841,0.4617062620793064
1.6281334860992098,1.6280546273081165,1.628054627308117,1.6281334860992074,2.7651244753460364,2.7647784121762045,2.7647784122134005,2.7651244750116475,1.741994290972979,1.7418666969152452,1.7418666969152452,1.741994290972979,0.46333826784191906,0.4633411673652462,0.4633411673652462,0.46333826784191906
1.6284261652147938,1.6283472238067396,1.6283472238067396,1.6284261652147922,2.764087843663911,2.763741147636445,2.7637411476694886,2.76408784333439,1.7401563946099983,1.7400244167867864,1.7400244167867864,1.7401563946099983,0.46309335367417526,0.463103958762395,0.463103958762395,0.46309335367417526
1.6287125435234302,1.6286335793244886,1.628633579324488,1.628712543523429,2.7629741716667784,2.7626271480352527,2.7626271480642624,2.7629741713467557,1.738495450552139,1.7383598261054611,1.7383598261054611,1.738495450552139,0.4628330180029003,0.4628501341181744,0.4628501341181744,0.4628330180029003
1.6279485448016755,1.627869607951256,1.627869607951256,1.6279485448016733,2.7648661552219482,2.7645197039785154,2.7645197040122125,2.7648661548982103,1.7412852721632608,1.7411557240195146,1.7411557240195146,1.7412852721632608,0.4633024739075316,0.4633086497818643,0.4633086497818643,0.4633024739075316
1.6289035005801429,1.6288245191832642,1.6288245191832633,1.6289035005801424,2.761570098752065,2.761222786927304,2.761222786947455,2.761570098466437,1.736311710548827,1.736171057808282,1.736171057808282,1.736311710548827,0.4625261323808304,0.4625521577110254,0.4625521577110254,0.4625261323808304
1.6288629927306184,1.6287839717253534,1.6287839717253527,1.628862992730618,2.7621962499576833,2.761848815060103,2.761848815083005,2.762196249658233,1.736994464641599,1.7368550190704128,1.7368550190704128,1.736994464641599,0.4626605012746637,0.4626842930967154,0.4626842930967154,0.4626605012746637
1.6288792541041661,1.6288002053312804,1.6288002053312796,1.6288792541041657,2.762170299383305,2.761822719165042,2.7618227191866294,2.7621702990878827,1.7367647317017114,1.7366245062438324,1.7366245062438324,1.7367647317017114,0.46265531117028175,0.4626804208391665,0.4626804208391665,0.46265531117028175
1.6292070014829967,1.6291280511596322,1.6291280511596307,1.6292070014829974,2.760197760271686,2.7598504255933465,2.7598504256004244,2.7601977600469394,1.7340497538148658,1.7339034956314232,1.7339034956314232,1.7340497538148658,0.46222495953879167,0.46226094156266667,0.46226094156266667,0.46222495953879167
1.6290786210197628,1.6289995687392278,1.6289995687392267,1.629078621019763,2.7613599789346037,2.7610122671413753,2.7610122671549573,2.7613599786744087,1.735310863588573,1.7351669174607756,1.7351669174607756,1.735310863588573,0.46247589365326397,0.46250757089476807,0.46250757089476807,0.46247589365326397
1.629472779369366,1.6293939865311347,1.629393986531133,1.6294727793693673,2.7593701248400375,2.7590234776972875,2.7590234776986033,2.759370124653469,1.7333442401495105,1.7331968474813293,1.7331968474813293,1.7333442401495105,0.4620349827254877,0.4620732717175815,0.4620732717175815,0.4620349827254877
1.6284582310729974,1.6283790617492016,1.628379061749201,1.628458231072997,2.762987035053619,2.7626390308331676,2.7626390308554325,2.7629870347516814,1.737387800493989,1.7372482497693928,1.7372482497693928,1.737387800493989,0.46286576514007505,0.4628893446886667,0.4628893446886667,0.46286576514007505
1.6294047056515066,1.6293258729856421,1.6293258729856406,1.6294047056515077,2.7596407529111864,2.759293957695251,2.7592939576957303,2.759640752727607,1.7334501674648306,1.733302587220614,1.733302587220614,1.7334501674648306,0.4621005474638948,0.4621390498840998,0.4621390498840998,0.4621005474638948
1.62819214526231,1.6281129913206867,1.6281129913206862,1.6281921452623085,2.7653416395616106,2.764994106040988,2.7649941060680696,2.765341639253744,1.7403636483028901,1.7402297321394895,1.7402297321394895,1.7403636483028901,0.463393417199612,0.46340683428010254,0.46340683428010254,0.463393417199612
1.6284995183147002,1.6284202980605347,1.6284202980605342,1.6284995183146993,2.764292844196575,2.763944753724026,2.763944753747707,2.7642928438909493,1.738617911197803,1.7384799713813124,1.7384799713813124,1.738617911197803,0.46314355446442435,0.46316408226144357,0.46316408226144357,0.46314355446442435
1.6288003260350112,1.6287211550293457,1.6287211550293446,1.6288003260350115,2.761974138651254,2.761625960477628,2.7616259604903743,2.76197413839034,1.7355624433923278,1.7354182078534615,1.7354182078534615,1.7355624433923278,0.4626327951409159,0.46266466857651406,0.46266466857651406,0.4626327951409159
1.6279643661586045,1.6278851787686968,1.6278851787686965,1.6279643661586034,2.765297187999406,2.7649495430167947,2.7649495430406663,2.7652971877067363,1.7401047371885197,1.7399699687000136,1.7399699687000136,1.7401047371885197,0.4634081583488361,0.46342295247293536,0.46342295247293536,0.4634081583488361
1.62911911206835,1.6290402305279827,1.629040230527981,1.6291191120683512,2.7597477748925554,2.759400811901821,2.759400811900629,2.759747774715965,1.7334096638523555,1.733261760853332,1.733261760853332,1.7334096638523555,0.46215021254797073,0.46218912895892067,0.46218912895892067,0.46215021254797073
1.6285017711497556,1.628422439278023,1.6284224392780224,1.6285017711497551,2.76428348152337,2.7639348251322633,2.7639348251521296,2.7642834812272334,1.7379157173660702,1.7377752877211954,1.7377752877211954,1.7379157173660702,0.46314613662807175,0.4631708246206261,0.4631708246206261,0.46314613662807175
1.6273830990053244,1.6273039669285532,1.627303966928553,1.6273830990053229,2.7675608044779874,2.7672139626743504,2.7672139626936185,2.7675608042350066,1.7427496292587674,1.7426192027236824,1.7426192027236824,1.7427496292587674,0.46396014586583806,0.4639669532442431,0.4639669532442431,0.46396014586583806
1.6280004516592652,1.6279210895352603,1.6279210895352596,1.6280004516592643,2.7652393545532554,2.7648908027638766,2.764890802782779,2.7652393542695615,1.739003145460184,1.7388645946587244,1.7388645946587244,1.739003145460184,0.46339824098535665,0.4634193682028666,0.4634193682028666,0.46339824098535665
1.6280732609081618,1.6279939143612947,1.6279939143612938,1.6280732609081614,2.7657781258075786,2.7654297274456465,2.765429727464056,2.7657781255312193,1.7395684165063199,1.7394306441612855,1.7394306441612855,1.7395684165063199,0.46351068514398713,0.46353040362229325,0.46353040362229325,0.46351068514398713
1.6275436247924475,1.6274643436283223,1.6274643436283216,1.6275436247924466,2.767477946518525,2.7671302626439283,2.7671302626639034,2.76747794625571,1.7420032647441805,1.7418705225710358,1.7418705225710358,1.7420032647441805,0.46392458464141884,0.46393528062207584,0.46393528062207584,0.46392458464141884
1.6273283989326592,1.6272492277940966,1.6272492277940962,1.6273283989326581,2.7677919033880656,2.7674449214808576,2.7674449214974417,2.7677919031576086,1.7426992414583689,1.7425680880123997,1.7425680880123997,1.7426992414583689,0.46401925345099393,0.4640272070824099,0.4640272070824099,0.46401925345099393
1.628671045631607,1.6285915935550022,1.6285915935550008,1.6286710456316071,2.763341238925294,2.7629918246521794,2.7629918246632994,2.7633412386563947,1.735810744411656,1.7356646777545663,1.7356646777545663,1.735810744411656,0.46293976719815205,0.4629742170234585,0.4629742170234585,0.46293976719815205
1.6280174539392864,1.6279379571264345,1.6279379571264339,1.6280174539392862,2.7666793033042922,2.7663302882387817,2.7663302882533776,2.7666793030404153,1.739697311222093,1.7395580643030615,1.7395580643030615,1.739697311222093,0.4637160303727496,0.46373794022678544,0.46373794022678544,0.4637160303727496
1.626941640071687,1.6268623620989437,1.6268623620989433,1.6269416400716865,2.7693337232072177,2.7689865897039168,2.7689865897076547,2.7693337230483275,1.7433149359714237,1.7431823330438625,1.7431823330438625,1.7433149359714237,0.4644091650266598,0.4644190835939676,0.4644190835939676,0.4644091650266598
1.6280198486115864,1.6279401306624657,1.6279401306624646,1.6280198486115869,2.7653965849127085,2.76504624414607,2.7650462441544033,2.765396584651987,1.7370512320057852,1.736905407691429,1.736905407691429,1.7370512320057852,0.46344339242882376,0.4634766133127669,0.4634766133127669,0.46344339242882376
1.6278651432591178,1.6277854834286274,1.6277854834286265,1.6278651432591182,2.766948774268806,2.7665990131402216,2.7665990131488902,2.766948774023759,1.739030502724021,1.7388882952572933,1.7388882952572933,1.739030502724021,0.46379536335607063,0.4638220963176925,0.4638220963176925,0.46379536335607063
1.6279818499960605,1.6279020563197883,1.627902056319787,1.6279818499960612,2.764843885737143,2.7644930833670984,2.764493083373081,2.7648438854780912,1.7360333629240579,1.7358851384955103,1.7358851384955103,1.7360333629240579,0.4633289537934334,0.4633663136432718,0.4633663136432718,0.4633289537934334
1.6277756960782548,1.6276958473125525,1.627695847312551,1.6277756960782552,2.7661940233627287,2.765843186447649,2.765843186453251,2.7661940231112427,1.7373145080573595,1.7371679721659377,1.7371679721659377,1.7373145080573595,0.4636405150375832,0.463674613522348,0.463674613522348,0.4636405150375832
1.6263977574443897,1.6263183684077227,1.626318368407722,1.6263977574443897,2.770794150172827,2.770446826365039,2.7704468263613617,2.770794150056752,1.7442351778795115,1.7441026206125623,1.7441026206125623,1.7442351778795115,0.46478493006148336,0.46479423423768573,0.46479423423768573,0.46478493006148336
1.6270622489364774,1.62698262664857,1.6269826266485687,1.6270622489364779,2.769799638139611,2.7694507887588924,2.769450788753977,2.769799637996009,1.7417984572813074,1.7416594869591637,1.7416594869591637,1.7417984572813074,0.4645098309163291,0.46453026837810857,0.46453026837810857,0.4645098309163291
1.626588016223865,1.626508517637354,1.6265085176373528,1.626588016223865,2.770711852120742,2.7703639191953773,2.770363919188118,2.7707118520112544,1.7433803550167546,1.7432448906386124,1.7432448906386124,1.7433803550167546,0.464755286310665,0.46476952872377925,0.46476952872377925,0.464755286310665
1.6275852857840394,1.6275053557622272,1.6275053557622259,1.6275852857840403,2.7668791751472805,2.766528087991514,2.766528087992566,2.76687917491831,1.7375274281431066,1.7373801156187128,1.7373801156187128,1.7375274281431066,0.4638127013623398,0.4638478665726475,0.4638478665726475,0.4638127013623398
1.6269946717146995,1.6269150365425022,1.626915036542501,1.6269946717147,2.770047257082291,2.7696983725932145,2.7696983725911593,2.770047256924426,1.7422132349564055,1.7420753285552015,1.7420753285552015,1.7422132349564055,0.46456424080963366,0.46458278280160453,0.46458278280160453,0.46456424080963366
1.6273697865497447,1.6272899152980023,1.6272899152980012,1.6273697865497454,2.7690901763311095,2.7687398183383167,2.7687398183353347,2.7690901761461335,1.7399741398794848,1.7398305177580191,1.7398305177580191,1.7399741398794848,0.4643212442273069,0.4643496438184426,0.4643496438184426,0.4643212442273069
1.626449712480867,1.6263702448544974,1.6263702448544968,1.6264497124808668,2.7707956741752544,2.7704479429295787,2.7704479429230995,2.770795674066165,1.7437161238607777,1.743581693129437,1.743581693129437,1.7437161238607777,0.46478444965243537,0.4647968999143525,0.4647968999143525,0.46478444965243537
1.6270237680395,1.6269440457627466,1.6269440457627458,1.6270237680395,2.7698044857638973,2.7694551163674954,2.7694551163625776,2.7698044856110013,1.7414093954297174,1.7412691504837783,1.7412691504837783,1.7414093954297174,0.46451239612950884,0.4645349157573606,0.4645349157573606,0.46451239612950884
1.6278161602944285,1.6277361035950406,1.6277361035950388,1.6278161602944292,2.767231482464958,2.7668797274967214,2.766879727497961,2.7672314822235826,1.73726507808536,1.737116158519256,1.737116158519256,1.73726507808536,0.4638673695831326,0.4639051603878054,0.4639051603878054,0.4638673695831326
1.6271002519876052,1.6270203841241793,1.627020384124178,1.6271002519876059,2.7691387223989197,2.768788457221397,2.768788457217235,2.769138722222828,1.740109445957652,1.7399662104264315,1.7399662104264315,1.740109445957652,0.46435684578519654,0.4643845080225152,0.4643845080225152,0.46435684578519654
1.6276167874431131,1.6275367249846049,1.6275367249846036,1.627616787443114,2.7685290513977066,2.7681775462342024,2.768177546230378,2.768529051193154,1.738410638854993,1.738262816223549,1.738262816223549,1.738410638854993,0.46417608366022733,0.4642116760628228,0.4642116760628228,0.46417608366022733
1.6259548706033466,1.625875437274213,1.6258754372742126,1.6259548706033469,2.771943463718313,2.771596231975518,2.771596231964525,2.7719434636480607,1.745056957066628,1.7449246847405426,1.7449246847405426,1.745056957066628,0.4650852951583604,0.46509372242030134,0.46509372242030134,0.4650852951583604
1.627934699761653,1.6278546077008276,1.6278546077008256,1.6279346997616542,2.767616993683865,2.767265084681318,2.7672650846826463,2.767616993440435,1.7374687058032936,1.7373196823922152,1.7373196823922152,1.7374687058032936,0.46394058886055384,0.46397847863584907,0.46397847863584907,0.46394058886055384
1.6274524186869666,1.6273723194626322,1.6273723194626306,1.6274524186869679,2.7683577483914523,2.768006064275146,2.7680060642704443,2.7683577481880257,1.7381109424723344,1.7379624743970363,1.7379624743970363,1.7381109424723344,0.464153585970463,0.4641902424749125,0.4641902424749125,0.464153585970463
1.6263580773300237,1.626278431456243,1.626278431456242,1.6263580773300248,2.771675268587013,2.77132682212216,2.7713268221054497,2.7716752685219856,1.743340069922653,1.7432022244987906,1.7432022244987906,1.743340069922653,0.4649990407474938,0.4650169657733456,0.4650169657733456,0.4649990407474938
1.6258123098341914,1.625732815560891,1.6257328155608903,1.6258123098341921,2.7724541959100826,2.772106778498632,2.772106778483863,2.7724541958586357,1.7451913206543859,1.7450583694926307,1.7450583694926307,1.7451913206543859,0.4652143794423252,0.4652237719235748,0.4652237719235748,0.4652143794423252
1.625974633542265,1.6258950070569214,1.6258950070569205,1.6259746335422656,2.772357987535644,2.7720098334419347,2.772009833425232,2.7723579874799276,1.74434151948555,1.7442058000983174,1.7442058000983174,1.74434151948555,0.46518074160929235,0.4651948122574093,0.4651948122574093,0.46518074160929235
1.626018900838041,1.6259392755119582,1.625939275511957,1.626018900838042,2.7724110035528433,2.772062872256206,2.7720628722369196,2.7724110035110434,1.7442240993926403,1.7440877425490409,1.7440877425490409,1.7442240993926403,0.46519315892751417,0.4652083190196039,0.4652083190196039,0.46519315892751417
1.6270065180725892,1.6269265748799846,1.6269265748799835,1.6270065180725901,2.7707218793099773,2.7703715285089126,2.770371528498021,2.7707218791741006,1.7411130553118765,1.740969780820528,1.740969780820528,1.7411130553118765,0.46472060182471087,0.46474791531896065,0.46474791531896065,0.46472060182471087
1.6272375616108472,1.6271574162997666,1.6271574162997653,1.6272375616108483,2.7678338748509574,2.767481916679722,2.767481916674458,2.767833874644005,1.737445935102574,1.7372963278659908,1.7372963278659908,1.737445935102574,0.46405777630201844,0.46409639196078795,0.46409639196078795,0.46405777630201844
1.62708150712726,1.627001451001708,1.6270014510017061,1.6270815071272615,2.7705841733966583,2.770233222547334,2.770233222531394,2.770584173275293,1.740158051603114,1.7400116110898283,1.7400116110898283,1.740158051603114,0.46469119981781315,0.464723872122296,0.464723872122296,0.46469119981781315
1.6268264560970522,1.6267465424112595,1.6267465424112584,1.6268264560970531,2.7710990336385044,2.770748937246473,2.7707489372355334,2.7710990335096333,1.741724353244029,1.741582430054876,1.741582430054876,1.741724353244029,0.4648187099322221,0.4648436161135431,0.4648436161135431,0.4648187099322221
1.6270697480955254,1.6269896919768325,1.626989691976831,1.6270697480955263,2.7697729746445168,2.7694218837798,2.769421883766274,2.769772974504769,1.7394531757009433,1.739306095919828,1.739306095919828,1.7394531757009433,0.46451104311961505,0.46454497192374905,0.46454497192374905,0.46451104311961505
1.6264910612032033,1.6264111579940077,1.6264111579940064,1.6264910612032046,2.7718602156493892,2.7715104434633457,2.7715104434413957,2.7718602155878154,1.742085648990707,1.7419430070385264,1.7419430070385264,1.742085648990707,0.4650328647905393,0.46505876079146086,0.46505876079146086,0.4650328647905393
1.6256115860890938,1.6255319425010315,1.6255319425010306,1.6256115860890945,2.7732263093578635,2.7728783059526214,2.7728783059320583,2.773226309329682,1.7451449031255277,1.7450100958157035,1.7450100958157035,1.7451449031255277,0.4654074123719748,0.46541963729262914,0.46541963729262914,0.4654074123719748
1.6256535615980858,1.6255739473446567,1.6255739473446555,1.6256535615980865,2.7731381275943074,2.7727902564593316,2.772790256438787,2.773138127567936,1.7451525414775813,1.7450179135776018,1.7450179135776018,1.7451525414775813,0.46538510952982615,0.4653970816300365,0.4653970816300365,0.46538510952982615
1.6256808423297964,1.6256011540180333,1.6256011540180322,1.6256808423297973,2.7732957961612805,2.7729475712877143,2.772947571264352,2.7732957961436777,1.7448288877930003,1.744692738703615,1.744692738703615,1.7448288877930003,0.4654208752441109,0.4654353570534645,0.4654353570534645,0.4654208752441109
1.6252320259595812,1.6251524050677113,1.6251524050677106,1.6252320259595816,2.7733855528270133,2.7730377622615223,2.7730377622431153,2.7733855527933726,1.7457346006550851,1.7456016752409529,1.7456016752409529,1.7457346006550851,0.46547089187021334,0.46547979156440505,0.46547979156440505,0.46547089187021334
1.6267476065900293,1.626667579588751,1.6266675795887493,1.6267476065900301,2.7715891905753103,2.7712386444163184,2.7712386443972945,2.771589190482527,1.7413284952831898,1.7411839426945646,1.7411839426945646,1.7413284952831898,0.4649446349391383,0.46497381323082754,0.46497381323082754,0.4649446349391383
1.6266478766011565,1.6265678274084243,1.6265678274084228,1.6266478766011583,2.771484037993339,2.771133395019315,2.771133394998145,2.7714840379098344,1.7410490129465441,1.7409036660278752,1.7409036660278752,1.7410490129465441,0.46493359046147403,0.46496410205662725,0.46496410205662725,0.46493359046147403
1.6266135616970718,1.626533455138682,1.6265334551386803,1.6266135616970738,2.772060502111397,2.7717096825653433,2.7717096825398704,2.77206050204952,1.7411794105304839,1.7410331803930603,1.7410331803930603,1.7411794105304839,0.46506882371291436,0.4651006668564749,0.4651006668564749,0.46506882371291436
1.6263798596480277,1.6262998716785744,1.626299871678573,1.6263798596480292,2.7725800987027758,2.7722300480538884,2.7722300480270614,2.7725800986647973,1.742259632761729,1.7421159746522108,1.7421159746522108,1.742259632761729,0.4652064266774128,0.46523380875576087,0.46523380875576087,0.4652064266774128
1.6252593647900122,1.6251794776715054,1.625179477671504,1.625259364790013,2.7740283375344057,2.773679307871749,2.773679307842464,2.774028337537309,1.7446433711330753,1.7445050559953548,1.7445050559953548,1.7446433711330753,0.4656233609264482,0.4656411140693092,0.4656411140693092,0.4656233609264482
1.6260177246372165,1.625937648421167,1.6259376484211654,1.6260177246372183,2.773335571273943,2.7729852743215355,2.77298527429124,2.7733355712537766,1.7426723932733141,1.742528598658559,1.742528598658559,1.7426723932733141,0.4654064649986262,0.4654337561632848,0.4654337561632848,0.4654064649986262
1.6267789881879897,1.6266986555063876,1.6266986555063854,1.626778988187992,2.771867362732509,2.77151530318317,2.7715153031544224,2.77186736266378,1.739756245011654,1.7396054758507318,1.7396054758507318,1.739756245011654,0.46501452122339404,0.46505400851310447,0.46505400851310447,0.46501452122339404
1.626366107848804,1.6262858635582589,1.6262858635582569,1.6263661078488063,2.7728700142265286,2.7725186800629,2.772518680032483,2.772870014185107,1.7412957788536485,1.7411482171526327,1.7411482171526327,1.7412957788536485,0.46527266892138525,0.4653064387586263,0.4653064387586263,0.46527266892138525
1.6268020488752861,1.626721659206862,1.6267216592068603,1.6268020488752883,2.772061441523561,2.771709089216403,2.7717090891899545,2.7720614414382867,1.739850901702708,1.7397001849053302,1.7397001849053302,1.739850901702708,0.46504978976209965,0.4650891065099659,0.4650891065099659,0.46504978976209965
1.626287233214537,1.6262070498997085,1.6262070498997068,1.626287233214539,2.773057763375217,2.7727067984678766,2.772706798437438,2.7730577633416438,1.7417863299430918,1.7416400494590594,1.7416400494590594,1.7417863299430918,0.46532140498782587,0.4653529787265524,0.4653529787265524,0.46532140498782587
1.6249407363196704,1.624860861874858,1.624860861874857,1.6249407363196715,2.774430897093693,2.7740820574974574,2.7740820574694838,2.774430897095915,1.7453657633485073,1.7452292363501998,1.7452292363501998,1.7453657633485073,0.4657360468725653,0.46575059190236345,0.46575059190236345,0.4657360468725653
1.6267209551560657,1.6266406012836883,1.626640601283686,1.626720955156068,2.7710387139561083,2.7706864011500034,2.7706864011248764,2.7710387138607393,1.7390418195801094,1.738890492428478,1.738890492428478,1.7390418195801094,0.46483196447288433,0.464872543674348,0.464872543674348,0.46483196447288433
1.6260834975966671,1.6260034031712667,1.6260034031712651,1.6260834975966691,2.77334202927729,2.7729916478003487,2.7729916477664545,2.773342029274094,1.7423535927190088,1.7422085270847039,1.7422085270847039,1.7423535927190088,0.46540836760034965,0.4654378288763632,0.4654378288763632,0.46540836760034965
1.6262427713645944,1.6261625926484322,1.6261625926484307,1.6262427713645966,2.7731605959547503,2.7728097151529205,2.772809715117628,2.773160595948488,1.741645927264339,1.7414987521051501,1.7414987521051501,1.741645927264339,0.46535630312434384,0.46538937466410296,0.46538937466410296,0.46535630312434384
1.625804791330033,1.625724631342886,1.6257246313428844,1.6258047913300353,2.7741317089249384,2.7737811768786087,2.7737811768428617,2.7741317089327717,1.742949718508892,1.7428051082948843,1.7428051082948843,1.742949718508892,0.46560631638084343,0.4656347097831126,0.4656347097831126,0.46560631638084343
1.6255431882839788,1.6254632167637928,1.6254632167637915,1.6255431882839806,2.774368970643037,2.774019511752716,2.774019511719598,2.7743689706585424,1.7442749122695531,1.7441344353545447,1.7441344353545447,1.7442749122695531,0.46567888301744464,0.4657002595327452,0.4657002595327452,0.46567888301744464
1.626531132216947,1.62645081753893,1.626450817538928,1.6265311322169491,2.7727033650166253,2.7723515849196194,2.7723515848908256,2.7727033649574477,1.7408395872091333,1.740690869735054,1.740690869735054,1.7408395872091333,0.46521821409424025,0.4652539762619633,0.4652539762619633,0.46521821409424025
1.6256947281128427,1.625614745595437,1.6256147455954357,1.6256947281128444,2.7740156986009956,2.773666089456825,2.7736660894242906,2.7740156986087943,1.7438125190596117,1.7436711727965206,1.7436711727965206,1.7438125190596117,0.46558777467805657,0.4656107387693988,0.4656107387693988,0.46558777467805657
1.6268035980514235,1.6267231031076224,1.6267231031076204,1.6268035980514255,2.7719283298815767,2.7715753780638552,2.7715753780404464,2.7719283297690613,1.7394559843061048,1.7393043810658106,1.7393043810658106,1.7394559843061048,0.46501338105442974,0.4650541521913983,0.4650541521913983,0.46501338105442974
1.6251064363608985,1.625026570754607,1.6250265707546059,1.6251064363608998,2.774638237276427,2.7742894446356354,2.7742894446070396,2.774638237283054,1.7454972245136005,1.745360642669671,1.745360642669671,1.7454972245136005,0.46576846015729423,0.46578310618239605,0.46578310618239605,0.46576846015729423
1.6266947735980666,1.6266142524028866,1.6266142524028844,1.6266947735980686,2.77182939466821,2.7714763057097374,2.771476305687284,2.7718293945481745,1.739357149387408,1.7392054985890733,1.7392054985890733,1.739357149387408,0.46499887751970925,0.46503970042194775,0.46503970042194775,0.46499887751970925
1.6250387288453445,1.6249587188796248,1.6249587188796237,1.6250387288453458,2.775323765492698,2.774974373146614,2.774974373111851,2.7753237655235004,1.7452880258131214,1.745149151142606,1.745149151142606,1.7452880258131214,0.46593208551336956,0.46595036600010387,0.46595036600010387,0.46593208551336956
1.6259752242450736,1.6258948997856577,1.625894899785656,1.625975224245076,2.7741867033992813,2.7738353088903316,2.7738353088493333,2.7741867034184042,1.74192242487496,1.7417739986958105,1.7417739986958105,1.74192242487496,0.4656102895533523,0.46564509350375843,0.46564509350375843,0.4656102895533523
1.6261616765089113,1.6260813615008043,1.6260813615008023,1.6261616765089142,2.77350446867801,2.773152966904412,2.7731529668649406,2.7735044686838437,1.7412359867216227,1.7410866191282948,1.7410866191282948,1.7412359867216227,0.46544318079483543,0.4654797895678645,0.4654797895678645,0.46544318079483543
1.6245845944481672,1.62450462183441,1.6245046218344088,1.6245845944481685,2.7759331453211873,2.775584125871137,2.775584125839042,2.7759331453488705,1.7464830169483567,1.7463472081323528,1.7463472081323528,1.7464830169483567,0.46609938081495245,0.4661122144926468,0.4661122144926468,0.46609938081495245
1.6244339035425823,1.624353861532961,1.6243538615329598,1.6244339035425834,2.7764286289047497,2.776079364324458,2.7760793642906005,2.776428628939656,1.746691380916332,1.7465552733999081,1.7465552733999081,1.746691380916332,0.4662221013616075,0.4662352455682325,0.4662352455682325,0.4662221013616075
1.6251683814727196,1.6250880661826121,1.6250880661826104,1.6251683814727222,2.775239033073338,2.774888032160694,2.774888032118954,2.7752390331103816,1.7434478591144746,1.7433026877897704,1.7433026877897704,1.7434478591144746,0.4659096364479137,0.4659384638994283,0.4659384638994283,0.4659096364479137
1.6250168740474595,1.6249366150596887,1.624936615059687,1.6250168740474615,2.7760451849029297,2.7756946388717307,2.775694638830164,2.7760451849511445,1.744621110625046,1.7444783206144592,1.7444783206144592,1.744621110625046,0.466098934643317,0.46612353719968014,0.46612353719968014,0.466098934643317
1.6249055074792984,1.6248252897484192,1.6248252897484174,1.6249055074793002,2.776106391532883,2.7757560953912286,2.7757560953499985,2.776106391584499,1.744934950068098,1.744793132066834,1.744793132066834,1.744934950068098,0.46612185293467523,0.466144788725331,0.466144788725331,0.46612185293467523
1.6262145669240435,1.6261339878971341,1.6261339878971317,1.6262145669240464,2.7740790253507854,2.7737262200285286,2.773726219986718,2.774079025347268,1.7405807671114901,1.7404280087328103,1.7404280087328103,1.7405807671114901,0.4655634725452735,0.4656055457693815,0.4656055457693815,0.4655634725452735
1.6260503704270524,1.6259697663381834,1.625969766338181,1.6260503704270555,2.774242252721606,2.773889384925292,2.7738893848822137,2.774242252724735,1.740658970429007,1.7405061500900587,1.7405061500900587,1.740658970429007,0.4656147975317916,0.465656879191488,0.465656879191488,0.4656147975317916
1.6249707913327998,1.6248905890221361,1.6248905890221348,1.6249707913328015,2.776130106074273,2.7757798722734233,2.775779872233424,2.7761301061205184,1.7450635289706762,1.744922129219332,1.744922129219332,1.7450635289706762,0.46611957138611554,0.4661418181093989,0.4661418181093989,0.46611957138611554
1.6258567863340194,1.6257762985372195,1.625776298537217,1.6258567863340225,2.7748767605427895,2.7745246845725298,2.774524684524385,2.774876760589867,1.7416072314466546,1.7414561224869494,1.7414561224869494,1.7416072314466546,0.46578060927997544,0.4658196834663605,0.4658196834663605,0.46578060927997544
1.6252393917411379,1.6251589374287707,1.625158937428769,1.6252393917411405,2.7760765558426157,2.7757249717522776,2.775724971705064,2.7760765559007146,1.7433902078409254,1.7432429385488686,1.7432429385488686,1.7433902078409254,0.46609349826093416,0.4661256365749725,0.4661256365749725,0.46609349826093416
1.6261007277108728,1.6260201384182367,1.6260201384182347,1.6261007277108759,2.774433399468347,2.7740806362361177,2.7740806361919472,2.7744333994796766,1.740830061242158,1.7406773637585988,1.7406773637585988,1.740830061242158,0.46565440414455644,0.4656962617125873,0.4656962617125873,0.46565440414455644
1.6261975552801013,1.6261169666326583,1.626116966632656,1.626197555280104,2.7733974035847173,2.773044414815324,2.7730444147778783,2.773397403552442,1.7400925072259594,1.739939677834699,1.739939677834699,1.7400925072259594,0.46540837631705223,0.4654506999805269,0.4654506999805269,0.46540837631705223
1.6262044754931984,1.626123823759524,1.626123823759522,1.626204475493201,2.773934449627377,2.773581211212724,2.773581211174912,2.7739344495946505,1.7403722579290335,1.7402193018221281,1.7402193018221281,1.7403722579290335,0.46552442067308725,0.4655667989699853,0.4655667989699853,0.46552442067308725
1.6251249290593515,1.625044661196281,1.6250446611962794,1.625124929059354,2.7761575688821285,2.7758069812328103,2.7758069811895885,2.7761575689383022,1.7445471415162144,1.7444037692547103,1.7444037692547103,1.7445471415162144,0.4661170588498516,0.46614265267047045,0.46614265267047045,0.4661170588498516
1.6254701401901217,1.625389559092115,1.6253895590921128,1.6254701401901248,2.775687113119188,2.7753347632891394,2.775334763239616,2.7756871131730216,1.7421951345123445,1.7420444775922035,1.7420444775922035,1.7421951345123445,0.4659908890440331,0.4660288458849826,0.4660288458849826,0.4659908890440331
1.6258805398151124,1.6257999919070916,1.6257999919070893,1.6258805398151155,2.774885818249657,2.774533401661042,2.7745334016155536,2.774885818276701,1.7415147963384152,1.74136349613392,1.74136349613392,1.7415147963384152,0.4657747897363374,0.46581414519774306,0.46581414519774306,0.4657747897363374
1.6260120080365408,1.6259313592347662,1.6259313592347637,1.6260120080365437,2.774224621602101,2.7738715227017283,2.773871522658668,2.774224621600988,1.7404762916004746,1.7403229189750467,1.7403229189750467,1.7404762916004746,0.465613388479121,0.4656563696320752,0.4656563696320752,0.465613388479121
1.62613823534517,1.626057576462602,1.6260575764625995,1.6261382353451732,2.7739038354320553,2.7735505732110703,2.773550573172652,2.7739038354021326,1.7403086063426754,1.7401554914269874,1.7401554914269874,1.7403086063426754,0.46552431521061344,0.4655669477657969,0.4655669477657969,0.46552431521061344
1.6259751276065266,1.6258945001837126,1.6258945001837104,1.6259751276065297,2.774167393209721,2.7738144195689305,2.7738144195240344,2.7741673932203024,1.7404136426782824,1.7402600908832284,1.7402600908832284,1.7404136426782824,0.4656076766058845,0.46565098341054884,0.46565098341054884,0.4656076766058845
1.6251140568243732,1.6250334633695436,1.6250334633695414,1.6251140568243763,2.776294710246181,2.775942483242155,2.7759424831903448,2.7762947103177664,1.7428339446856975,1.7426842359070456,1.7426842359070456,1.7428339446856975,0.4661574082173347,0.46619351765522904,0.46619351765522904,0.4661574082173347
1.6252621641074345,1.6251815818216926,1.6251815818216906,1.6252621641074376,2.77658749291207,2.776235342169739,2.776235342117325,2.7765874929889103,1.7430754385760767,1.7429258807729744,1.7429258807729744,1.7430754385760767,0.4662099527023473,0.4662457914378678,0.4662457914378678,0.4662099527023473
1.625480750474676,1.6254000188808975,1.625400018880895,1.625480750474679,2.775810529744423,2.7754574258859677,2.7754574258327818,2.775810529804051,1.74147682437743,1.7413233762803986,1.7413233762803986,1.74147682437743,0.4660207555728395,0.46606332955206514,0.46606332955206514,0.4660207555728395
1.6240101536323641,1.6239298055683198,1.6239298055683185,1.6240101536323661,2.7772856006157007,2.7769349977914572,2.7769349977496245,2.777285600672593,1.7460710767833327,1.7459310305346811,1.7459310305346811,1.7460710767833327,0.4664536668781565,0.4664729932656864,0.4664729932656864,0.4664536668781565
1.6248409244284507,1.6247603013886014,1.6247603013885994,1.6248409244284538,2.776616638438302,2.7762643703022243,2.7762643702495997,2.7766166385155717,1.743144940186951,1.7429956941842886,1.7429956941842886,1.743144940186951,0.46625168951036006,0.4662868467229338,0.4662868467229338,0.46625168951036006
1.6235043764421067,1.6234240640729658,1.6234240640729647,1.6235043764421082,2.77764510030685,2.777294829634451,2.777294829595939,2.7776451003556333,1.7470616678155666,1.7469245446605948,1.7469245446605948,1.7470616678155666,0.46656967338903615,0.46658383370354967,0.46658383370354967,0.46656967338903615
1.6247579476964786,1.6246774537919535,1.6246774537919515,1.6247579476964815,2.777028400101599,2.7766768714530494,2.776676871404124,2.7770284001750527,1.7443794379953044,1.7442336864129446,1.7442336864129446,1.7443794379953044,0.46634420356316125,0.4663733957952356,0.4663733957952356,0.46634420356316125
1.625587888743684,1.6255071355930677,1.6255071355930653,1.6255878887436876,2.7755501963970883,2.7751969008022965,2.7751969007510797,2.775550196441588,1.7411749981309954,1.7410211190349325,1.7410211190349325,1.7411749981309954,0.4659510304084385,0.46599440425805044,0.46599440425805044,0.4659510304084385
1.6246224399709008,1.6245420440087803,1.6245420440087786,1.6246224399709033,2.777385990746258,2.777035040776853,2.7770350407314606,2.7773859908137846,1.7454450607437815,1.7453023618508372,1.7453023618508372,1.7454450607437815,0.4664291087049362,0.4664530617778187,0.4664530617778187,0.4664291087049362
1.6246785723688673,1.6245980293277913,1.6245980293277893,1.6246785723688701,2.776972653842757,2.7766208807726858,2.7766208807227795,2.77697265391689,1.7440997604443609,1.7439531730555038,1.7439531730555038,1.7440997604443609,0.4663396592601697,0.46637022846673293,0.46637022846673293,0.4663396592601697
1.6255266263885189,1.6254458674130723,1.6254458674130698,1.6255266263885222,2.775994458664655,2.775641234398748,2.7756412343446972,2.7759944587271983,1.7414815943251367,1.741327749560767,1.741327749560767,1.7414815943251367,0.4660580219884428,0.4661012242030399,0.4661012242030399,0.4660580219884428
1.625289311579282,1.625208547430872,1.6252085474308697,1.625289311579286,2.7767046600396315,2.776351592616594,2.7763515925593842,2.7767046601251164,1.7421440046852752,1.7419909021638256,1.7419909021638256,1.7421440046852752,0.46623851561473106,0.4662802373905973,0.4662802373905973,0.46623851561473106
1.6256166907412453,1.6255358785512033,1.6255358785512006,1.625616690741249,2.7759917044050155,2.775638165050652,2.7756381649984903,2.7759917044517155,1.7413245667451223,1.7411702773905424,1.7411702773905424,1.7413245667451223,0.4660454883765613,0.4660894296670656,0.4660894296670656,0.4660454883765613
1.62509207438908,1.6250113881138257,1.6250113881138235,1.6250920743890833,2.7769991218012575,2.7766465323536695,2.7766465322997402,2.7769991218802343,1.7430770426843014,1.742926686322667,1.742926686322667,1.7430770426843014,0.4663149869138636,0.4663519732116477,0.4663519732116477,0.4663149869138636
1.6254673991523427,1.6253866231833467,1.6253866231833438,1.6254673991523465,2.7763822539739387,2.776029037852425,2.7760290377948107,2.776382254056928,1.741637533700919,1.741483297071634,1.741483297071634,1.741637533700919,0.4661536292936234,0.46619739034942437,0.46619739034942437,0.4661536292936234
1.6251171722930566,1.6250363242212453,1.6250363242212427,1.6251171722930602,2.7765809674232793,2.7762274777750506,2.7762274777173563,2.77658096750365,1.7417268338042686,1.7415726320289506,1.7415726320289506,1.7417268338042686,0.46622552971023185,0.4662690394195451,0.4662690394195451,0.46622552971023185
1.6247670156703125,1.6246863865271852,1.6246863865271832,1.6247670156703151,2.7776251088831647,2.7772729847505353,2.7772729846973596,2.777625108970298,1.7441892093078903,1.744041469265306,1.744041469265306,1.7441892093078903,0.46647870525648566,0.4665110584410582,0.4665110584410582,0.46647870525648566
1.6249604565617586,1.6248796255028612,1.6248796255028588,1.6249604565617621,2.7776519738883145,2.7772987877184807,2.777298787658913,2.777651973988843,1.7428967503242005,1.7427443087985794,1.7427443087985794,1.7428967503242005,0.4664759606645542,0.4665162167811612,0.4665162167811612,0.4664759606645542
1.6244065952205646,1.6243258230419526,1.6243258230419502,1.6244065952205675,2.7778126140368165,2.7774598634259706,2.777459863369585,2.7778126141311645,1.7437904708747582,1.7436410234482123,1.7436410234482123,1.7437904708747582,0.4665533399258358,0.46658835662533094,0.46658835662533094,0.4665533399258358
1.6244272091508043,1.624346480877238,1.624346480877236,1.6244272091508076,2.7782373249312946,2.7778848542829695,2.7778848542285357,2.7782373250222774,1.7445266327903588,1.7443788890650165,1.7443788890650165,1.7445266327903588,0.4666414975285118,0.466673559733119,0.466673559733119,0.4666414975285118
1.623766281553395,1.6236857590942313,1.6236857590942293,1.6237662815533969,2.7787294998196126,2.7783782669535104,2.7783782669094212,2.778729499883497,1.7468642387966822,1.7467240138523938,1.7467240138523938,1.7468642387966822,0.4667901019171402,0.4668092263712109,0.4668092263712109,0.4667901019171402
1.6233131660989044,1.623232611259574,1.6232326112595727,1.6233131660989062,2.7787266257591168,2.7783753191575493,2.778375319113633,2.7787266258222068,1.746974261466764,1.7468345738967161,1.7468345738967161,1.746974261466764,0.46682702818826183,0.46684509135607566,0.46684509135607566,0.46682702818826183
1.6240707117324764,1.6239899219380949,1.6239899219380927,1.6240707117324797,2.7784054908889226,2.778052805263385,2.778052805208032,2.77840549098261,1.744580417087214,1.7444326082512556,1.7444326082512556,1.744580417087214,0.4667089486089809,0.46674094349350825,0.46674094349350825,0.4667089486089809
1.6233256351144132,1.6232451515194684,1.623245151519467,1.6233256351144145,2.779114575248242,2.7787636765329653,2.778763676492831,2.7791145753006483,1.7478990300108288,1.747761834571059,1.747761834571059,1.7478990300108288,0.4669050870565083,0.4669188780928431,0.4669188780928431,0.4669050870565083
1.6244717855997102,1.6243909474964433,1.6243909474964409,1.6244717855997135,2.778729055544447,2.778376092681517,2.7783760926238537,2.7787290556451376,1.7443735552638902,1.7442241860322327,1.7442241860322327,1.7443735552638902,0.4667487328748395,0.466783388526264,0.466783388526264,0.4667487328748395
1.6238921152052137,1.6238114852220529,1.6238114852220509,1.6238921152052161,2.7790977953631,2.7787460462828633,2.7787460462354416,2.779097795436027,1.7465417938169376,1.7463995878468825,1.7463995878468825,1.7465417938169376,0.46686375815426073,0.46688613154562025,0.46688613154562025,0.46686375815426073
1.6232335125444985,1.6231528574838912,1.6231528574838894,1.6232335125445008,2.7795789443345247,2.7792272634355317,2.779227263390668,2.7795789443994896,1.7474432471956003,1.7473034539296837,1.7473034539296837,1.7474432471956003,0.46701953170896754,0.4670374950408979,0.4670374950408979,0.46701953170896754
1.6249122521637247,1.6248312727564176,1.6248312727564151,1.6249122521637285,2.7777355469004164,2.7773816191706064,2.7773816191081755,2.7777355470028366,1.7422239857696187,1.7420690413632556,1.7420690413632556,1.7422239857696187,0.4665007456595051,0.46654512158389366,0.46654512158389366,0.4665007456595051
1.6231295973516449,1.6230490719922752,1.6230490719922737,1.6231295973516464,2.779355201109465,2.77900416255626,2.779004162515989,2.779355201161666,1.7480740955374003,1.7479370789777102,1.7479370789777102,1.7480740955374003,0.46697368693895536,0.46698703724865703,0.46698703724865703,0.46697368693895536
1.624229345161487,1.6241482622049233,1.6241482622049204,1.6242293451614909,2.778838369603747,2.778484232286987,2.778484232221999,2.7788383697223664,1.7431621689164514,1.7430083139720027,1.7430083139720027,1.7431621689164514,0.4668018321278765,0.4668438564017494,0.4668438564017494,0.4668018321278765
1.6237383714730729,1.623657376968703,1.6236573769687006,1.623738371473076,2.7795372256860933,2.779183731400344,2.7791837313411945,2.7795372257905213,1.744872616080457,1.7447235288240737,1.7447235288240737,1.744872616080457,0.4669870265405494,0.4670207132758562,0.4670207132758562,0.4669870265405494
1.623135686767311,1.6230549789228537,1.623054978922852,1.623135686767313,2.7801888926668945,2.7798370470712483,2.779837047026565,2.7801888927307563,1.7479300381784544,1.747790725334545,1.747790725334545,1.7479300381784544,0.46715956685766385,0.4671765146323727,0.4671765146323727,0.46715956685766385
1.6245377734358069,1.624456672263896,1.6244566722638933,1.624537773435811,2.778873192777376,2.778518903906041,2.7785189038400486,2.778873192897614,1.7429020198614662,1.742747081254675,1.742747081254675,1.7429020198614662,0.4667847304397866,0.466828662406089,0.466828662406089,0.4667847304397866
1.6236560736111119,1.6235750411685357,1.623575041168533,1.6236560736111152,2.7800163284192636,2.779662724906255,2.779662724847204,2.7800163285234283,1.7452698691425512,1.7451212079142935,1.7451212079142935,1.7452698691425512,0.4670976219862538,0.4671304294359782,0.4671304294359782,0.4670976219862538
1.6241366460720992,1.6240555435282815,1.624055543528279,1.624136646072103,2.7797684676571026,2.7794143821425714,2.7794143820788566,2.779768467774173,1.7441871372055255,1.7440349759800944,1.7440349759800944,1.7441871372055255,0.4670098755253616,0.4670487756098966,0.4670487756098966,0.4670098755253616
1.6233289717983634,1.6232481497579916,1.62324814975799,1.6233289717983654,2.780291535047394,2.7799390910531634,2.779939091003855,2.7802915351242037,1.747186982072467,1.747044721261855,1.747044721261855,1.747186982072467,0.4671717593286218,0.4671936736213931,0.4671936736213931,0.4671717593286218
1.6237456662182832,1.6236645352448575,1.623664535244855,1.6237456662182868,2.779781488382674,2.7794273384966073,2.779427338433121,2.7797814884986978,1.7443011543476912,1.7441494940823472,1.7441494940823472,1.7443011543476912,0.4670449681767515,0.4670828852666273,0.4670828852666273,0.4670449681767515
1.622730174885676,1.622649346296057,1.6226493462960556,1.622730174885678,2.780568705092135,2.780216382256704,2.7802163822100083,2.780568705160634,1.7479219536841775,1.7477819290853018,1.7477819290853018,1.7479219536841775,0.4672782174895905,0.4672960961441706,0.4672960961441706,0.4672782174895905
1.6232860783163232,1.623205127061289,1.6232051270612873,1.623286078316326,2.7803489712637206,2.7799958934672926,2.7799958934134548,2.7803489713529115,1.746463176160527,1.746318205926943,1.746318205926943,1.746463176160527,0.46719369265518146,0.46722010181696927,0.46722010181696927,0.46719369265518146
1.6235709067144024,1.6234898548663672,1.623489854866365,1.6235709067144057,2.7804350334872567,2.780081405584813,2.780081405526504,2.7804350335891166,1.7457202941423118,1.7455723835378645,1.7455723835378645,1.7457202941423118,0.46719447399335523,0.4672258752006916,0.4672258752006916,0.46719447399335523
1.624177550760528,1.6240963908160633,1.6240963908160604,1.624177550760532,2.7798378156485817,2.779483443153912,2.779483443088055,2.7798378157717227,1.7438726424285207,1.7437191889339807,1.7437191889339807,1.7438726424285207,0.4670243237087016,0.4670653783942937,0.4670653783942937,0.4670243237087016
1.6243097860227678,1.6242285842712698,1.6242285842712672,1.624309786022772,2.7792604261982294,2.778905730717951,2.778905730649712,2.779260426325073,1.742878371599501,1.7427225804773794,1.7427225804773794,1.742878371599501,0.46689071655106423,0.4669358809505993,0.4669358809505993,0.46689071655106423
1.623745424676458,1.6236642060807036,1.623664206080701,1.6237454246764618,2.7799829437474632,2.779628380202555,2.7796283801363852,2.7799829438707357,1.7439899699369068,1.7438367627121132,1.7438367627121132,1.7439899699369068,0.46709213714992753,0.46713258050708045,0.46713258050708045,0.46709213714992753
1.6237842921164851,1.6237029921324853,1.6237029921324826,1.6237842921164893,2.779817849218274,2.7794628437134343,2.779462843644002,2.779817849349655,1.7432627403338974,1.7431072739420548,1.7431072739420548,1.7432627403338974,0.46705720849671784,0.4671014851266128,0.4671014851266128,0.46705720849671784
1.622778487948107,1.6226974813709552,1.622697481370953,1.6227784879481095,2.7810362680191805,2.780683103043607,2.780683102991492,2.7810362681022958,1.7473277505345808,1.7471845811071924,1.7471845811071924,1.7473277505345808,0.46738255897348563,0.4674055740844233,0.4674055740844233,0.46738255897348563
1.6223580379962599,1.6222771356986063,1.6222771356986048,1.6223580379962617,2.781015094753161,2.780662533341461,2.7806625332946475,2.781015094820968,1.748275031653868,1.7481354421540671,1.7481354421540671,1.748275031653868,0.46740601753328753,0.4674229032534111,0.4674229032534111,0.46740601753328753
1.6243017224344554,1.624220482343351,1.624220482343348,1.6243017224344596,2.779412874693521,2.7790580067789734,2.7790580067100077,2.7794128748216584,1.7428410437873745,1.7426848040917147,1.7426848040917147,1.7428410437873745,0.4669252549798001,0.4669711196725638,0.4669711196725638,0.4669252549798001
1.6241434946210074,1.6240622144521495,1.6240622144521466,1.6241434946210116,2.7797018095121326,2.77934681426459,2.779346814194862,2.7797018096436092,1.7430168936643822,1.7428606973191108,1.7428606973191108,1.7430168936643822,0.4670023187498996,0.46704797523574054,0.46704797523574054,0.4670023187498996
1.6242280155260334,1.6241467332841268,1.624146733284124,1.6242280155260376,2.7797635740965037,2.779408560820356,2.779408560750358,2.779763574229039,1.743013088196223,1.7428567173354321,1.7428567173354321,1.743013088196223,0.46700906055008123,0.4670550223815366,0.4670550223815366,0.46700906055008123
1.6242051107061644,1.62412383077359,1.6241238307735872,1.6242051107061686,2.779766805887445,2.7794118088827013,2.779411808812913,2.779766806019274,1.743050604504346,1.742894369862533,1.742894369862533,1.743050604504346,0.4670113760173348,0.4670571006179668,0.4670571006179668,0.4670113760173348
1.6230987729959898,1.6230176356493917,1.6230176356493897,1.623098772995993,2.78100987212559,2.780655983214932,2.7806559831567674,2.781009872225836,1.7462280556115697,1.74608089271672,1.74608089271672,1.7462280556115697,0.4673580868076372,0.4673878990974824,0.4673878990974824,0.4673580868076372
1.6238865791968786,1.6238052213531442,1.6238052213531413,1.623886579196883,2.780582946943402,2.7802277359088015,2.780227735838716,2.7805829470772623,1.7437376314744402,1.7435821957389646,1.7435821957389646,1.7437376314744402,0.4672154899946918,0.46725953445079377,0.46725953445079377,0.4672154899946918
1.6226588097650998,1.6225777796415675,1.6225777796415657,1.622658809765102,2.7812385247469966,2.7808852916685844,2.780885291616618,2.7812385248293197,1.7475150491794318,1.747372159790849,1.747372159790849,1.7475150491794318,0.4674361291996777,0.4674585737891278,0.4674585737891278,0.4674361291996777
1.623852991369869,1.6237716285799644,1.6237716285799615,1.6238529913698732,2.780749349728275,2.780394144129658,2.7803941440597897,2.780749349861897,1.743923297745321,1.7437681780685907,1.7437681780685907,1.743923297745321,0.46725414598411785,0.4672976036262122,0.4672976036262122,0.46725414598411785
1.6231801665112782,1.6230989542876018,1.6230989542875995,1.623180166511281,2.7814241666748036,2.7810699408859674,2.781069940825939,2.7814241667800466,1.746200753006963,1.7460525838489298,1.7460525838489298,1.746200753006963,0.46744350392392797,0.4674749072078393,0.4674749072078393,0.46744350392392797
1.6223477355401104,1.6222667859332303,1.622266785933229,1.6223477355401124,2.7814181498384394,2.7810654063393576,2.78106540629203,2.7814181499072967,1.7484788955818122,1.7483391840269726,1.7483391840269726,1.7484788955818122,0.4674948490637596,0.4675118177821388,0.4675118177821388,0.4674948490637596
1.6233733982183436,1.6232919492346898,1.623291949234687,1.6233733982183478,2.7811865923808186,2.7808311056230837,2.780831105552902,2.781186592514294,1.7442594819450379,1.7441047873783573,1.7441047873783573,1.7442594819450379,0.46738919182473976,0.4674316372047231,0.4674316372047231,0.46738919182473976
1.6225572424906898,1.6224761803007692,1.6224761803007677,1.6225572424906918,2.781696873969634,2.7813435606371733,2.7813435605857477,2.781696874049896,1.7479513841199406,1.747809118765986,1.747809118765986,1.7479513841199406,0.46754314979954575,0.46756438127771716,0.46756438127771716,0.46754314979954575
1.622724472525555,1.6226432744029355,1.6226432744029335,1.6227244725255578,2.7816217210849534,2.7812676814919266,2.781267681434592,2.7816217211818652,1.7468672826329177,1.7467212298871335,1.7467212298871335,1.7468672826329177,0.46752068754529064,0.467548330476064,0.467548330476064,0.46752068754529064
1.622743141775961,1.6226619448703328,1.6226619448703308,1.622743141775964,2.7815098732413697,2.7811558211353806,2.781155821077695,2.7815098733393575,1.7467235033506605,1.7465771664803187,1.7465771664803187,1.7467235033506605,0.46749536338267,0.46752352033690275,0.46752352033690275,0.46749536338267
1.6222096224654667,1.622128564570354,1.622128564570352,1.622209622465469,2.7815111426706287,2.781157893917658,2.7811578938670247,2.7815111427483026,1.7480023870907453,1.7478608087282947,1.7478608087282947,1.7480023870907453,0.4675308060455328,0.4675508165237008,0.4675508165237008,0.4675308060455328
1.6225626983182457,1.6224817057289977,1.6224817057289962,1.6225626983182475,2.781732452853831,2.7813794932170706,2.7813794931683504,2.7817324529265943,1.7484366387635382,1.7482960395833196,1.7482960395833196,1.7484366387635382,0.4675468614875214,0.46756530053263934,0.46756530053263934,0.4675468614875214
1.6238505474075495,1.623769140357565,1.623769140357562,1.623850547407554,2.780506854951049,2.7801513914667844,2.780151391395006,2.780506855088912,1.7433709095042138,1.74321433822131,1.74321433822131,1.7433709095042138,0.46720409554863646,0.46725004402171244,0.46725004402171244,0.46720409554863646
1.6224211092106766,1.6223400666475165,1.622340066647515,1.6224211092106786,2.7818805126925596,2.781527349105205,2.7815273490555485,2.7818805127675477,1.7484036506770957,1.7482626621158848,1.7482626621158848,1.7484036506770957,0.4675919369181731,0.46761093177178825,0.46761093177178825,0.4675919369181731
1.623559506722992,1.623478018566236,1.6234780185662334,1.6235595067229964,2.78132952436717,2.7809738233297345,2.7809738232578876,2.7813295245053955,1.7440508558708707,1.7438950498136334,1.7438950498136334,1.7440508558708707,0.46740684118534603,0.46745117017864757,0.46745117017864757,0.46740684118534603
1.6232796022096498,1.6231982651318988,1.6231982651318961,1.6232796022096534,2.7816159105557516,2.7812610630048296,2.7812610629403665,2.7816159106732066,1.7455679172046037,1.7454170355838357,1.7454170355838357,1.7455679172046037,0.46748255998369237,0.4675184761094528,0.4675184761094528,0.46748255998369237
1.623660143591278,1.6235786561389332,1.62357865613893,1.6236601435912823,2.7811434632660084,2.7807877209347,2.7807877208620186,2.7811434634067287,1.7437548326203138,1.7435983292706343,1.7435983292706343,1.7437548326203138,0.4673592341695464,0.4674048187099795,0.4674048187099795,0.4673592341695464
1.623672204176362,1.6235908027993509,1.6235908027993482,1.623672204176366,2.7811687791801587,2.780813471078278,2.7808134710088184,2.781168779312098,1.7443250083713595,1.7441704944613081,1.7441704944613081,1.7443250083713595,0.46735952070981496,0.46740177849262987,0.46740177849262987,0.46735952070981496
1.6229301001131347,1.6228487776170042,1.6228487776170022,1.622930100113138,2.781822798647546,2.781468120233066,2.7814681201709797,2.781822798757701,1.746171792270446,1.7460227490197158,1.7460227490197158,1.746171792270446,0.4675533433921278,0.4675859998418239,0.4675859998418239,0.4675533433921278
1.6230224651822183,1.6229409930045953,1.6229409930045924,1.6230224651822225,2.7816155953211203,2.781260118147979,2.781260118079368,2.7816155954495025,1.7448936367997512,1.7447404148373837,1.7447404148373837,1.7448936367997512,0.46750929142442055,0.4675490238126115,0.4675490238126115,0.46750929142442055
1.6230030554804902,1.6229215402552646,1.622921540255262,1.623003055480494,2.7820537030954458,2.781698071928519,2.7816980718596636,2.7820537032241646,1.745173025506288,1.7450198801099555,1.7450198801099555,1.745173025506288,0.46760613496185544,0.4676456052060424,0.4676456052060424,0.46760613496185544
1.6233709138532149,1.6232893758500717,1.6232893758500686,1.6233709138532193,2.7811510412979277,2.7807951011724876,2.780795101099066,2.7811510414398586,1.7436602081805919,1.7435034436909091,1.7435034436909091,1.7436602081805919,0.4673858423288404,0.4674317540303602,0.4674317540303602,0.4673858423288404
1.623359121070932,1.6232775426552684,1.6232775426552652,1.6233591210709362,2.7819879667495173,2.7816319394986437,2.7816319394260014,2.7819879668892926,1.7444287693569316,1.7442729790606333,1.7442729790606333,1.7444287693569316,0.4675672189753449,0.46761125783651986,0.46761125783651986,0.4675672189753449
1.6234568394178028,1.623375270959574,1.6233752709595712,1.6234568394178073,2.7813997232877177,2.78104364654243,2.781043646468313,2.7813997234315195,1.7437098874273456,1.743552744981688,1.743552744981688,1.7437098874273456,0.4674334722661613,0.4674799747282292,0.4674799747282292,0.4674334722661613
1.6234299344327128,1.6233483434743483,1.6233483434743454,1.6234299344327177,2.781553063272814,2.7811968996557606,2.781196899581279,2.78155306341765,1.743770642157827,1.7436133973879455,1.7436133973879455,1.743770642157827,0.4674694392602675,0.4675160589928111,0.4675160589928111,0.4674694392602675
1.6225360993853324,1.6224548127313687,1.6224548127313667,1.6225360993853348,2.782566000324872,2.7822116782414494,2.782211678184327,2.7825660004200334,1.747608045176776,1.7474627036682338,1.7474627036682338,1.747608045176776,0.46774060824324276,0.4677667192302192,0.4677667192302192,0.46774060824324276
1.6229587845869637,1.6228772241415963,1.6228772241415936,1.6229587845869673,2.782618848945422,2.7822630745921377,2.7822630745234394,2.7826188490731867,1.7456145595404189,1.745461811081938,1.745461811081938,1.7456145595404189,0.467732032212919,0.46777065887033603,0.46777065887033603,0.467732032212919
1.6228015330484402,1.6227201261165245,1.6227201261165223,1.6228015330484435,2.782568244136324,2.7822132657301624,2.7822132656676137,2.782568244246903,1.7466480538791764,1.7464991754399728,1.7464991754399728,1.7466480538791764,0.46772611011657605,0.46775822748096657,0.46775822748096657,0.46772611011657605
1.623689198263338,1.6236076916396855,1.6236076916396827,1.6236891982633426,2.7810560603172574,2.7807002014732096,2.780700201399835,2.781056060459007,1.7435264750775712,1.7433693414435598,1.7433693414435598,1.7435264750775712,0.46733860722433557,0.467385277450196,0.467385277450196,0.46733860722433557
1.6232072661333288,1.6231256001848338,1.6231256001848309,1.6232072661333334,2.7821682220747435,2.781811808163925,2.7818118080890866,2.7821682222201303,1.744204015250094,1.7440470818481817,1.7440470818481817,1.744204015250094,0.467621761242357,0.46766760206241276,0.46766760206241276,0.467621761242357
1.6224077599024858,1.622326268008849,1.6223262680088466,1.622407759902489,2.782581052808914,2.7822257255777894,2.78222572551345,2.7825810529237733,1.7464080555765362,1.7462584106520913,1.7462584106520913,1.7464080555765362,0.467763986068012,0.46779723644516286,0.46779723644516286,0.467763986068012
1.62327578300073,1.6231941311738833,1.6231941311738802,1.6232757830007345,2.7819565775416093,2.7816001925796234,2.7816001925044986,2.7819565776879207,1.74398622105053,1.7438289362840314,1.7438289362840314,1.74398622105053,0.46757056311275846,0.46761707705211747,0.46761707705211747,0.46757056311275846
1.6231902921790242,1.623108676884868,1.623108676884865,1.6231902921790284,2.782452084396924,2.782095966680907,2.7820959666088596,2.782452084534413,1.744889625645646,1.7447345557064367,1.7447345557064367,1.744889625645646,0.46768102195713596,0.4677236606237033,0.4677236606237033,0.46768102195713596
1.6225468323597272,1.622465194514111,1.6224651945141084,1.622546832359731,2.7828487889763105,2.7824927363652967,2.7824927362958145,2.7828487891053526,1.7457049138073635,1.7455521294079166,1.7455521294079166,1.7457049138073635,0.4678171331439728,0.4678556023513027,0.4678556023513027,0.4678171331439728
1.6226774954393304,1.622595777214749,1.6225957772147463,1.6226774954393344,2.7827250184332817,2.7823685195562216,2.7823685194828984,2.7827250185732386,1.7449427466113823,1.7447874465237612,1.7447874465237612,1.7449427466113823,0.467784475875485,0.46782723233953255,0.46782723233953255,0.467784475875485
1.622529117270456,1.6224477371049935,1.6224477371049915,1.6225291172704588,2.7828512963640692,2.782496543430748,2.7824965433710114,2.7828512964661747,1.7473686104838788,1.7472218038981615,1.7472218038981615,1.7473686104838788,0.46780640158672643,0.46783487507443355,0.46783487507443355,0.46780640158672643
1.6233859040966507,1.6233042789002812,1.6233042789002783,1.6233859040966552,2.7819344087478886,2.7815781331505405,2.781578133075987,2.7819344088927713,1.744049881088819,1.743892838479776,1.743892838479776,1.744049881088819,0.46755584261903077,0.46760199847013467,0.46760199847013467,0.46755584261903077
1.6232929784718153,1.6232113059541458,1.623211305954143,1.6232929784718197,2.7821572539524424,2.781800788739009,2.7818007886636074,2.782157254099499,1.7440866995371533,1.743929341637939,1.743929341637939,1.7440866995371533,0.46761298432896126,0.46765956886652976,0.46765956886652976,0.46761298432896126
1.6232996953837484,1.6232180126899214,1.6232180126899185,1.6232996953837526,2.7823476411374006,2.7819911491031335,2.781991149027872,2.782347641284002,1.7442503190521024,1.7440931406150928,1.7440931406150928,1.7442503190521024,0.4676534962502093,0.46769972832873,0.46769972832873,0.4676534962502093
1.6220421134722791,1.6219609610521173,1.621960961052116,1.6220421134722809,2.782972641502431,2.7826191449892175,2.7826191449400923,2.782972641574311,1.7493308794467406,1.7491910174254883,1.7491910174254883,1.7493308794467406,0.4678593165911123,0.46787597275744136,0.46787597275744136,0.4678593165911123
1.6222683748076232,1.6221868219891815,1.622186821989179,1.6222683748076265,2.7831831668781755,2.782827640772354,2.7828276407080494,2.783183166992163,1.7468659055446607,1.7467166681126092,1.7467166681126092,1.7468659055446607,0.4679059516187027,0.4679382950095531,0.4679382950095531,0.4679059516187027
1.6226920355780843,1.6226104800450307,1.622610480045028,1.622692035578088,2.783112861726254,2.782757230004649,2.7827572299385652,2.7831128618459138,1.746452370266558,1.7463016642473035,1.7463016642473035,1.746452370266558,0.46785780465593646,0.4678927773215029,0.4678927773215029,0.46785780465593646
1.6231538741268898,1.6230721609062813,1.6230721609062786,1.6231538741268945,2.7827052939462003,2.7823487245915843,2.782348724516767,2.7827052940910297,1.7446040528064546,1.7444474296814647,1.7444474296814647,1.7446040528064546,0.4677425163189281,0.46778766322548887,0.46778766322548887,0.4677425163189281
1.62323951583497,1.623157794931844,1.623157794931841,1.6232395158349744,2.782537254939343,2.7821806078702216,2.782180607794301,2.782537255087527,1.7442839910999215,1.7441265485884812,1.7441265485884812,1.7442839910999215,0.467700441285282,0.46774703757072195,0.46774703757072195,0.467700441285282
1.6221452859122933,1.622063697095142,1.62206369709514,1.6221452859122965,2.7836060971628696,2.783250470421626,2.7832504703576917,2.783606097275238,1.7472495641013586,1.7471008438773834,1.7471008438773834,1.7472495641013586,0.4680073101531988,0.4680386212704396,0.4680386212704396,0.4680073101531988
1.6221277309752542,1.6220463100514422,1.62204631005144,1.6221277309752566,2.7836412407156113,2.7832864664007815,2.783286466343324,2.7836412408100233,1.7483797165808745,1.748234987824882,1.748234987824882,1.7483797165808745,0.46800790698446065,0.46803253195425487,0.46803253195425487,0.46800790698446065
1.622136377623067,1.622054980739763,1.622054980739761,1.6221363776230693,2.7836648464751215,2.7833101945199212,2.7833101944634104,2.7836648465669125,1.7485564182472144,1.7484122714792905,1.7484122714792905,1.7485564182472144,0.4680110625227375,0.46803471131879254,0.46803471131879254,0.4680110625227375
1.6225623122735573,1.622480447848833,1.62248044784883,1.622562312273562,2.783288921231331,2.7829317848371695,2.782931784760474,2.7832889213799077,1.7447900920812152,1.7446330795592049,1.7446330795592049,1.7447900920812152,0.46792061029984977,0.4679660220294726,0.4679660220294726,0.46792061029984977
