"Time / s","Vo:Measured voltage","IL:Measured current","Vin:Measured voltage","open1_time","open2_time","open3","open4","short1_time","short2_time","short3","short4"
1.1175737738555733,411.6927812705128,-8.7438017965115318,-215.81426078640126,0,0,0,0,0,0,0,0
1.11758,411.67545951237099,-8.7768520619969568,-214.401900644785,0,0,0,0,0,0,0,0
1.1175999999999999,411.65829224853627,-8.7629786268820773,-212.98107628327165,0,0,0,0,0,0,0,0
1.1176200000000001,411.64053799047838,-8.7019115560062001,-211.55184379353574,0,0,0,0,0,0,0,0
1.11764,411.62145139441833,-8.5933957176976605,-210.11425959925464,0,0,0,0,0,0,0,0
1.1176599999999999,411.60028349659939,-8.4371908572136558,-208.66838045377781,0,0,0,0,0,0,0,0
1.11768,411.57394834408581,-8.4388290233157512,-207.21426343792507,0,0,0,0,0,0,0,0
1.1176999999999999,411.54665936123911,-8.4608914955814036,-205.75196595777263,0,0,0,0,0,0,0,0
1.11772,411.51934471859681,-8.4345294394265107,-204.2815457422947,0,0,0,0,0,0,0,0
1.11774,411.49126888879596,-8.3594877073220406,-202.80306084119022,0,0,0,0,0,0,0,0
1.1177599999999999,411.46169286604277,-8.2355254214568614,-201.31656962249829,0,0,0,0,0,0,0,0
1.11778,411.4290341941641,-8.130978172925456,-199.8221307703333,0,0,0,0,0,0,0,0
1.1177999999999999,411.39302364377886,-8.1141719479684671,-198.31980328260937,0,0,0,0,0,0,0,0
1.11782,411.35581318274524,-8.1163019668906706,-196.80964646861611,0,0,0,0,0,0,0,0
1.1178399999999999,411.3182814525187,-8.068564576291628,-195.291719946786,0,0,0,0,0,0,0,0
1.1178599999999999,411.27970159771553,-7.9707213986957575,-193.76608364224546,0,0,0,0,0,0,0,0
1.11788,411.23934367126589,-7.8225477540321782,-192.23279778448958,0,0,0,0,0,0,0,0
1.1178999999999999,411.19537537740354,-7.7608823490900063,-190.69192290504631,0,0,0,0,0,0,0,0
1.11792,411.14855291237666,-7.7854725070073361,-189.14351983498969,0,0,0,0,0,0,0,0
1.1179399999999999,411.101731344999,-7.7590416899226797,-187.58764970264951,0,0,0,0,0,0,0,0
1.1179599999999998,411.05419794746888,-7.6813566697731455,-186.02437393110071,0,0,0,0,0,0,0,0
1.11798,411.00523710247182,-7.5521972625004468,-184.45375423577966,0,0,0,0,0,0,0,0
1.1179999999999999,410.95337156752248,-7.4398403130414081,-182.87585262209103,0,0,0,0,0,0,0,0
1.11802,410.89831835679757,-7.4125405392551729,-181.29073138286017,0,0,0,0,0,0,0,0
1.1180399999999999,410.84200887345196,-7.4015814973082019,-179.69845309598813,0,0,0,0,0,0,0,0
1.1180600000000001,410.78522130705909,-7.3382634449028759,-178.09908062186642,0,0,0,0,0,0,0,0
1.11808,410.72725639394105,-7.2223728906693117,-176.4926771010108,0,0,0,0,0,0,0,0
1.1180999999999999,410.66741237216581,-7.0537087656394668,-174.87930595146707,0,0,0,0,0,0,0,0
1.11812,410.60253464281385,-7.1057885765431887,-173.25903086633645,0,0,0,0,0,0,0,0
1.1181399999999999,410.53800099202186,-7.1046450913737633,-171.63191581137826,0,0,0,0,0,0,0,0
1.11816,410.47313261931782,-7.0500616230778421,-169.99802502222045,0,0,0,0,0,0,0,0
1.11818,410.40724829862336,-6.941833191381928,-168.35742300214764,0,0,0,0,0,0,0,0
1.1181999999999999,410.3396645283924,-6.7797665623072634,-166.71017451928876,0,0,0,0,0,0,0,0
1.11822,410.26759941727789,-6.7687915756637178,-165.05634460417849,0,0,0,0,0,0,0,0
1.1182399999999999,410.19481985359329,-6.7719236883462512,-163.39599854721996,0,0,0,0,0,0,0,0
1.11826,410.12177082614511,-6.7205794033375659,-161.72920189600251,0,0,0,0,0,0,0,0
1.1182799999999999,410.04779102975311,-6.614563710565343,-160.05602045283402,0,0,0,0,0,0,0,0
1.1182999999999998,409.97221711360356,-6.453692666661925,-158.37652027203796,0,0,0,0,0,0,0,0
1.11832,409.8928772364772,-6.3744085456109918,-156.69076765739032,0,0,0,0,0,0,0,0
1.1183399999999999,409.81157897389386,-6.3764842742237793,-154.99882915954842,0,0,0,0,0,0,0,0
1.11836,409.73001094736384,-6.3230958818716623,-153.30077157331647,0,0,0,0,0,0,0,0
1.1183799999999999,409.6475336145391,-6.214059462377219,-151.59666193513115,0,0,0,0,0,0,0,0
1.1183999999999998,409.56350561795512,-6.0492014975274984,-149.88656752030775,0,0,0,0,0,0,0,0
1.11842,409.47541923787423,-6.0330772138009516,-148.17055584043007,0,0,0,0,0,0,0,0
1.1184399999999999,409.38664541721351,-6.02896558169736,-146.44869464073196,0,0,0,0,0,0,0,0
1.11846,409.29754723368711,-5.9684354249708802,-144.72105189731414,0,0,0,0,0,0,0,0
1.1184799999999999,409.2075084867576,-5.8513148036130209,-142.98769581458524,0,0,0,0,0,0,0,0
1.1185,409.11591138709184,-5.6774414945529106,-141.24869482244398,0,0,0,0,0,0,0,0
1.11852,409.02039357245297,-5.6511554310053045,-139.50411757370341,0,0,0,0,0,0,0,0
1.1185399999999999,408.92412980348075,-5.6358888254354005,-137.75403294127037,0,0,0,0,0,0,0,0
1.11856,408.82744423249039,-5.5632976068710054,-135.99851001547364,0,0,0,0,0,0,0,0
1.1185799999999999,408.72974566721064,-5.4332224112966836,-134.23761810138413,0,0,0,0,0,0,0,0
1.1186,408.62928453974615,-5.3817107823944195,-132.47142671596768,0,0,0,0,0,0,0,0
1.1186199999999999,408.52805441991688,-5.2723654038586707,-130.70000558546784,0,0,0,0,0,0,0,0
1.1186399999999999,408.42478935964118,-5.2411721738635144,-128.92342464254182,0,0,0,0,0,0,0,0
1.11866,408.32097289267512,-5.1517920407243354,-127.14175402354705,0,0,0,0,0,0,0,0
1.1186799999999999,408.21532928212798,-5.0721069268137571,-125.35506406582113,0,0,0,0,0,0,0,0
1.1187,408.10829607239276,-5.0019360916456899,-123.56342530477572,0,0,0,0,0,0,0,0
1.1187199999999999,407.99988600803346,-4.9410908714044321,-121.76690847132244,0,0,0,0,0,0,0,0
1.1187399999999998,407.89051066517288,-4.8893880544405688,-119.96558448880485,0,0,0,0,0,0,0,0
1.11876,407.78043233309251,-4.7786776298374951,-118.15952447039295,0,0,0,0,0,0,0,0
1.1187799999999999,407.66808356016247,-4.7447055370585529,-116.34879971630914,0,0,0,0,0,0,0,0
1.1188,407.55521501345652,-4.6514023141538816,-114.53348171081718,0,0,0,0,0,0,0,0
1.1188199999999999,407.44086531890224,-4.5665404305750412,-112.71364211959646,0,0,0,0,0,0,0,0
1.1188400000000001,407.32541725233295,-4.489946974365064,-110.88935278676504,0,0,0,0,0,0,0,0
1.11886,407.20811999082139,-4.4893037588142448,-109.06068573217507,0,0,0,0,0,0,0,0
1.1188799999999999,407.09061330838716,-4.428696642907342,-107.22771314845426,0,0,0,0,0,0,0,0
1.1189,406.9724062454535,-4.3080020142965232,-105.390507398205,0,0,0,0,0,0,0,0
1.1189199999999999,406.85260628337812,-4.194908374983374,-103.54914101119773,0,0,0,0,0,0,0,0
1.11894,406.73097979081416,-4.1570355559132501,-101.7036866813912,0,0,0,0,0,0,0,0
1.11896,406.60853773680128,-4.1263983617495468,-99.854217264195796,0,0,0,0,0,0,0,0
1.1189799999999999,406.48567673505943,-4.0350832320133456,-98.000805773480636,0,0,0,0,0,0,0,0
1.119,406.36193692361655,-3.8829805733519112,-96.143525378741003,0,0,0,0,0,0,0,0
1.1190199999999999,406.23638974176367,-3.8053961798131266,-94.28244940226034,0,0,0,0,0,0,0,0
1.11904,406.10925842301879,-3.8021099604215625,-92.417651316097817,0,0,0,0,0,0,0,0
1.1190599999999999,405.98193539330771,-3.7375865606874661,-90.54920473932259,0,0,0,0,0,0,0,0
1.1190799999999999,405.85399363733541,-3.6117244301411864,-88.677183434989331,0,0,0,0,0,0,0,0
1.1191,405.72467876834708,-3.4920459998586697,-86.801661307276788,0,0,0,0,0,0,0,0
1.1191199999999999,405.59350895707087,-3.5135950735134278,-84.922712398621044,0,0,0,0,0,0,0,0
1.11914,405.46232570563933,-3.4733768317547549,-83.040410886673769,0,0,0,0,0,0,0,0
1.1191599999999999,405.33073572437098,-3.3712985072244477,-81.154831081509698,0,0,0,0,0,0,0,0
1.1191799999999998,405.19834529917654,-3.2072725900016024,-79.266047422573862,0,0,0,0,0,0,0,0
1.1192,405.06377489458396,-3.1837406366562817,-77.374134475793895,0,0,0,0,0,0,0,0
1.1192199999999999,404.92882599898621,-3.1654725749422856,-75.479166930687697,0,0,0,0,0,0,0,0
1.11924,404.79363973938081,-3.0848575807715162,-73.581219597294947,0,0,0,0,0,0,0,0
1.1192599999999999,404.65785707195374,-2.9418170607442691,-71.680367403360918,0,0,0,0,0,0,0,0
1.1192800000000001,404.5207157069687,-2.8036930693920055,-69.776685391223779,0,0,0,0,0,0,0,0
1.1193,404.38221484599626,-2.7377527974750913,-67.870248715058679,0,0,0,0,0,0,0,0
1.1193199999999999,404.24317382863228,-2.6764306682445915,-65.961132637704083,0,0,0,0,0,0,0,0
1.11934,404.10370373447603,-2.5522422886107905,-64.049412527724655,0,0,0,0,0,0,0,0
1.1193599999999999,403.96292866193932,-2.4997727064006061,-62.135163856643373,0,0,0,0,0,0,0,0
1.11938,403.82179968217031,-2.3842288561134328,-60.218462195668145,0,0,0,0,0,0,0,0
1.1194,403.67974736968716,-2.3401111124601086,-58.299383212933307,0,0,0,0,0,0,0,0
1.1194199999999999,403.53706776015099,-2.2999704359561792,-56.378002670373768,0,0,0,0,0,0,0,0
1.11944,403.39393834608597,-2.2636887494854379,-54.454396420786011,0,0,0,0,0,0,0,0
1.1194599999999999,403.25057464301358,-2.1639386786418173,-52.528640404885842,0,0,0,0,0,0,0,0
1.11948,403.10651973846416,-2.0678534179021253,-50.600810648188478,0,0,0,0,0,0,0,0
1.1194999999999999,402.96194478453413,-1.9753219063200818,-48.670983258146656,0,0,0,0,0,0,0,0
1.1195199999999998,402.81649362883729,-1.9533629483996271,-46.739234421023866,0,0,0,0,0,0,0,0
1.11954,402.67090169909562,-1.8675791989660941,-44.805640398939055,0,0,0,0,0,0,0,0
1.1195599999999999,402.52493692793598,-1.7179301790712038,-42.870277526908332,0,0,0,0,0,0,0,0
1.11958,402.3779477799572,-1.7055673830961171,-40.933222209709001,0,0,0,0,0,0,0,0
1.1195999999999999,402.23072666136306,-1.6961750912435836,-38.99455091900326,0,0,0,0,0,0,0,0
1.1196200000000001,402.08343566838886,-1.6226377850645683,-37.054340190179055,0,0,0,0,0,0,0,0
1.11964,401.93588043900002,-1.4849252313564296,-35.112666619468897,0,0,0,0,0,0,0,0
1.1196599999999999,401.78767090161193,-1.3499729502610121,-33.169606860803128,0,0,0,0,0,0,0,0
1.11968,401.63883242198085,-1.2846306539923833,-31.225237622836371,0,0,0,0,0,0,0,0
1.1196999999999999,401.48977299676369,-1.2218244253772221,-29.27963566597203,0,0,0,0,0,0,0,0
1.11972,401.34053968829625,-1.094572146346187,-27.332877799208756,0,0,0,0,0,0,0,0
1.11974,401.19075239146559,-1.0365864146570429,-25.385040877248965,0,0,0,0,0,0,0,0
1.1197599999999999,401.04074965009448,-0.98087416038364805,-23.436201797341507,0,0,0,0,0,0,0,0
1.11978,400.89061102730284,-0.92735526830753179,-21.486437496298652,0,0,0,0,0,0,0,0
1.1197999999999999,400.74037318317659,-0.80915713821270563,-19.535824947511763,0,0,0,0,0,0,0,0
1.11982,400.58975648067786,-0.7598030982966032,-17.584441157788984,0,0,0,0,0,0,0,0
1.1198399999999999,400.43907766465327,-0.64566815023043234,-15.63236316445634,0,0,0,0,0,0,0,0
1.1198599999999999,400.28819770293393,-0.53346685760257007,-13.679668032192859,0,0,0,0,0,0,0,0
1.11988,400.13711803130354,-0.4898203303632741,-11.726432850023469,0,0,0,0,0,0,0,0
1.1198999999999999,399.9859832318773,-0.44792429748409035,-9.7727347284170474,0,0,0,0,0,0,0,0
1.11992,399.83484285248409,-0.34107358251520792,-7.8186507959241194,0,0,0,0,0,0,0,0
1.1199399999999999,399.68363786192367,-0.16927764645204552,-5.8642581965207992,0,0,0,0,0,0,0,0
1.1199599999999998,399.53231601983913,-0.19890955087092299,-3.9096340862451004,0,0,0,0,0,0,0,0
1.11998,399.38105548546366,-0.16343598012707433,-1.9548556302923592,0,0,0,0,0,0,0,0
1.1199999999999999,399.22983651351274,-0.062874540372008056,-4.267431445128511e-12,0,0,0,0,0,0,0,0
1.12002,399.07862896181427,-0.096788924177524258,1.9548556303015097,0,0,0,0,0,0,0,0
1.1200399999999999,398.92745500259963,-0.13200775975436052,3.9096340862365664,0,0,0,0,0,0,0,0
1.1200600000000001,398.77633755379588,-0.10201841023980757,5.8642581965299492,0,0,0,0,0,0,0,0
1.12008,398.62529634608353,-0.0068492774363767168,7.8186507959332676,0,0,0,0,0,0,0,0
1.1200999999999999,398.47435043334889,0.1534699283589297,9.7727347283908408,0,0,0,0,0,0,0,0
1.12012,398.32352083408693,0.37890488852499987,11.726432850032612,0,0,0,0,0,0,0,0
1.1201399999999999,398.17290583601715,0.60305870585984467,13.679668032166663,0,0,0,0,0,0,0,0
1.12016,398.02269602092503,0.69328859959691169,15.632363164447813,0,0,0,0,0,0,0,0
1.12018,397.87265488352466,0.84870867581128906,17.584441157780464,0,0,0,0,0,0,0,0
1.1201999999999999,397.72304854101765,0.93670073999850045,19.535824947485597,0,0,0,0,0,0,0,0
1.12022,397.57377962417542,1.0236255272138288,21.486437496290137,0,0,0,0,0,0,0,0
1.1202399999999999,397.42482129686317,1.1095038702552564,23.436201797315359,0,0,0,0,0,0,0,0
1.12026,397.27633282669188,1.1281438534813004,25.38504087724046,0,0,0,0,0,0,0,0
1.1202799999999999,397.12799377282977,1.2120094324326462,27.332877799200254,0,0,0,0,0,0,0,0
1.1202999999999999,396.98008968873262,1.2948828783649795,29.279635665945925,0,0,0,0,0,0,0,0
1.12032,396.83257236100951,1.3767736514526154,31.22523762282788,0,0,0,0,0,0,0,0
1.1203399999999999,396.68562559994183,1.3915773814777179,33.169606860777051,0,0,0,0,0,0,0,0
1.12036,396.53884936577299,1.4715489318119019,35.112666619460413,0,0,0,0,0,0,0,0
1.1203799999999999,396.39240146779451,1.616622734506117,37.054340190170585,0,0,0,0,0,0,0,0
1.1203999999999998,396.24698626761591,1.6286093794279666,38.994550918977247,0,0,0,0,0,0,0,0
1.12042,396.10185367742645,1.6396730492961815,40.933222209700538,0,0,0,0,0,0,0,0
1.1204399999999999,395.95690816337299,1.7158028003066357,42.870277526882354,0,0,0,0,0,0,0,0
1.12046,395.8123466735637,1.8569230314947924,44.805640398948107,0,0,0,0,0,0,0,0
1.1204799999999999,395.6686082906337,1.9970120589583162,46.739234421015432,0,0,0,0,0,0,0,0
1.1205000000000001,395.52601368077632,2.0042126587375626,48.670983258155687,0,0,0,0,0,0,0,0
1.12052,395.38361729802705,2.0763314819722178,50.600810648197516,0,0,0,0,0,0,0,0
1.1205399999999999,395.24165493437943,2.2132829156241303,52.528640404877429,0,0,0,0,0,0,0,0
1.12056,395.10078431110816,2.2832794914916055,54.454396420795028,0,0,0,0,0,0,0,0
1.1205799999999999,394.96066930197776,2.3521880373603845,56.378002670365376,0,0,0,0,0,0,0,0
1.1206,394.82118653324824,2.419976718059087,58.299383212942296,0,0,0,0,0,0,0,0
1.1206199999999999,394.68247593903942,2.4866164792087302,60.218462195677127,0,0,0,0,0,0,0,0
1.1206399999999999,394.54440211866307,2.5520696170468864,62.135163856635018,0,0,0,0,0,0,0,0
1.12066,394.40682396033213,2.6820336690932551,64.049412527733608,0,0,0,0,0,0,0,0
1.1206799999999999,394.27058046958257,2.7449843360454129,65.96113263767846,0,0,0,0,0,0,0,0
1.1207,394.13518020440864,2.8066281780301745,67.870248715067603,0,0,0,0,0,0,0,0
1.1207199999999999,394.00046529384372,2.866915337200036,69.776685391232704,0,0,0,0,0,0,0,0
1.1207399999999998,393.86627658991586,2.9914411238577423,71.680367403335396,0,0,0,0,0,0,0,0
1.12076,393.73355082880403,3.0488508002491135,73.581219597286662,0,0,0,0,0,0,0,0
1.1207799999999999,393.6017256272267,3.1047473327926682,75.479166930662259,0,0,0,0,0,0,0,0
1.1208,393.47062005932287,3.1590686964213286,77.374134475785638,0,0,0,0,0,0,0,0
1.1208199999999999,393.34005998835499,3.2773103970775264,79.26604742254851,0,0,0,0,0,0,0,0
1.1208400000000001,393.2108491825872,3.3938166009741928,81.154831081501456,0,0,0,0,0,0,0,0
1.12086,393.08339352912787,3.3774900889137922,83.040410886665541,0,0,0,0,0,0,0,0
1.1208799999999999,392.95608395472624,3.4248495744150831,84.92271239859582,0,0,0,0,0,0,0,0
1.1209,392.82932519385361,3.5357653488917906,86.801661307268574,0,0,0,0,0,0,0,0
1.1209199999999999,392.70352098570879,3.7101024341295323,88.677183434964192,0,0,0,0,0,0,0,0
1.12094,392.58047412486729,3.6860120022238116,90.549204739314419,0,0,0,0,0,0,0,0
1.12096,392.45752549496581,3.7252041650738228,92.41765131608966,0,0,0,0,0,0,0,0
1.1209799999999999,392.33511555685243,3.8275398683623894,94.282449402235343,0,0,0,0,0,0,0,0
1.121,392.21368361543358,3.9928742653713383,96.143525378732889,0,0,0,0,0,0,0,0
1.1210199999999999,392.09437383757199,4.0903644470543403,98.000805773455753,0,0,0,0,0,0,0,0
1.12104,391.97686856323685,4.1199663427406454,99.854217264204451,0,0,0,0,0,0,0,0
1.1210599999999999,391.85986832249529,4.2122452473929801,101.70368668139984,0,0,0,0,0,0,0,0
1.1210799999999999,391.74384708165678,4.3670467068926353,103.54914101117301,0,0,0,0,0,0,0,0
1.1211,391.63061648910718,4.3884073428119317,105.3905073982136,0,0,0,0,0,0,0,0
1.1211199999999999,391.51815350381821,4.406812645872316,107.22771314844624,0,0,0,0,0,0,0,0
1.12114,391.40613683096171,4.4873862011707661,109.06068573218364,0,0,0,0,0,0,0,0
1.1211599999999999,391.29507419261472,4.6299642862922319,110.88935278677359,0,0,0,0,0,0,0,0
1.1211799999999998,391.18626877196152,4.7039881573346314,112.7136421195885,0,0,0,0,0,0,0,0
1.1212,391.07901483277504,4.7745605531131456,114.5334817108257,0,0,0,0,0,0,0,0
1.1212199999999999,390.97301683438621,4.8415506442505611,116.34879971630123,0,0,0,0,0,0,0,0
1.12124,390.86846941410954,4.9048331383425632,118.15952447040142,0,0,0,0,0,0,0,0
1.1212599999999999,390.76506033444599,4.964272445716122,119.96558448878066,0,0,0,0,0,0,0,0
1.1212800000000001,390.66250592856608,5.0848441836429217,121.76690847131458,0,0,0,0,0,0,0,0
1.1213,390.56240550129354,5.1361867383928175,123.56342530478413,0,0,0,0,0,0,0,0
1.1213199999999999,390.4636898270017,5.1832723114378263,125.35506406579714,0,0,0,0,0,0,0,0
1.12134,390.36601595111534,5.2259537729550827,127.14175402353925,0,0,0,0,0,0,0,0
1.1213599999999999,390.26908342190183,5.3291298758487455,128.92342464251794,0,0,0,0,0,0,0,0
1.12138,390.17419109168253,5.4275857815186113,130.7000055854601,0,0,0,0,0,0,0,0
1.1214,390.08099400422026,5.5211581385298052,132.47142671595995,0,0,0,0,0,0,0,0
1.1214199999999999,389.98997314208867,5.5446947524885495,134.23761810136048,0,0,0,0,0,0,0,0
1.12144,389.89953439099162,5.6280332471918912,135.99851001546594,0,0,0,0,0,0,0,0
1.1214599999999999,389.81104559201702,5.7060119411824601,137.75403294124686,0,0,0,0,0,0,0,0
1.12148,389.72412817849295,5.7784558323435737,139.50411757369579,0,0,0,0,0,0,0,0
1.1214999999999999,389.63925418958547,5.7802605410019439,141.24869482243639,0,0,0,0,0,0,0,0
1.1215199999999999,389.55475122164898,5.8411351588618334,142.98769581456193,0,0,0,0,0,0,0,0
1.12154,389.47126229656459,5.960871773829437,144.72105189730661,0,0,0,0,0,0,0,0
1.1215599999999999,389.39023306560688,6.07436260621283,146.44869464070882,0,0,0,0,0,0,0,0
1.12158,389.31193250842034,6.116532989232442,148.17055584043811,0,0,0,0,0,0,0,0
1.1215999999999999,389.23477026502877,6.1520922824591926,149.88656752028479,0,0,0,0,0,0,0,0
1.1216199999999998,389.15837783130144,6.2457132544556293,151.59666193510824,0,0,0,0,0,0,0,0
1.12164,389.08342210845348,6.3971715836563305,153.30077157332443,0,0,0,0,0,0,0,0
1.1216599999999999,389.01261428607108,6.4117481326510646,154.99882915952568,0,0,0,0,0,0,0,0
1.12168,388.94265714316924,6.4189261671987099,156.69076765739823,0,0,0,0,0,0,0,0
1.1216999999999999,388.87315705252826,6.4833224121693922,158.3765202720306,0,0,0,0,0,0,0,0
1.1217200000000001,388.80480589759122,6.6047074312877889,160.05602045284186,0,0,0,0,0,0,0,0
1.12174,388.73919077679682,6.718060058735607,161.72920189601032,0,0,0,0,0,0,0,0
1.1217599999999999,388.67657443397707,6.7583804834145056,163.39599854721271,0,0,0,0,0,0,0,0
1.12178,388.61516449922942,6.7902368187906035,165.05634460418625,0,0,0,0,0,0,0,0
1.1217999999999999,388.55453677650326,6.8781729571108405,166.71017451928157,0,0,0,0,0,0,0,0
1.12182,388.49540304493507,7.0219438493889577,168.35742300215529,0,0,0,0,0,0,0,0
1.1218399999999999,388.44071846232532,7.0270969551526905,169.99802502222812,0,0,0,0,0,0,0,0
1.1218599999999999,388.38681141727386,7.0228837659564629,171.63191581135641,0,0,0,0,0,0,0,0
1.12188,388.33323281076474,7.0738054528156056,173.25903086634406,0,0,0,0,0,0,0,0
1.1218999999999999,388.28071589126233,7.1796146196780821,174.87930595144539,0,0,0,0,0,0,0,0
1.12192,388.22999024618218,7.340051053506456,176.49267710100375,0,0,0,0,0,0,0,0
1.1219399999999999,388.18413719017036,7.360776190462027,178.09908062185946,0,0,0,0,0,0,0,0
1.1219599999999998,388.13929724048455,7.3709298622129173,179.6984530959667,0,0,0,0,0,0,0,0
1.12198,388.09498781952317,7.4349554779184688,181.29073138285321,0,0,0,0,0,0,0,0
1.1219999999999999,388.05195773936595,7.5525919626218752,182.8758526220698,0,0,0,0,0,0,0,0
1.12202,388.01095179599389,7.7235647477007889,184.45375423577278,0,0,0,0,0,0,0,0
1.1220399999999999,387.97555640622539,7.6889708315542444,186.02437393107968,0,0,0,0,0,0,0,0
1.1220600000000001,387.94005182772082,7.7071781456973412,187.58764970264272,0,0,0,0,0,0,0,0
1.12208,387.90520412363406,7.7779273472330459,189.14351983498287,0,0,0,0,0,0,0,0
1.1220999999999999,387.87177519202896,7.9009448631763073,190.69192290502562,0,0,0,0,0,0,0,0
1.12212,387.84052256109214,8.0759429709807957,192.23279778448287,0,0,0,0,0,0,0,0
1.1221399999999999,387.81518112693021,8.0441141901303137,193.76608364222494,0,0,0,0,0,0,0,0
1.12216,387.7897530246658,8.0636926154369597,195.29171994679311,0,0,0,0,0,0,0,0
1.12218,387.76501503302939,8.1344086776230071,196.80964646860946,0,0,0,0,0,0,0,0
1.1221999999999999,387.74173944039848,8.2559779417959582,198.31980328258916,0,0,0,0,0,0,0,0
1.12222,387.72183729676135,8.3634931896001845,199.82213077034029,0,0,0,0,0,0,0,0
1.1222399999999999,387.70588159709223,8.3274255541281619,201.31656962249176,0,0,0,0,0,0,0,0
1.12226,387.68975377964523,8.3413210362556427,202.80306084119718,0,0,0,0,0,0,0,0
1.1222799999999999,387.67423891185553,8.4049019374869562,204.28154574230163,0,0,0,0,0,0,0,0
1.1222999999999999,387.66011726695797,8.5178750874897542,205.75196595776623,0,0,0,0,0,0,0,0
1.12232,387.64816408281712,8.679931942328972,207.21426343793189,0,0,0,0,0,0,0,0
1.1223399999999999,387.64233548209978,8.632362366476908,208.66838045377148,0,0,0,0,0,0,0,0
1.12236,387.63612360772277,8.6332391693757362,210.11425959926137,0,0,0,0,0,0,0,0
1.1223799999999999,387.63031894156114,8.6822791743581504,211.55184379354247,0,0,0,0,0,0,0,0
1.1223999999999998,387.62570690202347,8.7791831686757611,212.98107628326542,0,0,0,0,0,0,0,0
1.12242,387.62306758448068,8.9236360103842394,214.40190064479162,0,0,0,0,0,0,0,0
1.1224399999999999,387.62536284686951,8.9861225838764778,215.81426078638239,0,0,0,0,0,0,0,0
1.12246,387.6301734368131,8.9662881441644284,217.21810095050324,0,0,0,0,0,0,0,0
1.1224799999999999,387.63503719830237,8.9930158541841365,218.6133657159229,0,0,0,0,0,0,0,0
1.1225000000000001,387.64074159339293,9.0660037916224674,220.00000000000264,0,0,0,0,0,0,0,0
1.12252,387.64806852393355,9.1849336014153806,221.37794906077025,0,0,0,0,0,0,0,0
1.1225399999999999,387.65779405587631,9.3494706159094783,222.74715849916876,0,0,0,0,0,0,0,0
1.12256,387.67412167354274,9.300861311766619,224.10757426116629,0,0,0,0,0,0,0,0
1.1225799999999999,387.71722274555253,7.8758611706573376,225.45914263985335,0,1,0,0,0,0,0,0
1.1226,387.72727795463186,2.4890400449013601,226.80181027764905,0,1,0,0,0,0,0,0
1.12262,387.59743676417872,0.00022813548200967447,228.13552416830976,0,1,0,0,0,0,0,0
1.1226399999999999,387.44996662821563,0.00022946018975819892,229.460231659107,0,1,0,0,0,0,0,0
1.12266,387.30290787486649,0.0002307758388113422,230.77588045286907,0,1,0,0,0,0,0,0
1.1226799999999999,387.15612792577866,0.00023208237722950899,232.08241861001065,0,1,0,0,0,0,0,0
1.1227,387.00948620008626,0.00023337975343282316,233.37979455066599,0,1,0,0,0,0,0,0
1.1227199999999999,386.8629155990987,0.00023466791620307023,234.66795705663097,0,1,0,0,0,0,0,0
1.1227399999999998,386.71640054288082,0.0002359468146858016,235.94685527346732,0,1,0,0,0,0,0,0
1.12276,386.56994101016068,0.00023721639839230626,237.21643871247477,0,1,0,0,0,0,0,0
1.1227799999999999,386.42353697967314,0.00023847661720157056,238.47665725264997,0,1,0,0,0,0,0,0
1.1228,386.27718843016038,0.00023972742136234756,239.72746114275691,0,1,0,0,0,0,0,0
1.1228199999999999,386.13089534036982,0.00024096876149498579,240.96880100315445,0,1,0,0,0,0,0,0
1.1228399999999998,385.98465768905766,0.00024220058859351386,242.20062782788204,0,1,0,0,0,0,0,0
1.12286,385.83847545498531,0.00024342285402755113,243.42289298657016,0,1,0,0,0,0,0,0
1.1228799999999999,385.69234861692235,0.00024463550954409609,244.6355482262278,0,1,0,0,0,0,0,0
1.1229,385.54627715364438,0.00024583850726961825,245.83854567333557,0,1,0,0,0,0,0,0
1.1229199999999999,385.40026104393309,0.0002470317997118055,247.03183783559231,0,1,0,0,0,0,0,0
1.12294,385.25430026657818,0.00024821533976153708,248.21537760388827,0,1,0,0,0,0,0,0
1.12296,385.10839480037561,0.00024938908069465694,249.38911825407862,0,1,0,0,0,0,0,0
1.1229799999999999,384.96254462412872,0.00025055297617389359,250.5530134489029,0,1,0,0,0,0,0,0
1.123,384.81674971664734,0.00025170698025065667,251.70701723978215,0,1,0,0,0,0,0,0
1.1230199999999999,384.67101005674755,0.00025285104736682054,252.85108406860186,0,1,0,0,0,0,0,0
1.12304,384.52532562325331,0.0002539851323565949,253.9851687695832,0,1,0,0,0,0,0,0
1.1230599999999999,384.37969639499494,0.00025510919044822587,255.10922657098359,0,1,0,0,0,0,0,0
1.1230799999999999,384.23412235080929,0.00025622317726583502,256.22321309693598,0,1,0,0,0,0,0,0
1.1231,384.08860346954117,0.00025732704883113988,257.32708436916971,0,1,0,0,0,0,0,0
1.1231199999999999,383.94313973004154,0.00025842076156516166,258.42079680871723,0,1,0,0,0,0,0,0
1.12314,383.79773111116788,0.00025950427229001364,259.50430723770376,0,1,0,0,0,0,0,0
1.1231599999999999,383.65237759178524,0.00026057753823052846,260.57757288097338,0,1,0,0,0,0,0,0
1.1231799999999998,383.50707915076589,0.00026164051701601436,261.640551367846,0,1,0,0,0,0,0,0
1.1232,383.36183576698738,0.00026269316668189814,262.69320073376053,0,1,0,0,0,0,0,0
1.1232199999999999,383.21664741933682,0.00026373544567135477,263.73547942190345,0,1,0,0,0,0,0,0
1.12324,383.07151408670575,0.00026476731283701287,264.76734628491562,0,1,0,0,0,0,0,0
1.1232599999999999,382.92643574799337,0.0002657887274425053,265.78876058644153,0,1,0,0,0,0,0,0
1.1232800000000001,382.78141238210679,0.00026679964916415051,266.79968200281183,0,1,0,0,0,0,0,0
1.1233,382.63644396795843,0.00026780003809247194,267.80007062456184,0,1,0,0,0,0,0,0
1.1233199999999999,382.49153048446931,0.00026878985473383662,268.78988695807078,0,1,0,0,0,0,0,0
1.12334,382.34667191056622,0.00026976906001199597,269.76909192710241,0,1,0,0,0,0,0,0
1.1233599999999999,382.20186822518423,0.00027073761526955834,270.73764687427695,0,1,0,0,0,0,0,0
1.12338,382.05711940726422,0.00027169548226967295,271.6955135627561,0,1,0,0,0,0,0,0
1.1234,381.91242543575385,0.00027264262319734748,272.64265417755973,0,1,0,0,0,0,0,0
1.1234199999999999,381.76778628960881,0.00027357900066109718,273.57903132721549,0,1,0,0,0,0,0,0
1.12344,381.6232019477917,0.00027450457769435152,274.50460804516524,0,1,0,0,0,0,0,0
1.1234599999999999,381.47867238927137,0.00027541931775689718,275.41934779120817,0,1,0,0,0,0,0,0
1.12348,381.33419759302416,0.00027632318473637949,276.32321445300198,0,1,0,0,0,0,0,0
1.1234999999999999,381.18977753803296,0.00027721614294966138,277.21617234742217,0,1,0,0,0,0,0,0
1.1235199999999999,381.045412203289,0.00027809815714428972,278.09818622202829,0,1,0,0,0,0,0,0
1.12354,380.90110156779986,0.00027896919249986219,278.96922125643061,0,1,0,0,0,0,0,0
1.1235599999999999,380.75684561059768,0.00027982921462937882,279.8292430636418,0,1,0,0,0,0,0,0
1.12358,380.61264431069498,0.00028067818958065388,280.6782176914889,0,1,0,0,0,0,0,0
1.1235999999999999,380.46849764711169,0.00028151608383759468,281.51611162389202,0,1,0,0,0,0,0,0
1.1236199999999998,380.32440559887419,0.00028234286432157844,282.34289178224105,0,1,0,0,0,0,0,0
1.12364,380.18036814501698,0.00028315849839273457,283.15852552667843,0,1,0,0,0,0,0,0
1.1236599999999999,380.03638526458178,0.0002839629538512119,283.96298065736573,0,1,0,0,0,0,0,0
1.12368,379.89245693661644,0.00028475619893850081,284.75622541580645,0,1,0,0,0,0,0,0
1.1236999999999999,379.74858314017598,0.0002855382023386292,285.53822848604131,0,1,0,0,0,0,0,0
1.1237200000000001,379.60476385432327,0.000286308933179456,286.30895899594231,0,1,0,0,0,0,0,0
1.12374,379.46099905812878,0.00028706836103383328,287.06838651837467,0,1,0,0,0,0,0,0
1.1237599999999999,379.31728873066902,0.00028781645592085699,287.81648107244723,0,1,0,0,0,0,0,0
1.12378,379.17363285102851,0.00028855318830702821,288.55321312467453,0,1,0,0,0,0,0,0
1.1237999999999999,379.03003139829758,0.00028927852910740065,289.27855359012324,0,1,0,0,0,0,0,0
1.12382,378.88648435157495,0.00028999244968677467,289.99247383360688,0,1,0,0,0,0,0,0
1.12384,378.74299168996635,0.00029069492186077519,290.6949456707639,0,1,0,0,0,0,0,0
1.1238599999999999,378.59955339258494,0.00029138591789701021,291.38594136921535,0,1,0,0,0,0,0,0
1.12388,378.45616943855049,0.00029206541051614543,292.0654336496404,0,1,0,0,0,0,0,0
1.1238999999999999,378.31283980699061,0.00029273337289296341,292.73339568683491,0,1,0,0,0,0,0,0
1.12392,378.16956447703939,0.00029338977865747126,293.38980111081952,0,1,0,0,0,0,0,0
1.1239399999999999,378.02634342783858,0.00029403460189586386,294.03462400780234,0,1,0,0,0,0,0,0
1.1239599999999998,377.88317663853707,0.00029466781715164754,294.66783892130326,0,1,0,0,0,0,0,0
1.12398,377.7400640882916,0.00029528939942657326,295.28942085308699,0,1,0,0,0,0,0,0
1.1239999999999999,377.59700575626488,0.00029589932418161495,295.89934526414061,0,1,0,0,0,0,0,0
1.12402,377.454001621629,0.00029649756733800405,296.49758807570947,0,1,0,0,0,0,0,0
1.1240399999999999,377.31105166356059,0.00029708410527811454,297.08412567018098,0,1,0,0,0,0,0,0
1.1240600000000001,377.16815586124596,0.0002976589148464433,297.6589348920657,0,1,0,0,0,0,0,0
1.12408,377.02531419387702,0.00029822197335048251,298.22199304886954,0,1,0,0,0,0,0,0
1.1240999999999999,376.88252664065328,0.00029877325856165181,298.77327791202572,0,1,0,0,0,0,0,0
1.12412,376.73979318078267,0.00029931274871615964,299.31276771775663,0,1,0,0,0,0,0,0
1.1241399999999999,376.59711379347948,0.00029984042251584886,299.84044116791875,0,1,0,0,0,0,0,0
1.12416,376.45448845796579,0.0003003562591290709,300.3562774308773,0,1,0,0,0,0,0,0
1.12418,376.31191715347046,0.0003008602381914702,300.86025614229061,0,1,0,0,0,0,0,0
1.1241999999999999,376.16939985923051,0.00030135233980682109,301.3523574059468,0,1,0,0,0,0,0,0
1.12422,376.02693655449008,0.0003018325445477986,301.83256179453491,0,1,0,0,0,0,0,0
1.1242399999999999,375.8845272184987,0.00030230083345673318,302.30085035039917,0,1,0,0,0,0,0,0
1.12426,375.74217183051661,0.00030275718804638897,302.7572045863177,0,1,0,0,0,0,0,0
1.1242799999999999,375.5998703698092,0.00030320159030065993,303.20160648619844,0,1,0,0,0,0,0,0
1.1242999999999999,375.45762281564953,0.00030363402267531031,303.63403850581955,0,1,0,0,0,0,0,0
1.12432,375.31542914731898,0.00030405446809865391,304.05448357350906,0,1,0,0,0,0,0,0
1.1243399999999999,375.17328934410506,0.00030446290997221794,304.46292509080797,0,1,0,0,0,0,0,0
1.12436,375.0312033853038,0.00030485933217142382,304.85934693315193,0,1,0,0,0,0,0,0
1.1243799999999999,374.889171250218,0.00030524371904619484,305.2437334504782,0,1,0,0,0,0,0,0
1.1243999999999998,374.74719291815836,0.00030561605542159899,305.61606946786901,0,1,0,0,0,0,0,0
1.12442,374.6052683684423,0.00030597632659843684,305.97634028613902,0,1,0,0,0,0,0,0
1.1244399999999999,374.46339758039522,0.00030632451835381291,306.32453168240676,0,1,0,0,0,0,0,0
1.12446,374.32158053335024,0.0003066606169417189,306.66062991067838,0,1,0,0,0,0,0,0
1.1244799999999999,374.1798172066475,0.00030698460909355207,306.98462170236513,0,1,0,0,0,0,0,0
1.1245000000000001,374.0381075796347,0.00030729648201866585,307.29649426683471,0,1,0,0,0,0,0,0
1.12452,373.89645163166682,0.00030759622340483965,307.59623529188076,0,1,0,0,0,0,0,0
1.1245399999999999,373.75484934210732,0.00030788382141880006,307.88383294424415,0,1,0,0,0,0,0,0
1.12456,373.61330069032562,0.00030815926470668004,308.15927587007212,0,1,0,0,0,0,0,0
1.1245799999999999,373.47180565569857,0.00030842254239443767,308.422553195337,0,1,0,0,0,0,0,0
1.1246,373.33036421761307,0.00030867364408832773,308.67365452630793,0,1,0,0,0,0,0,0
1.12462,373.18897635546097,0.00030891255987528101,308.91256994992995,0,1,0,0,0,0,0,0
1.1246399999999999,373.04764204864227,0.00030913928032331349,309.13929003423351,0,1,0,0,0,0,0,0
1.12466,372.90636127656609,0.000309353796481892,309.35380582869971,0,1,0,0,0,0,0,0
1.1246799999999999,372.76513401864651,0.00030955609988228203,309.5561088646084,0,1,0,0,0,0,0,0
1.1247,372.62396025430706,0.0003097461825378954,309.74619115538593,0,1,0,0,0,0,0,0
1.1247199999999999,372.48283996297846,0.00030992403694459099,309.92404519690535,0,1,0,0,0,0,0,0
1.1247399999999999,372.3417731240981,0.00031008965608098304,310.0896639677955,0,1,0,0,0,0,0,0
1.12476,372.20075971711191,0.00031024303340871295,310.24304092971215,0,1,0,0,0,0,0,0
1.1247799999999999,372.05979972147401,0.00031038416287270374,310.38417002759275,0,1,0,0,0,0,0,0
1.1248,371.91889311664431,0.0003105130389014083,310.51304568990463,0,1,0,0,0,0,0,0
1.1248199999999999,371.77803988209195,0.00031062965640701938,310.62966282885509,0,1,0,0,0,0,0,0
1.1248399999999998,371.63723999729331,0.00031073401078567884,310.73401684060036,0,1,0,0,0,0,0,0
1.12486,371.49649344173145,0.0003108260979176551,310.82610360542344,0,1,0,0,0,0,0,0
1.1248799999999999,371.35580019489822,0.00031090591416750444,310.90591948789501,0,1,0,0,0,0,0,0
1.1249,371.21516023629323,0.00031097345638421919,310.973461337022,0,1,0,0,0,0,0,0
1.1249199999999999,371.07457354542265,0.00031102872190134722,311.02872648636668,0,1,0,0,0,0,0,0
1.1249400000000001,370.93404010180092,0.00031107170853710139,311.07171275415658,0,1,0,0,0,0,0,0
1.12496,370.79355988495041,0.00031110241459444239,311.10241844336673,0,1,0,0,0,0,0,0
1.1249799999999999,370.65313287440205,0.00031112083886114793,311.12084234178951,0,1,0,0,0,0,0,0
1.125,370.51275904969202,0.00031112698060985948,311.12698372208092,0,1,0,0,0,0,0,0
1.1250199999999999,370.37243839036665,0.00031112083959811127,311.12084234178968,0,1,0,0,0,0,0,0
1.12504,370.23217087597902,0.00031110241606833983,311.1024184433669,0,1,0,0,0,0,0,0
1.1250599999999999,370.0919564860892,0.00031107171074787489,311.07171275415686,0,1,0,0,0,0,0,0
1.1250799999999999,369.95179520026636,0.00031102872484890977,311.02872648636742,0,1,0,0,0,0,0,0
1.1251,369.811686998087,0.00031097346006845315,310.97346133702183,0,1,0,0,0,0,0,0
1.1251199999999999,369.67163185913523,0.00031090591858826648,310.90591948789614,0,1,0,0,0,0,0,0
1.12514,369.53162976300257,0.00031082610307476812,310.82610360542321,0,1,0,0,0,0,0,0
1.1251599999999999,369.39168068928905,0.00031073401667894133,310.73401684060093,0,1,0,0,0,0,0,0
1.1251799999999998,369.2517846176022,0.00031062966303619809,310.62966282885577,0,1,0,0,0,0,0,0
1.1252,369.11194152755718,0.0003105130462662403,310.51304568990429,0,1,0,0,0,0,0,0
1.1252199999999999,368.97215139877744,0.00031038417097290047,310.38417002759354,0,1,0,0,0,0,0,0
1.12524,368.832414210894,0.00031024304224395229,310.2430409297117,0,1,0,0,0,0,0,0
1.1252599999999999,368.69272994354537,0.00031008966565091882,310.08966396779647,0,1,0,0,0,0,0,0
1.1252800000000001,368.553098576379,0.00030992404724884242,309.92404519690484,0,1,0,0,0,0,0,0
1.1253,368.41352008904914,0.00030974619357605727,309.74619115538536,0,1,0,0,0,0,0,0
1.1253199999999999,368.2739944612178,0.00030955611165392027,309.55610886460966,0,1,0,0,0,0,0,0
1.12534,368.13452167255588,0.0003093538089865383,309.35380582869908,0,1,0,0,0,0,0,0
1.1253599999999999,367.99510170274152,0.00030913929356047801,309.13929003423482,0,1,0,0,0,0,0,0
1.12538,367.85573453146151,0.00030891257384443719,308.91256994992926,0,1,0,0,0,0,0,0
1.1254,367.71642013840875,0.00030867365878892611,308.67365452630725,0,1,0,0,0,0,0,0
1.1254199999999999,367.57715850328708,0.00030842255782590015,308.42255319533854,0,1,0,0,0,0,0,0
1.12544,367.43794960580499,0.0003081592808683928,308.15927587007133,0,1,0,0,0,0,0,0
1.1254599999999999,367.29879342568108,0.00030788383831013247,307.88383294424841,0,1,0,0,0,0,0,0
1.12548,367.15968994264148,0.00030759624102511473,307.59623529187991,0,1,0,0,0,0,0,0
1.1254999999999999,367.02063913641933,0.00030729650036719292,307.29649426683375,0,1,0,0,0,0,0,0
1.1255199999999999,366.88164098675742,0.00030698462816961268,306.98462170236996,0,1,0,0,0,0,0,0
1.12554,366.74269547340515,0.00030666063674455134,306.66062991068037,0,1,0,0,0,0,0,0
1.1255599999999999,366.60380257612076,0.00030632453888264133,306.32453168241193,0,1,0,0,0,0,0,0
1.1255737738555731,366.60380257612076,0.00030632453888264133,306.32453168241193,0,1,0,0,0,0,0,0
