Vout,ronp,rons,vfp,vfs,rm,sw_p1,sw_p2,sw_p3,sw_p4,cond_p1,cond_p2,cond_p3,cond_p4,sw_s1,sw_s2,sw_s3,sw_s4,cond_s1,cond_s2,cond_s3,cond_s4,core_t1
300.0,12.05,82.13,5.07,4.42,976.48,2.452905109924886,2.4529128243645064,2.4529128243645064,2.452905109924886,5.034072516807691,5.034120490875446,5.034120490875446,5.034072516807691,0.8962729890182095,0.896237900097263,0.896237900097263,0.8962729890182095,0.7499926724640825,0.7500394581080526,0.7500394581080526,0.7499926724640825,5.7724381338858395
300.0,14.91,76.29,5.5,3.02,4076.39,2.447484744816396,2.4474918104740677,2.4474918104740677,2.447484744816396,4.9932312643752175,4.993279491187408,4.993279491187408,4.9932312643752175,0.8893006022986732,0.889264083766713,0.889264083766713,0.8893006022986732,0.7478946804292728,0.7479432056024293,0.7479432056024293,0.7478946804292728,1.3823444615858078
300.0,14.95,87.96,4.49,6.41,4425.08,2.446865742702092,2.4468728735210044,2.4468728735210044,2.446865742702092,4.993052640288295,4.993099507627485,4.993099507627485,4.993052640288295,0.8901603807495729,0.8901280618255424,0.8901280618255424,0.8901603807495729,0.7480534313732408,0.7480964716147865,0.7480964716147865,0.7480534313732408,1.2742347391149773
300.0,15.13,64.89,5.74,4.96,2308.44,2.449292368065696,2.4492995945579983,2.4492995945579983,2.449292368065696,5.002874529742413,5.00291935955845,5.00291935955845,5.002874529742413,0.890754601380664,0.8907124669041588,0.8907124669041588,0.890754601380664,0.7483672043688059,0.7484233350915712,0.7484233350915712,0.7483672043688059,2.4394811766410203
300.0,15.16,66.33,5.19,3.34,1422.32,2.4511673094374262,2.4511746029321166,2.4511746029321166,2.4511673094374262,5.017844367478488,5.017889598744726,5.017889598744726,5.017844367478488,0.8941648222168564,0.8941231718152882,0.8941231718152882,0.8941648222168564,0.7493166018896217,0.7493721119818337,0.7493721119818337,0.7493166018896217,3.959547165786896
300.0,15.67,69.73,3.89,5.78,4290.03,2.447644067621083,2.447651027814756,2.447651027814756,2.447644067621083,4.992709152643688,4.992756414128436,4.992756414128436,4.992709152643688,0.8893322491353606,0.8892928139127946,0.8892928139127946,0.8893322491353606,0.747902705494156,0.7479551067059994,0.7479551067059994,0.747902705494156,1.313027630708091
300.0,16.96,84.24,3.51,5.58,4293.81,2.4470062579819167,2.4470132978942742,2.4470132978942742,2.4470062579819167,4.994852749069421,4.994895564315044,4.994895564315044,4.994852749069421,0.8919513624498259,0.891918072270023,0.891918072270023,0.8919513624498259,0.7484633421994416,0.7485077898352868,0.7485077898352868,0.7484633421994416,1.3129008749259707
300.0,17.03,90.41,5.29,2.58,2903.69,2.447551642783155,2.4475587606549167,2.4475587606549167,2.447551642783155,5.001507858585697,5.0015493460638,5.0015493460638,5.001507858585697,0.893922041650311,0.8938906321255905,0.8938906321255905,0.893922041650311,0.7489726414902284,0.7490146820514801,0.7490146820514801,0.7489726414902284,1.94208390536428
300.0,17.21,23.8,3.84,6.23,4660.2,2.4493578788648542,2.4493625827578014,2.4493625827578014,2.4493578788648542,4.989616927252466,4.989656287524049,4.989656287524049,4.989616927252466,0.8865864778041237,0.8864667804752058,0.8864667804752058,0.8865864778041237,0.7473047745946214,0.7474613171188315,0.7474613171188315,0.7473047745946214,1.2056796376925645
300.0,18.69,99.76,3.12,3.53,4729.91,2.446159976252708,2.446166396991708,2.446166396991708,2.446159976252708,4.996324765076767,4.996370126924504,4.996370126924504,4.996324765076767,0.8948565477107011,0.8948275841749127,0.8948275841749127,0.8948565477107011,0.7490746414563701,0.7491131400335698,0.7491131400335698,0.7490746414563701,1.192849739303898
300.0,19.16,64.37,4.07,2.97,608.91,2.4579162284315283,2.45792312564678,2.45792312564678,2.4579162284315283,5.073236151314333,5.073281167147494,5.073281167147494,5.073236151314333,0.909413028605973,0.9093690176269824,0.9093690176269824,0.909413028605973,0.7534436919843106,0.7535022409526535,0.7535022409526535,0.7534436919843106,9.247111832545135
300.0,21.34,91.27,3.31,4.69,947.91,2.452517193095078,2.452523368684256,2.452523368684256,2.452517193095078,5.044732486753588,5.044777090433317,5.044777090433302,5.044732486753588,0.9070126078740371,0.9069807947264908,0.9069807947264908,0.9070126078740371,0.7524436895695629,0.7524859882846884,0.7524859882846884,0.7524436895695629,5.9489511238436235
300.0,22.51,94.54,5.36,4.0,1116.58,2.451197111244705,2.4512026734369115,2.4512026734369115,2.451197111244705,5.037195652881233,5.037244378498693,5.037244378498693,5.037195652881233,0.9065816779983384,0.9065506849389467,0.9065506849389467,0.9065816779983384,0.7522304361931003,0.7522712387795185,0.7522712387795185,0.7522304361931003,5.051199229146404
300.0,23.25,45.98,5.19,5.45,617.65,2.4583913497242564,2.4583974604640417,2.4583974604640417,2.4583913497242564,5.07422031290173,5.074260671920805,5.074260671920805,5.07422031290173,0.911689321922898,0.911628598469842,0.911628598469842,0.911689321922898,0.7539808737203065,0.7540614155522456,0.7540614155522456,0.7539808737203065,9.10674070701867
300.0,24.06,35.94,4.55,5.58,4153.5,2.4488136897060047,2.448819212922941,2.448819212922941,2.4488136897060047,4.9977478743568495,4.99778411021853,4.99778411021853,4.9977478743568495,0.894944300764481,0.8948688841464459,0.8948688841464459,0.894944300764481,0.7492009120492223,0.7493006126854308,0.7493006126854308,0.7492009120492223,1.3535940870754777
300.0,26.46,28.13,4.76,5.37,4732.43,2.448836944528693,2.4488417283332025,2.4488417283332025,2.448836944528693,4.99763747549087,4.997670062625192,4.997670062625192,4.99763747549087,0.8963490636484701,0.8962494332070708,0.8962494332070708,0.8963490636484701,0.7494964674140816,0.7496275049660793,0.7496275049660793,0.7494964674140816,1.1874763924873015
300.0,26.78,82.74,2.83,2.68,3389.56,2.4471882907051814,2.447192793146039,2.447192793146039,2.4471882907051814,5.006814856242992,5.006863739992508,5.006863739992508,5.006814856242992,0.9026336151084168,0.9025994656067868,0.9025994656067868,0.9026336151084168,0.7509360444560819,0.7509807986107814,0.7509807986107814,0.7509360444560819,1.6628798529933233
300.0,27.73,88.11,6.14,4.73,3747.53,2.446730283752704,2.44673512437258,2.44673512437258,2.446730283752704,5.006558069682825,5.006597096261492,5.006597096261492,5.006558069682825,0.9037677997401936,0.9037360595172212,0.9037360595172212,0.9037677997401936,0.7511704882839557,0.7512126104786137,0.7512126104786137,0.7511704882839557,1.504468969263174
300.0,28.08,79.63,3.42,5.52,4676.23,2.4466805322954004,2.4466851766612647,2.4466851766612647,2.4466805322954004,5.003262301953984,5.003304150249655,5.003304150249655,5.003262301953984,0.9027095049449352,0.902674660283982,0.902674660283982,0.9027095049449352,0.7509052266175427,0.750951291485849,0.750951291485849,0.7509052266175427,1.2051241228517766
300.0,29.47,31.31,6.09,4.67,1289.74,2.452679589520125,2.4526841215742823,2.4526841215742823,2.452679589520125,5.031823001334579,5.031856466694193,5.031856466694193,5.031823001334579,0.90655902711122,0.9064689377413963,0.9064689377413963,0.90655902711122,0.7522272136984113,0.7523458741815375,0.7523458741815375,0.7522272136984113,4.357716034928601
300.0,32.27,82.49,5.39,5.91,406.05,2.4628848503288165,2.4628894175442446,2.4628894175442446,2.4628848503288165,5.134145695759348,5.134180421703748,5.134180421703748,5.134145695759348,0.9348140376254817,0.9347783957553272,0.9347783957553272,0.9348140376254817,0.7600286611679155,0.7600761223164503,0.7600761223164503,0.7600286611679155,13.87830762928159
300.0,35.38,79.81,2.64,4.2,4983.26,2.4462970498998837,2.446300950699966,2.446300950699966,2.4462970498998837,5.009505266786693,5.0095322625298735,5.0095322625298735,5.009505266786693,0.9101435863101086,0.910109467810001,0.910109467810001,0.9101435863101086,0.7526382448326792,0.7526838631703139,0.7526838631703139,0.7526382448326792,1.130816944039834
300.0,35.42,87.85,2.8,5.25,4030.92,2.446313032363496,2.4463168261056576,2.4463168261056576,2.446313032363496,5.012875844123812,5.01290351893442,5.01290351893442,5.012875844123812,0.9115098383303214,0.9114785490458382,0.9114785490458382,0.9115098383303214,0.7529774614324523,0.7530192868728464,0.7530192868728464,0.7529774614324523,1.398591856663352
300.0,37.59,51.84,5.97,6.02,1706.37,2.4501674570749703,2.450171137877645,2.450171137877645,2.4501674570749703,5.030842136564152,5.030868026030441,5.030868026030441,5.030842136564152,0.914580191370874,0.9145274829539126,0.9145274829539126,0.914580191370874,0.753984765641712,0.7540548698140245,0.7540548698140245,0.753984765641712,3.297231512949733
300.0,38.33,21.87,3.1,3.48,306.37,2.4710801140100647,2.471083027768527,2.471083027768527,2.4710801140100647,5.1807784687423455,5.18080292260378,5.18080292260378,5.1807784687423455,0.9454770080794412,0.9453249801743968,0.9453249801743968,0.9454770080794412,0.7632411533138185,0.7634395789793933,0.7634395789793933,0.7632411533138185,18.33117341001756
300.0,38.33,90.82,5.37,3.49,3573.8,2.4463059847310773,2.446309383874688,2.446309383874688,2.4463059847310773,5.0178243918516845,5.017848137102384,5.017848137102384,5.0178243918516845,0.91522391396114,0.9151936717463564,0.9151936717463564,0.91522391396114,0.7538794585560573,0.7539199646470548,0.7539199646470548,0.7538794585560573,1.5776986420095425
300.0,38.48,79.19,5.91,6.3,4316.83,2.4464218854620947,2.4464255187532267,2.4464255187532267,2.4464218854620947,5.014272334942861,5.014293012530136,5.014293012530136,5.014272334942861,0.9137094407492528,0.9136752024883668,0.9136752024883668,0.9137094407492528,0.7535087823793315,0.7535547353132335,0.7535547353132335,0.7535087823793315,1.3053112283026969
300.0,39.51,74.44,4.19,2.61,1011.04,2.4521337203455684,2.4521371173030206,2.4521371173030206,2.4521337203455684,5.05747642306306,5.057500216324277,5.057500216324277,5.05747642306306,0.9236445018569844,0.9236072020195348,0.9236072020195348,0.9236445018569844,0.7563883499372998,0.7564382026635285,0.7564382026635285,0.7563883499372998,5.571515039633807
300.0,40.34,96.53,6.23,4.52,4063.54,2.4457425416599152,2.445746273253979,2.445746273253979,2.4457425416599152,5.018487203468223,5.018497533831888,5.018497533831888,5.018487203468223,0.91745762750281,0.9174295596834868,0.9174295596834868,0.91745762750281,0.7543861105141944,0.7544242571285064,0.7544242571285064,0.7543861105141944,1.3879661424966023
300.0,42.44,96.28,4.5,6.46,312.9,2.467567056903556,2.467570055219024,2.467570055219024,2.467567056903556,5.18924112860017,5.189264083465765,5.189264083465765,5.18924112860017,0.9561039247575542,0.9560726559194228,0.9560726559194228,0.9561039247575542,0.7658393738509873,0.7658812360633648,0.7658812360633648,0.7658393738509873,18.02116122710684
300.0,43.4,95.84,2.71,4.94,2623.28,2.446635053651983,2.4466376840354824,2.4466376840354824,2.446635053651983,5.02923474510096,5.0292545555212405,5.0292545555212405,5.02923474510096,0.9222886714663652,0.922259872261146,0.922259872261146,0.9222886714663652,0.7556462616800391,0.7556848454923927,0.7556848454923927,0.7556462616800391,2.149848870375453
300.0,43.73,88.86,5.33,3.48,964.08,2.451748960705696,2.4517516730698974,2.4517516730698974,2.451748960705696,5.066056775802959,5.066076649668448,5.066076649668448,5.066056775802959,0.9300691117590312,0.9300375730625056,0.9300375730625056,0.9300691117590312,0.7579721559212359,0.7580143807314565,0.7580143807314565,0.7579721559212359,5.847269119228153
300.0,43.75,43.3,2.62,6.08,3267.99,2.448208902523611,2.448212026444564,2.448212026444564,2.448208902523611,5.020659393306568,5.02067233902824,5.02067233902824,5.020659393306568,0.9168333224760444,0.9167698622679704,0.9167698622679704,0.9168333224760444,0.7543647499477556,0.7544492062867328,0.7544492062867328,0.7543647499477556,1.7207759047327469
300.0,43.94,67.98,3.38,3.09,1362.88,2.4503427237021245,2.4503453514797906,2.4503453514797906,2.4503427237021245,5.047159855576536,5.047182206680587,5.047182206680587,5.047159855576536,0.9245869354853478,0.9245463151060748,0.9245463151060748,0.9245869354853478,0.7564774309906418,0.7565315676953168,0.7565315676953168,0.7564774309906418,4.131645041500331
300.0,45.37,76.4,4.27,4.52,3456.54,2.446663919080757,2.4466664183145173,2.4466664183145173,2.446663919080757,5.024374917620011,5.024393226321032,5.024393226321032,5.024374917620011,0.921416188471106,0.9213804952905748,0.9213804952905748,0.921416188471106,0.7554174870061425,0.755465220092093,0.755465220092093,0.7554174870061425,1.6298364580932658
300.0,48.37,90.13,4.17,6.28,2440.91,2.446863884637247,2.4468666364573566,2.4468666364573566,2.446863884637246,5.035641526114717,5.03564516051578,5.03564516051578,5.035641526114701,0.927377902588909,0.9273477872623712,0.9273477872623712,0.927377902588909,0.7569323620032526,0.7569732518074004,0.7569732518074004,0.7569323620032526,2.3096462929245685
300.0,51.25,21.4,3.66,6.1,1286.1,2.4522479533414367,2.45224935329362,2.45224935329362,2.4522479533414367,5.053207477961462,5.05321442445835,5.05321442445835,5.053207477961462,0.9285625997755645,0.9284117654426808,0.9284117654426808,0.9285625997755645,0.7575140757748317,0.7577110730519682,0.7577110730519682,0.7575140757748317,4.366868296007338
300.0,51.47,14.46,4.18,5.05,3824.84,2.448707048373897,2.448707458847422,2.448707458847422,2.448707048373897,5.023674689515635,5.023675208255988,5.023675208255988,5.023674689515635,0.921833032015664,0.9215753468893808,0.9215753468893808,0.921833032015664,0.7554795575550278,0.7558121479052268,0.7558121479052268,0.7554795575550278,1.467839242797889
300.0,51.48,57.16,3.92,6.43,4499.58,2.4466745718549614,2.446676716198689,2.446676716198689,2.4466745718549614,5.025370374341112,5.0253783583286,5.0253783583286,5.025370374341112,0.9252777235381224,0.9252298424623177,0.9252298424623177,0.9252777235381224,0.7563674413935921,0.7564314869025508,0.7564314869025508,0.7563674413935921,1.250650589167594
300.0,52.3,85.23,2.76,4.48,517.96,2.458240997324771,2.458242742601912,2.458242742601912,2.458240997324771,5.126604639200158,5.126617811723265,5.126617811723265,5.126604639200158,0.9500272522394746,0.949993348760579,0.949993348760579,0.9500272522394746,0.7635694949235852,0.7636149255155942,0.7636149255155942,0.7635694949235852,10.879833451149794
300.0,52.83,48.67,5.4,3.56,2223.57,2.4486421651099146,2.448643838516514,2.448643838516514,2.4486421651099146,5.038918988005905,5.038931677917225,5.038931677917225,5.038918988005905,0.9287334792928412,0.9286759545228284,0.9286759545228284,0.9287334792928412,0.7573734936414996,0.7574499792378963,0.7574499792378963,0.7573734936414996,2.529553817435682
300.0,52.99,89.04,2.88,3.92,4283.55,2.4453920266596643,2.445393584201553,2.445393584201553,2.4453920266596643,5.03062770004436,5.0306396376649465,5.0306396376649465,5.03062770004436,0.93003314516483,0.9300022991093944,0.9300022991093944,0.93003314516483,0.7574981422285428,0.7575395019130425,0.7575395019130425,0.7574981422285428,1.3159950359005477
300.0,53.77,38.64,6.15,4.1,4820.41,2.4472112532710466,2.4472127147666574,2.4472127147666574,2.4472112532710466,5.025299550760366,5.025311388966905,5.025311388966905,5.025299550760366,0.9257916343857095,0.925717961428579,0.925717961428579,0.9257916343857095,0.756511873817376,0.7566093610187187,0.7566093610187187,0.756511873817376,1.1662055164208076
300.0,58.15,67.91,4.58,6.08,3867.71,2.44618820103406,2.4461898105994684,2.4461898105994684,2.44618820103406,5.0358526290776044,5.035852917197401,5.035852917197401,5.0358526290776044,0.9338790104856876,0.9338385533212112,0.9338385533212112,0.9338790104856876,0.7585308723007177,0.7585853498479532,0.7585853498479532,0.7585308723007177,1.4557313634708653
300.0,61.07,55.27,6.4,3.87,3713.68,2.446635925733223,2.446636833066258,2.446636833066258,2.446635925733223,5.03858935339052,5.038596021018569,5.038596021018569,5.03858935339052,0.935961791996894,0.9359108748684676,0.9359108748684676,0.935961791996894,0.7590933988409585,0.7591612400878593,0.7591612400878593,0.7590933988409585,1.5150208653603394
300.0,61.64,88.6,4.38,4.12,2227.04,2.4466068192622945,2.446607614707462,2.446607614707462,2.4466068192622945,5.052837567482255,5.052843410200508,5.052843410200508,5.052837567482255,0.9420151962789955,0.9419836612058567,0.9419836612058567,0.9420151962789955,0.7606784799605719,0.7607208198709705,0.7607208198709705,0.7606784799605719,2.530923765392947
300.0,62.69,34.91,2.73,3.03,2029.37,2.44905011687817,2.4490500908201347,2.4490500908201347,2.44905011687817,5.05121474275403,5.051231636899155,5.051231636899155,5.05121474275403,0.9385556601929832,0.938469686307384,0.938469686307384,0.9385556601929832,0.7599067700864476,0.760019763817054,0.760019763817054,0.7599067700864476,2.769280504461192
300.0,63.6,42.7,2.81,2.72,2719.68,2.447753258001794,2.4477537128810094,2.4477537128810094,2.447753258001794,5.045914025284045,5.045922272624844,5.045922272624844,5.045914025284045,0.9387231602332714,0.9386549943465112,0.9386549943465112,0.9387231602332714,0.7598763599359414,0.7599666053002189,0.7599666053002189,0.7598763599359414,2.067254743204919
300.0,64.46,98.34,6.39,3.65,4969.31,2.444215083267268,2.444215642577684,2.444215642577684,2.444215083267268,5.042943378550322,5.042946893405872,5.042946893405872,5.042943378550322,0.9429176729428792,0.9428893561805448,0.9428893561805448,0.9429176729428792,0.7607600060131308,0.7607981016088766,0.7607981016088766,0.7607600060131308,1.1348474307906895
300.0,65.53,89.17,5.53,3.87,2566.49,2.445947291010856,2.4459477524660342,2.4459477524660342,2.445947291010856,5.054133639100347,5.0541375864953375,5.0541375864953375,5.054133639100347,0.9455649857547972,0.9455334456768698,0.9455334456768698,0.9455649857547972,0.7615725292466164,0.7616148731494322,0.7616148731494322,0.7615725292466164,2.1961684043037955
300.0,66.19,81.88,6.28,5.63,4416.85,2.4449797055199145,2.4449801355220373,2.4449801355220373,2.4449797055199145,5.044799140483769,5.044802831625024,5.044802831625024,5.044799140483769,0.9435297526627268,0.9434954882080147,0.9434954882080147,0.9435297526627268,0.7609730270523809,0.7610189709118776,0.7610189709118776,0.7609730270523809,1.2756227468048118
300.0,66.45,69.85,5.54,4.59,2174.75,2.447206606101465,2.447207072161317,2.447207072161317,2.447206606101465,5.057307235110109,5.057310573975057,5.057310573975057,5.057307235110109,0.945578123490602,0.9455374933211984,0.9455374933211984,0.945578123490602,0.7616577749294147,0.7617121319420447,0.7617121319420447,0.7616577749294147,2.589005264284163
300.0,67.82,85.72,4.42,3.57,1653.37,2.4475952324854133,2.4475955236771045,2.4475955236771045,2.4475952324854133,5.068980528684719,5.068983819476708,5.068983819476708,5.068980528684719,0.950435224747126,0.9504019911261754,0.9504019911261754,0.950435224747126,0.7629753869143527,0.7630199285273819,0.7630199285273819,0.7629753869143527,3.408293855830516
300.0,67.86,78.91,3.21,3.8,2011.79,2.447053345232551,2.4470536397413465,2.4470536397413465,2.447053345232551,5.062093097166273,5.062096613664826,5.062096613664826,5.062093097166273,0.9484702410636162,0.9484341911548452,0.9484341911548452,0.9484702410636162,0.7624173236059336,0.7624655724942696,0.7624655724942696,0.7624173236059336,2.8000597589276928
300.0,73.94,26.34,6.22,5.33,700.27,2.4559090391988696,2.4559086287730696,2.4559086287730696,2.4559090391988696,5.118153069192585,5.11815154935357,5.11815154935357,5.118153069192585,0.9617941528416418,0.9616663787125524,0.9616663787125524,0.9617941528416418,0.7665289050305362,0.7666963295068993,0.7666963295068993,0.7665289050305362,8.020157354864326
300.0,74.02,13.58,4.87,6.32,3358.5,2.447858091094034,2.447856323968244,2.447856323968244,2.447858091094034,5.051422172326064,5.051418222761586,5.051418222761586,5.051422172326064,0.946491486389156,0.94618482106555,0.94618482106555,0.946491486389156,0.7617671465443325,0.7621615288878353,0.7621615288878353,0.7617671465443325,1.6712247559234557
300.0,75.29,14.22,2.76,5.83,3867.55,2.44746569867729,2.4474636510931544,2.4474636510931544,2.44746569867729,5.050813421640969,5.050816321940771,5.050816321940771,5.050813421640969,0.9474432693062352,0.9471564602948208,0.9471564602948208,0.9474432693062352,0.7620140160585825,0.762383076671474,0.762383076671474,0.7620140160585825,1.451293797746844
300.0,78.55,47.37,3.79,4.51,1211.06,2.4502656494414135,2.450265272554883,2.450265272554883,2.4502656494414135,5.0913437635576235,5.091341904737376,5.091341904737376,5.091343763557632,0.961326046988518,0.9612614135422756,0.9612614135422756,0.961326046988518,0.7661014210843206,0.7661871580623258,0.7661871580623258,0.7661014210843206,4.6428165979823595
300.0,80.64,17.54,3.86,5.26,3367.05,2.447324797163799,2.447323245777014,2.447323245777014,2.447324797163799,5.060088288021825,5.060086685926606,5.060086685926606,5.060088288021825,0.954103530482153,0.9538879676605933,0.9538879676605933,0.954103530482153,0.7638612537686131,0.7641402787873707,0.7641402787873707,0.7638612537686131,1.6672333569993494
300.0,80.97,10.12,2.68,5.81,3793.72,2.4473492435901374,2.4473455880285666,2.4473455880285666,2.4473492435901374,5.057842397856104,5.057838216779024,5.057838216779024,5.057842397856104,0.9534705780006648,0.9529570304961644,0.9529570304961644,0.9534705780006648,0.763469069726448,0.7641238318217835,0.7641238318217835,0.763469069726448,1.4791201715773947
300.0,81.34,68.73,4.7,2.66,1337.93,2.4486758060542506,2.4486753137671387,2.4486753137671387,2.4486758060542506,5.0928544448629856,5.092851879015671,5.092851879015671,5.0928544448629856,0.9655525001605488,0.9655088701415704,0.9655088701415704,0.9655525001605488,0.7671785160122921,0.7672367531090423,0.7672367531090423,0.7671785160122921,4.2073473146819085
300.0,81.98,15.19,5.06,4.19,805.57,2.4545440489872115,2.4545424031119887,2.4545424031119887,2.4545440489872115,5.116608241263842,5.116598897827018,5.116598897827018,5.116608241263842,0.9673493521493456,0.9670762652381112,0.9670762652381112,0.9673493521493456,0.7678856531720131,0.7682380471441971,0.7682380471441971,0.7678856531720131,6.967106348577271
300.0,83.81,10.68,6.43,6.02,1321.32,2.450926855835176,2.450924047537568,2.450924047537568,2.450926855835176,5.0902019000414285,5.0901848824162235,5.0901848824162235,5.0902019000414285,0.9628901567428078,0.9624133030216367,0.9624133030216367,0.9628901567428078,0.7662906047961473,0.7668999945326664,0.7668999945326664,0.7662906047961473,4.246650024172864
300.0,84.75,57.56,4.63,5.46,1749.43,2.4475931991665427,2.447592531260786,2.447592531260786,2.4475931991665427,5.085892423678009,5.085888860489051,5.085888860489051,5.085892423678009,0.9660280099573691,0.9659749660693118,0.9659749660693118,0.9660280099573691,0.7672580487746413,0.767328587537037,0.767328587537037,0.7672580487746413,3.215666922627032
300.0,84.99,55.78,4.83,5.14,2302.88,2.446599065524976,2.4465983956945414,2.4465983956945414,2.446599065524976,5.077974338533065,5.077970587693033,5.077970587693033,5.077974338533065,0.9643709640422476,0.9643162839518752,0.9643162839518752,0.9643709640422476,0.7667419864984353,0.766814687854413,0.766814687854413,0.7667419864984353,2.442628534242355
300.0,85.24,88.49,5.36,3.82,3600.44,2.4440850940534835,2.444084419357498,2.444084419357498,2.4440850940534835,5.0728342927873165,5.0728299570529405,5.0728299570529405,5.0728342927873165,0.9658989646198356,0.9658654980855242,0.9658654980855242,0.9658989646198356,0.7670094099820444,0.7670543512614514,0.7670543512614514,0.7670094099820444,1.5651331444901244
300.0,85.43,18.99,2.66,3.57,4064.99,2.4466000407404227,2.44659946402327,2.44659946402327,2.4466000407404227,5.063619980279125,5.063597191219303,5.063597191219303,5.063619980279125,0.95890145056064,0.9587056511943256,0.9587056511943256,0.95890145056064,0.7651551018866605,0.7654099249699488,0.7654099249699488,0.7651551018866605,1.3810249092534823
300.0,91.04,32.54,4.32,4.08,2640.35,2.4467582782235597,2.446757100243995,2.446757100243995,2.4467582782235597,5.080314192520636,5.080309298416732,5.080309298416732,5.080314192520636,0.9681613307524828,0.9680588024637764,0.9680588024637764,0.9681613307524828,0.7678048921897803,0.7679397737178036,0.7679397737178036,0.7678048921897803,2.1276001103835678
300.0,94.44,68.63,6.43,6.11,406.05,2.461373380261475,2.4613722636625117,2.4613722636625117,2.461373380261475,5.213910076832684,5.213903824459697,5.213903824459697,5.213910076832684,1.0024513253831937,1.002402895142834,1.002402895142834,1.0024513253831937,0.7784826576770599,0.7785470976134365,0.7785470976134365,0.7784826576770599,13.859081627745685
300.0,95.99,50.94,6.3,4.68,2728.85,2.4456495706339427,2.4456485059451527,2.4456485059451527,2.4456495706339427,5.088678053104975,5.088670088771919,5.088670088771919,5.088678053104975,0.9754204076802148,0.9753575973984264,0.9753575973984264,0.9754204076802148,0.7698177006481832,0.769901095732338,0.769901095732338,0.7698177006481832,2.0605576443490348
300.0,98.24,78.03,5.59,4.7,918.81,2.450076811042208,2.4500756024484005,2.4500756024484005,2.450076811042208,5.138212881712393,5.138206191739233,5.138206191739233,5.138212881712393,0.9900317877706551,0.9899906707666872,0.9899906707666872,0.9900317877706551,0.7742504229347202,0.7743052864625736,0.7743052864625736,0.7742504229347202,6.128374932402858
350.0,11.06,58.23,4.97,3.94,3925.13,2.7658707537073064,2.768180640568246,2.768180640568246,2.7658707537073064,8.370803340931577,4.545316982046292,4.545316982046292,8.370803340931577,1.6069492328336814,1.6004413329959042,1.6004413329959042,1.6069492328336814,0.6660149808652134,1.3023633294287722,1.3023633294287722,0.6660149808652134,1.9494241878442673
350.0,11.07,84.78,2.57,4.92,4308.44,2.7645142812285366,2.7668370804882367,2.7668370804882367,2.7645142812285366,8.383486614455938,4.545872078859229,4.545872078859229,8.383486614455938,1.6094932881533872,1.6029597576672678,1.6029597576672678,1.6094932881533872,0.6662882595329281,1.3046031741361344,1.3046031741361344,0.6662882595329281,1.7785396355594223
350.0,11.58,55.97,2.54,4.71,2341.14,2.771977384250357,2.7743043976621915,2.7743043976621915,2.771977384250357,8.393724000891446,4.550172569979883,4.550172569979883,8.393724000891446,1.6087395306813357,1.6021802059009258,1.6021802059009258,1.6087395306813357,0.6653066888687641,1.3046595213764445,1.3046595213764445,0.6653066888687641,3.267875989152646
350.0,14.2,18.26,4.24,6.29,4692.43,2.7651592134443725,2.767444751693172,2.767444751693172,2.7651592134443725,8.366349218051251,4.545110512220139,4.545110512220139,8.366349218051251,1.6054406731383286,1.5987899878485947,1.5987899878485947,1.6054406731383286,0.6662042697977697,1.3021910634096618,1.3021910634096618,0.6662042697977697,1.627059749819334
350.0,15.21,97.65,5.86,3.42,2101.76,2.7729664246533434,2.775334594717362,2.775334594717362,2.7729664246533434,8.451607403349849,4.556153750162997,4.556153750162997,8.451607403349849,1.616921154343701,1.6102192643625786,1.6102192643625786,1.616921154343701,0.6658340207264619,1.3136710835716805,1.3136710835716805,0.6658340207264619,3.647979368208949
350.0,16.25,58.06,3.5,4.13,2213.84,2.7727933330385377,2.7751503368720005,2.7751503368720005,2.7727933330385377,8.433161140692633,4.554733473335366,4.554733473335366,8.433161140692633,1.6135501186337673,1.6068804019467908,1.6068804019467908,1.6135501186337673,0.6658480164836132,1.3109111422244075,1.3109111422244075,0.6658480164836132,3.455860149105556
350.0,21.73,26.08,3.98,6.22,1736.91,2.777907641626697,2.780286047153025,2.780286047153025,2.777907641626697,8.47120232994637,4.561035287446013,4.561035287446013,8.47120232994637,1.6165301679657846,1.6096819744127533,1.6096819744127533,1.6165301679657846,0.6657409530132244,1.316210389230493,1.316210389230493,0.6657409530132244,4.39665489395904
350.0,22.8,36.42,4.58,4.84,4755.66,2.7646995838730524,2.7670545565169555,2.7670545565169555,2.7646995838730524,8.44170313018332,4.552840051482014,4.552840051482014,8.44170313018332,1.6153149104178044,1.608561963199489,1.608561963199489,1.6153149104178044,0.6676494620769298,1.314435090720992,1.314435090720992,0.6676494620769298,1.606731312696833
350.0,24.2,84.05,3.04,3.83,2673.71,2.7700359573762405,2.7724333326163464,2.7724333326163464,2.7700359573762405,8.501573476192569,4.560135721073609,4.560135721073609,8.501573476192569,1.623156389893466,1.6162964094373533,1.6162964094373533,1.623156389893466,0.6673958982981946,1.3227358262601023,1.3227358262601023,0.6673958982981946,2.86502655851634
350.0,27.16,53.63,5.98,4.13,1145.03,2.7888172176598207,2.7912639840375046,2.7912639840375046,2.7888172176598207,8.56762269244764,4.573971129634323,4.573971129634323,8.56762269244764,1.6273316381606155,1.6203093145339011,1.6203093145339011,1.6273316381606155,0.6652830041176131,1.329325118096796,1.329325118096796,0.6652830041176131,6.6781489713321225
350.0,27.96,92.85,3.89,5.49,3088.84,2.768510951628524,2.770922384838045,2.770922384838045,2.768510951628524,8.531170783703308,4.562149381852443,4.562149381852443,8.531170783703308,1.6272717077754708,1.6203252246614008,1.6203252246614008,1.6272717077754708,0.6681435413267088,1.3279925261870067,1.3279925261870067,0.6681435413267088,2.4809691303050627
350.0,29.68,88.96,3.11,5.09,3376.93,2.767748447066281,2.7701677467228496,2.7701677467228496,2.767748447066281,8.539381559385536,4.562639110131931,4.562639110131931,8.539381559385536,1.6282770009106404,1.621301723893186,1.621301723893186,1.6282770009106404,0.6684647362943948,1.3295717890986458,1.3295717890986458,0.6684647362943948,2.268761355334878
350.0,29.74,48.76,4.3,5.97,4399.38,2.765617837179375,2.7680114541856367,2.7680114541856367,2.765617837179375,8.506136957454054,4.559330646670529,4.559330646670529,8.506136957454054,1.623404102725062,1.6164904542681162,1.6164904542681162,1.623404102725062,0.6685652283457219,1.324797997735663,1.324797997735663,0.6685652283457219,1.737746726359166
350.0,30.37,85.99,3.79,2.71,3676.63,2.766978725917149,2.769396112013476,2.769396112013476,2.766978725917149,8.540111782861256,4.562435334372321,4.562435334372321,8.540111782861256,1.628401458618288,1.6214211052485976,1.6214211052485976,1.628401458618288,0.6686460497892093,1.3299004385844853,1.3299004385844853,0.6686460497892093,2.0834662853769275
350.0,30.65,84.53,3.05,5.08,501.55,2.8308316198590697,2.833421073174628,2.833421073174628,2.8308316198590697,8.757290633081384,4.605277082198149,4.605277082198149,8.757290633081384,1.6444408702730011,1.63699475554703,1.63699475554703,1.6444408702730011,0.6603979596145189,1.350601051785936,1.350601051785936,0.6603979596145189,15.267643327987525
350.0,32.74,91.49,4.6,5.43,2040.79,2.7753259092969813,2.7777774821553747,2.7777774821553747,2.7753259092969813,8.590297007675519,4.569989717311977,4.569989717311977,8.590297007675519,1.6333228183520048,1.6262212901229236,1.6262212901229236,1.6333228183520048,0.6679350410912536,1.3362241135966555,1.3362241135966555,0.6679350410912536,3.754291909621888
350.0,33.41,97.72,3.91,3.61,4820.04,2.764976308278692,2.767404781926174,2.767404781926174,2.764976308278692,8.564737473458273,4.563613475263719,4.563613475263719,8.564737473458273,1.632049459604648,1.6249963224969604,1.6249963224969604,1.632049459604648,0.6693693848096822,1.3344546378512412,1.3344546378512412,0.6693693848096822,1.5901348714110453
350.0,35.46,51.52,4.56,5.59,604.18,2.8193154974082546,2.8218809037889283,2.8218809037889283,2.8193154974082546,8.733810090196226,4.599356248933307,4.599356248933307,8.733810090196226,1.6424733117578194,1.6350376690863035,1.6350376690863035,1.6424733117578194,0.6624491622484731,1.3497456564892634,1.3497456564892634,0.6624491622484731,12.650888250732708
350.0,36.03,87.86,3.97,5.26,3503.78,2.768356994567678,2.770800238289336,2.770800238289336,2.768356994567678,8.590013056893289,4.567206313295332,4.567206313295332,8.590013056893289,1.6342771893479644,1.6271565010250335,1.6271565010250335,1.6342771893479644,0.6692677614775046,1.3379233312915466,1.3379233312915466,0.6692677614775046,2.186188156997813
350.0,36.92,48.34,4.93,4.73,3495.51,2.768714479049227,2.7711477025879168,2.7711477025879168,2.768714479049227,8.571975361801258,4.566402515680881,4.566402515680881,8.571975361801258,1.63088035783628,1.6237813403071075,1.6237813403071075,1.63088035783628,0.6691680639301776,1.3350477123869846,1.3350477123869846,0.6691680639301776,2.186675355641861
350.0,38.06,84.06,3.88,3.45,3043.11,2.7703633470266613,2.7728227362602085,2.7728227362602085,2.7703633470266613,8.610195731595836,4.56969512940603,4.56969512940603,8.610195731595836,1.6362781824922612,1.6291015985549808,1.6291015985549808,1.6362781824922612,0.6692806201756641,1.3408494573513914,1.3408494573513914,0.6692806201756641,2.516480624170001
350.0,38.48,24.02,3.09,2.96,1814.4,2.778890642662428,2.7813430814954505,2.7813430814954505,2.778890642662428,8.602388200631557,4.573345013357527,4.573345013357527,8.602388200631557,1.632265721277442,1.6250104714321632,1.6250104714321632,1.632265721277442,0.6678836564239418,1.3378892232808786,1.3378892232808786,0.6678836564239418,4.206908605191432
350.0,38.57,21.86,6.35,4.58,4274.5,2.7672029011733414,2.7696252121385925,2.7696252121385925,2.7672029011733414,8.562294488267945,4.565347776356064,4.565347776356064,8.562294488267945,1.629207280906094,1.6220184097691386,1.6220184097691386,1.629207280906094,0.6693475402993863,1.3340703437488537,1.3340703437488537,0.6693475402993863,1.7855822470728573
350.0,39.58,46.49,3.33,5.07,748.29,2.8084088632760165,2.810964110892724,2.810964110892724,2.8084088632760165,8.72573138314937,4.594341220311152,4.594341220311152,8.72573138314937,1.6430638516139433,1.6356124365728788,1.6356124365728788,1.6430638516139433,0.6644139298794722,1.3511643002644964,1.3511643002644964,0.6644139298794722,10.211273139140843
350.0,42.42,83.35,3.4,5.04,606.72,2.82165085881274,2.8224857478096665,2.8224857478096665,2.82165085881274,4.621421640395891,8.79426613401608,8.79426613401608,4.621421640395891,1.6476479486265392,1.6464483255454867,1.6464483255454867,1.6476479486265392,1.3624076895406758,0.6636813082246503,0.6636813082246503,1.3624076895406758,12.617314713350256
350.0,42.53,80.29,5.8,6.07,3962.64,2.7684941850007587,2.770964308612596,2.770964308612596,2.7684941850007587,8.63643771342451,4.570989968507767,4.570989968507767,8.63643771342451,1.6395985795599377,1.6323381427068393,1.6323381427068393,1.6395985795599377,0.6701290148496715,1.3457714326273025,1.3457714326273025,0.6701290148496715,1.931959801634934
350.0,43.33,27.03,2.76,6.36,323.39,2.8768309829666125,2.8777075601684965,2.8777075601684965,2.8768309829666125,8.966989222527374,8.954370022501974,8.954370022501974,8.966989222527374,1.655671080726554,1.6542068421694978,1.6542068421694978,1.655671080726554,1.375568533033125,1.3764928225947772,1.3764928225947772,1.375568533033125,23.593752203239603
350.0,43.38,38.58,4.6,4.64,3066.19,2.7714606246406217,2.7739237018855625,2.7739237018855625,2.7714606246406217,8.625351628790941,4.571942247750761,4.571942247750761,8.625351628790941,1.6365745400457476,1.6293039106062297,1.6293039106062297,1.6365745400457476,0.669656157526759,1.3434392410211382,1.3434392410211382,0.669656157526759,2.4911583412268765
350.0,44.27,65.87,2.59,4.04,3127.31,2.7714325097376027,2.773911106718819,2.773911106718819,2.7714325097376027,8.650505024221012,4.5734394303510335,4.5734394303510335,8.650505024221012,1.6403892943611813,1.633086530725766,1.633086530725766,1.6403892943611813,0.6699359914889124,1.34751094738734,1.34751094738734,0.6699359914889124,2.4459826942787792
350.0,45.14,33.56,3.62,3.59,4998.98,2.767137706669203,2.76959531703595,2.76959531703595,2.767137706669203,8.621305227885328,4.5699379657452015,4.5699379657452015,8.621305227885328,1.6366112621387474,1.629323328734135,1.629323328734135,1.6366112621387474,0.6704111365508725,1.3438739031832876,1.3438739031832876,0.6704111365508725,1.5275379590811693
350.0,45.88,42.56,4.61,4.0,4819.3,2.767582613446673,2.770050106789888,2.770050106789888,2.767582613446673,8.63459120692898,4.570999515194912,4.570999515194912,8.63459120692898,1.6383892775561508,1.6310896018323653,1.6310896018323653,1.6383892775561508,0.6705247896758733,1.3459329412668029,1.3459329412668029,0.6705247896758733,1.5852223092913993
350.0,48.84,57.24,5.06,3.82,3084.29,2.772990231039859,2.7736425154086577,2.7736425154086577,2.772990231039859,4.594032531753023,8.668856340247682,8.668856340247682,4.594032531753023,1.638316917149946,1.6373057033497895,1.6373057033497895,1.638316917149946,1.3524381462070716,0.6708573419043374,0.6708573419043374,1.3524381462070716,2.478672821454913
350.0,53.54,12.12,3.93,4.86,3609.93,2.7723088400892575,2.7728533228190666,2.7728533228190666,2.7723088400892575,4.595213170721312,8.676151153724378,8.676151153724378,4.595213170721312,1.637468805106182,1.636293200084754,1.636293200084754,1.637468805106182,1.3531615138144455,0.6719767381610408,0.6719767381610408,1.3531615138144455,2.1124204425166537
350.0,54.47,53.18,3.43,5.19,1309.77,2.7915405118746364,2.791961255808081,2.791961255808081,2.7915405118746364,4.609843075496196,8.779348828518494,8.779348828518494,4.609843075496196,1.646808018701816,1.6463571024033905,1.6463571024033905,1.646808018701816,1.3658143777375926,0.6692573812329685,0.6692573812329685,1.3658143777375926,5.834306453995057
350.0,54.65,11.21,3.85,5.32,4731.37,2.7701276168224918,2.7706268553856197,2.7706268553856197,2.7701276168224918,4.594556220319001,8.678028458083828,8.678028458083828,4.594556220319001,1.6377697951830656,1.6366386910087265,1.6366386910087265,1.6377697951830656,1.3537956894802352,0.6724860395121717,0.6724860395121717,1.3537956894802352,1.611624973199652
350.0,55.5,77.9,3.3,2.76,2954.39,2.7758005307365483,2.7761745484440614,2.7761745484440614,2.7758005307365483,4.601232288345846,8.751861927757393,8.751861927757393,4.601232288345846,1.6465363454477209,1.6462103869902198,1.6462103869902198,1.6465363454477209,1.3648132829862387,0.6714800901949091,0.6714800901949091,1.3648132829862387,2.5900569764590213
350.0,56.33,26.8,3.27,2.96,2619.46,2.7772578834376325,2.77769194274698,2.77769194274698,2.7772578834376325,4.600922397969088,8.727774345656977,8.727774345656977,4.600922397969088,1.6423088999974107,1.6417268543700134,1.6417268543700134,1.6423088999974107,1.3606181068257686,0.6713942635323813,0.6713942635323813,1.3606181068257686,2.913185088680745
350.0,57.28,60.37,4.61,5.13,3702.63,2.773623891575825,2.7739875812624653,2.7739875812624653,2.773623891575825,4.60027786140469,8.747012661375582,8.747012661375582,4.60027786140469,1.6457285803237307,1.645403653606316,1.645403653606316,1.6457285803237307,1.3645689206166765,0.6719729293511006,0.6719729293511006,1.3645689206166765,2.0646432407174578
350.0,59.75,27.91,5.31,3.31,4973.37,2.7715173770969685,2.7718765046382936,2.7718765046382936,2.7715173770969685,4.599291435400308,8.737892408035997,8.737892408035997,4.599291435400308,1.6440101207159483,1.6435956343597182,1.6435956343597182,1.6440101207159483,1.363555163441604,0.6726076741683016,0.6726076741683016,1.363555163441604,1.5343690033927373
350.0,59.91,35.18,3.0,2.78,4869.31,2.7718179237127187,2.7721649894610865,2.7721649894610865,2.7718179237127187,4.599804408531031,8.745257856316654,8.745257856316654,4.599804408531031,1.6449668452362074,1.644616224255805,1.644616224255805,1.6449668452362074,1.3647215939601836,0.6725657318261373,0.6725657318261373,1.3647215939601836,1.5677574505833192
350.0,60.26,47.4,5.2,4.62,2929.1,2.7773668393006528,2.7776869163917266,2.7776869163917266,2.7773668393006528,4.60387944204608,8.775621372539492,8.775621372539492,4.60387944204608,1.6478775736456226,1.647620216745047,1.647620216745047,1.6478775736456226,1.3684535020660125,0.6718983072651011,0.6718983072651011,1.3684535020660125,2.607840163674976
350.0,61.88,20.26,3.03,6.29,1706.14,2.7871501851211207,2.787459687433008,2.787459687433008,2.7871501851211207,4.610075534965391,8.803494234715874,8.803494234715874,4.610075534965391,1.6488131772591192,1.6484149896754536,1.6484149896754536,1.6488131772591192,1.3706996545905326,0.6709813547370092,0.6709813547370092,1.3706996545905326,4.470261045310676
350.0,64.11,65.57,2.51,2.55,2638.41,2.780750557251297,2.780993911997351,2.780993911997351,2.780750557251297,4.608401456503245,8.8317220522002,8.8317220522002,4.608401456503245,1.65402135110674,1.6539376059890023,1.6539376059890023,1.65402135110674,1.376989968912434,0.6720291903661709,0.6720291903661709,1.376989968912434,2.897626152166405
350.0,66.76,32.0,4.26,3.27,1168.52,2.800151808815312,2.8003778372945107,2.8003778372944765,2.800151808815312,4.620552343319636,8.896418577543502,8.896418577545086,4.620552343319636,1.6574245771565488,1.6572883964984355,1.6572883964984355,1.6574245771565488,1.3833027847589157,0.6698749348561182,0.6698749348561182,1.3833027847589157,6.529778997173818
350.0,67.77,54.51,3.97,6.26,1389.68,2.795763626964506,2.795967708592948,2.795967708592948,2.795763626964506,4.618800794296377,8.905501933885969,8.905501933885969,4.618800794296377,1.65967361086516,1.6596467925616347,1.6596467925616347,1.65967361086516,1.385897132074526,0.6705713856494068,0.6705713856494068,1.385897132074526,5.497166112941875
350.0,68.35,92.08,4.13,6.23,3989.05,2.7782815133028307,2.7784574107276927,2.7784574107276927,2.7782815133028307,4.609394105821987,8.876938111568995,8.876938111568995,4.609394105821987,1.660082038967904,1.6601307957526836,1.6601307957526836,1.660082038967904,1.3851566056309483,0.6730084555322007,0.6730084555322007,1.3851566056309483,1.919030049220007
350.0,69.46,94.58,4.49,4.96,1299.79,2.7996966287809335,2.7998543310613924,2.7998543310613924,2.7996966287809335,4.622382284477566,8.960853484005494,8.960853484005494,4.622382284477566,1.6664178118244424,1.6665049753001058,1.6665049753001058,1.6664178118244424,1.394259760153582,0.6703631108611287,0.6703631108611287,1.394259760153582,5.889449324797539
350.0,69.85,63.97,4.39,2.56,4661.08,2.776987200379391,2.777169046243187,2.777169046243187,2.776987200379391,4.608665407065937,8.865411172309297,8.865411172309297,4.608665407065937,1.6580975799545177,1.6581145291766457,1.6581145291766457,1.6580975799545177,1.383607832567193,0.6733223341044765,0.6733223341044765,1.383607832567193,1.6398388776251238
350.0,71.18,12.43,5.22,2.79,4179.76,2.777558665072232,2.777738400799324,2.777738400799324,2.777558665072232,4.60847132655767,8.842895348428971,8.842895348428971,4.60847132655767,1.65407098868135,1.653643354470976,1.653643354470976,1.65407098868135,1.379278415874698,0.6738267516655904,0.6738267516655904,1.379278415874698,1.8235941351912213
350.0,72.49,42.23,4.32,5.48,4229.02,2.7787307265445027,2.7788989441045686,2.7788989441045686,2.7787307265445027,4.610382261281814,8.878215811660374,8.878215811660374,4.610382261281814,1.658560825084232,1.6585551998492647,1.6585551998492647,1.658560825084232,1.3854087887907651,0.6734495825872104,0.6734495825872104,1.3854087887907651,1.8051358906477997
350.0,73.12,57.93,2.78,2.55,4381.22,2.779114381745964,2.7792690187453104,2.7792690187453104,2.779114381745964,4.611107159582308,8.895564105175684,8.895564105175684,4.611107159582308,1.6609035759335022,1.6609560421152338,1.6609560421152338,1.6609035759335022,1.3882665179638365,0.6734989642776109,0.6734989642776109,1.3882665179638365,1.7438454039363325
350.0,74.74,57.53,3.19,4.16,1106.19,2.807230699158497,2.807361490028571,2.807361490028571,2.807230699158497,4.62787798011208,9.004561721727297,9.004561721727297,4.62787798011208,1.6689328387308424,1.6690272254521226,1.6690272254521226,1.6689328387308424,1.400062580867241,0.670029897676375,0.670029897676375,1.400062580867241,6.905242500360223
350.0,75.18,20.98,4.02,3.09,4028.31,2.7801190744427022,2.7802692230481454,2.7802692230481454,2.7801190744427022,4.611885909039521,8.890591241197336,8.890591241197336,4.611885909039521,1.6590753939332232,1.6589507721431194,1.6589507721431194,1.6590753939332232,1.387077763236216,0.6737668461120149,0.6737668461120149,1.387077763236216,1.8927797664932744
350.0,75.5,27.83,5.31,2.78,380.77,2.877286899854964,2.8774059868776827,2.8774059868776827,2.877286899854964,4.665385453994178,9.2298439731457,9.2298439731457,4.665385453994178,1.6828318935241149,1.6828472456814385,1.6828472456814385,1.6828318935241149,1.4216352984818978,0.6606837131487692,0.6606837131487692,1.4216352984818978,20.02122182715174
350.0,77.25,45.68,4.81,4.61,3919.64,2.7821877631541008,2.7823115712326434,2.7823115712326434,2.7821877631541008,4.614274958282494,8.931924302793858,8.931924302793858,4.614274958282494,1.6640199613327995,1.6640930210716334,1.6640930210716334,1.6640199613327995,1.3937586131750377,0.673668989948677,0.673668989948677,1.3937586131750377,1.9476779426145645
350.0,77.46,77.9,4.94,3.52,4784.28,2.7813788273584312,2.7814883879777,2.7814883879777,2.7813788273584312,4.614330223732789,8.953324439212963,8.953324439212963,4.614330223732789,1.66748556241978,1.6676300367086552,1.6676300367086552,1.66748556241978,1.397562470571465,0.6738489343943868,0.6738489343943868,1.397562470571465,1.5984095224830437
350.0,77.97,25.16,4.72,2.57,3407.59,2.783583911227763,2.78370995942358,2.78370995942358,2.783583911227763,4.615040407831755,8.928470326049178,8.928470326049178,4.615040407831755,1.662827198082082,1.6627914027006274,1.6627914027006274,1.662827198082082,1.392769450939438,0.6736581258936738,0.6736581258936738,1.392769450939438,2.237842876627634
350.0,78.65,74.63,2.68,3.06,1133.9,2.809485134161914,2.809579647238337,2.809579647238337,2.809485134161914,4.630262794177193,9.056762093040112,9.056762093040112,4.630262794177193,1.6748105540856872,1.6749823655807945,1.6749823655807945,1.6748105540856872,1.4085110777385674,0.670291924269033,0.670291924269033,1.4085110777385674,6.741757937218634
350.0,81.96,75.73,5.25,4.57,3519.62,2.7872709377921008,2.7873502783333253,2.7873502783333253,2.7872709377921008,4.618923983606811,9.009482319408129,9.009482319408129,4.618923983606811,1.672689302872116,1.6728799269120205,1.6728799269120205,1.672689302872116,1.4058394376621155,0.6736982431981619,0.6736982431981619,1.4058394376621155,2.1721378125776925
350.0,83.44,46.81,5.64,5.43,2877.16,2.7898627434617174,2.7899420810949698,2.7899420810949698,2.7898627434617174,4.620528766615661,9.010503409780227,9.010503409780227,4.620528766615661,1.6715098945356002,1.6716529689101074,1.6716529689101074,1.6715098945356002,1.4054455276576117,0.6735293914856583,0.6735293914856583,1.4054455276576117,2.6529406861476126
350.0,83.56,41.68,3.68,2.78,2258.99,2.7936614056928226,2.793740605642831,2.793740605642831,2.7936614056928226,4.622615974681248,9.020865212545084,9.020865212545084,4.622615974681248,1.6719589218870226,1.6720878095246132,1.6720878095246132,1.6719589218870226,1.4063028750198947,0.6730490512709428,0.6730490512709428,1.4063028750198947,3.377913284858195
350.0,83.89,39.5,3.05,5.8,2752.48,2.790559997789821,2.790644089063589,2.790644089063589,2.790559997789821,4.620932432513337,9.011478502605394,9.011478502605394,4.620932432513337,1.6713039812740362,1.6714228507018667,1.6714228507018667,1.6713039812740362,1.4054565494464626,0.6735091000339084,0.6735091000339084,1.4054565494464626,2.771995151843739
350.0,84.66,57.33,6.44,4.06,1568.03,2.8030450091385424,2.8031122957286065,2.8031122957286065,2.8030450091385424,4.628043935719817,9.072983693340342,9.072983693340342,4.628043935719817,1.6768181998100655,1.6770066224494706,1.6770066224494706,1.6768181998100655,1.4130149466928672,0.6719543243860205,0.6719543243860205,1.4130149466928672,4.870019219226032
350.0,84.88,32.34,5.62,2.9,3408.99,2.788108155844406,2.7881843020405097,2.7881843020405097,2.788108155844406,4.619820622867337,9.006477461715262,9.006477461715262,4.619820622867337,1.6708474908908404,1.6709389630669031,1.6709389630669031,1.6708474908908404,1.4051750740692532,0.6739881540374917,0.6739881540374917,1.4051750740692532,2.2372704953387466
350.0,88.05,73.85,3.94,5.9,1919.96,2.8014430499287735,2.801485664195705,2.801485664195705,2.8014430499287735,4.627800854322971,9.107628790875074,9.107628790875074,4.627800854322971,1.6812751516593565,1.6815209449185669,1.6815209449185669,1.6812751516593565,1.4194515523772342,0.6726537610643385,0.6726537610643385,1.4194515523772342,3.980427522719471
350.0,89.24,13.54,6.31,4.68,3412.97,2.7904302435634354,2.790473348575736,2.790473348575736,2.7904302435634354,4.6220651575769764,9.03791112158456,9.03791112158456,4.6220651575769764,1.6734127470101472,1.673210948923469,1.673210948923469,1.6734127470101472,1.4097052679450086,0.6746625350808709,0.6746625350808709,1.4097052679450086,2.2321052990940613
350.0,89.86,47.95,5.0,5.88,4343.63,2.7896308975778523,2.78967502545892,2.78967502545892,2.7896308975778523,4.621849440326417,9.064256848794303,9.064256848794303,4.621849440326417,1.6773374007259956,1.6775356210329668,1.6775356210329668,1.6773374007259956,1.4148980202172683,0.6744485253815486,0.6744485253815486,1.4148980202172683,1.7570303463470194
350.0,90.12,46.04,6.35,5.0,3273.5,2.792883889100946,2.792925273340361,2.792925273340361,2.792883889100946,4.623627162776229,9.076265774566496,9.076265774566496,4.623627162776229,1.6781302601463213,1.6783262316583711,1.6783262316583711,1.6781302601463213,1.4161817495446984,0.6740569203358124,0.6740569203358124,1.4161817495446984,2.331118612298723
350.0,90.15,19.07,5.95,3.78,1680.37,2.803832162502044,2.803873160341868,2.803873160341868,2.803832162502044,4.629439034992347,9.095053783481818,9.095053783481818,4.629439034992347,1.6778730270518527,1.6778581111674855,1.6778581111674855,1.6778730270518527,1.4165466341511423,0.6727981282167984,0.6727981282167984,1.4165466341511423,4.534448057499084
350.0,91.5,50.04,4.34,2.66,541.01,2.859457193748355,2.859477046680752,2.859477046680752,2.859457193748355,4.656982287396169,9.31857952607128,9.31857952607128,4.656982287396169,1.6952100447829324,1.6954621341126448,1.6954621341126448,1.6952100447829324,1.4420044518013462,0.665182134521354,0.665182134521354,1.4420044518013462,14.101730838124244
350.0,96.95,51.35,5.43,5.91,1686.72,2.810900976158416,2.810906192359633,2.810906192359633,2.810900976158416,4.633589513583685,9.199208718422367,9.199208718422367,4.633589513583685,1.688996725117179,1.6892622149776997,1.6892622149776997,1.688996725117179,1.4333026164617857,0.672572269512199,0.672572269512199,1.4333026164617857,4.52390175367761
400.0,11.5,88.58,3.81,5.34,3043.54,4.057447920241265,4.057778996136843,4.057778996136843,4.057447920241265,15.981861164389915,15.982588368650449,15.982588368650449,15.981861164389915,2.7855027604662235,2.783939938285867,2.783939938285867,2.7855027604662235,2.4706418712268565,2.4714235178914574,2.4714235178914574,2.4706418712268565,3.264138347698402
400.0,11.64,21.82,3.11,4.01,1551.29,4.052506057826284,4.052780489480294,4.052780489480294,4.052506057826284,15.900841811713846,15.901363623229996,15.901363623229996,15.900841811713846,2.750664211977071,2.745398822682243,2.745398822682243,2.750664211977071,2.454158708059839,2.456802026360655,2.456802026360655,2.454158708059839,6.382907239478831
400.0,12.16,19.0,5.87,4.25,2676.25,4.0323351800670135,4.032585519891549,4.032585519891549,4.0323351800670135,15.821456471480552,15.821994748778184,15.821994748778184,15.821456471480552,2.7280364848375163,2.72207817639622,2.72207817639622,2.7280364848375163,2.4447126488016817,2.4477048843062805,2.4477048843062805,2.4447126488016817,3.699984751733948
400.0,14.87,58.15,2.58,3.14,1101.24,4.117713348402353,4.118058546586373,4.118058546586373,4.117713348402353,16.226006224397214,16.226756864366635,16.226756864366635,16.226006224397214,2.855947967150271,2.8536106957031078,2.8536106957031078,2.855947967150271,2.501386464042551,2.5025594427939577,2.5025594427939577,2.501386464042551,8.999652719293584
400.0,17.07,79.29,5.52,4.23,2851.87,4.09738165820447,4.097702834016219,4.097702834016219,4.097381658204523,16.18289485020088,16.18368574622323,16.18368574622323,16.182894851202956,2.8510772321263995,2.849292228763149,2.849292228763149,2.8510772321263995,2.500709921826477,2.501607336851692,2.501607336851692,2.500709921826477,3.479128501450541
400.0,19.64,19.53,4.06,6.12,1350.46,4.120237188627133,4.12051776819477,4.12051776819477,4.120237188627133,16.241444425494713,16.242254086843793,16.242254086843793,16.241444425494713,2.8625753607570417,2.8560166318595184,2.8560166318595184,2.8625753607570417,2.5043145041825303,2.5076208175787005,2.5076208175787005,2.5043145041825303,7.32220672424435
400.0,20.7,87.38,4.32,3.94,4046.06,4.122159733015878,4.12246379120158,4.12246379120158,4.122159733015878,16.323125650266167,16.32390554948781,16.32390554948781,16.323125650266167,2.8982740631548998,2.896569549255511,2.896569549255511,2.8982740631548998,2.5227448597998965,2.523604164657657,2.523604164657657,2.5227448597998965,2.451934000411237
400.0,28.04,68.78,5.65,6.0,2090.66,4.197379290272122,4.197661033401547,4.197661033401547,4.197379290272122,16.675032045639924,16.675819685329763,16.675819685329763,16.675032045639924,3.004659433264365,3.002388537747573,3.002388537747573,3.004659433264365,2.572664797179801,2.573815091271588,2.573815091271588,2.572664797179801,4.733877285899734
400.0,29.61,80.7,6.29,2.95,3341.22,4.202448466553776,4.202714909965504,4.202714909965504,4.202448466553776,16.721192791964302,16.72195853828514,16.72195853828514,16.721192791964302,3.0218457319604832,3.019844268631059,3.019844268631059,3.0218457319604832,2.581322345739865,2.5823376516489125,2.5823376516489125,2.581322345739865,2.963231030224722
400.0,30.84,79.65,5.92,3.82,4127.45,4.2078851807175335,4.208141921915732,4.208141921915732,4.2078851807175335,16.753140569661834,16.753925904630474,16.753925904630474,16.753140569661834,3.032229470446176,3.0301923744587094,3.0301923744587094,3.032229470446176,2.586591422141925,2.587626187008474,2.587626187008474,2.586591422141925,2.3982354616084423
400.0,32.63,67.97,3.29,4.67,751.73,4.3288618122709295,4.329154621774924,4.329154621774924,4.3288618122709295,17.250399633261605,17.251205206347567,17.251205206347567,17.250399633261605,3.167177675405589,3.164491690388093,3.164491690388093,3.167177675405589,2.6488372708194925,2.6502025576703727,2.6502025576703727,2.6488372708194925,13.135604487772492
400.0,33.58,42.39,3.84,2.69,3417.44,4.214749404058118,4.214996106375958,4.214996106375958,4.214749404058118,16.769230593064375,16.770016115139285,16.770016115139285,16.769230593064375,3.0342706303300075,3.0306604490324194,3.0306604490324194,3.0342706303300075,2.58805087166198,2.5898820530676927,2.5898820530676927,2.58805087166198,2.8903607552613844
400.0,33.87,92.44,3.59,3.85,3380.91,4.252007445763497,4.252248829434629,4.252248829434629,4.252007445763497,16.971774239910168,16.97252612562047,16.97252612562047,16.971774239910168,3.0984621676697066,3.0965637632504635,3.0965637632504635,3.0984621676697066,2.6183025133734215,2.6192693341005744,2.6192693341005744,2.6183025133734215,2.927060435849282
400.0,34.0,69.74,6.09,3.06,3818.58,4.234108831012938,4.234351333576329,4.234351333576312,4.234108831012938,16.87806340689681,16.878845288140173,16.878845288138276,16.87806340689681,3.0691440722304035,3.06678232893779,3.06678232893779,3.0691440722304035,2.6047197874747154,2.6059208999263808,2.6059208999263808,2.6047197874747154,2.5893716825583963
400.0,34.4,68.46,4.16,4.66,4427.25,4.233602808941033,4.2338430678220105,4.2338430678220105,4.233602808941033,16.878283720142917,16.879052622654168,16.879052622654168,16.878283720142917,3.0695574129723013,3.0671559980238783,3.0671559980238783,3.0695574129723013,2.605098216132528,2.606319376672848,2.606319376672848,2.605098216132528,2.2331835662075146
400.0,34.79,49.41,3.82,4.05,1402.01,4.27389395699807,4.274151375073526,4.274151375073526,4.27389395699807,17.027196683604206,17.027976122950108,17.027976122950108,17.027196683604206,3.1072012736318646,3.103837822746569,3.103837822746569,3.1072012736318646,2.6219425286190163,2.6236509662171255,2.6236509662171255,2.6219425286190163,7.0412067280328685
400.0,36.73,79.46,6.2,5.38,3357.17,4.272734741006112,4.2729647129318336,4.2729647129318336,4.272734741006112,17.0683967993559,17.06912775709398,17.06912775709398,17.0683967993559,3.1262398485689324,3.124022116791985,3.124022116791985,3.1262398485689324,2.6324156349952723,2.6335455671924866,2.6335455671924866,2.6324156349952723,2.9443026049719108
400.0,37.22,25.68,5.6,5.69,3522.31,4.238422406308343,4.23864298599573,4.23864298599573,4.238422406308343,16.881346115103536,16.88211423685048,16.88211423685048,16.881346115103536,3.0680845121874363,3.061992963940108,3.061992963940108,3.0680845121874363,2.6040171320290746,2.607106121123411,2.607106121123411,2.6040171320290746,2.800299051560592
400.0,41.54,79.92,3.93,5.57,2342.58,4.340255887309325,4.340464580390484,4.340464580390484,4.340255887309325,17.38408815105175,17.384796179546722,17.384796179546722,17.38408815105175,3.2171528093162265,3.2147465937279867,3.2147465937279867,3.2171528093162265,2.6775027203504305,2.6787320824344074,2.6787320824344074,2.6775027203504305,4.213344594227631
400.0,41.65,11.83,2.82,3.59,881.57,4.365065919187256,4.365259493259703,4.365259493259703,4.365065919187256,17.420173940571235,17.42091571452023,17.42091571452023,17.420173940571235,3.2205133004806337,3.2046148123303406,3.2046148123303406,3.2205133004806337,2.6723605858356416,2.6804237633026045,2.6804237633026045,2.6723605858356416,11.155633329713254
400.0,41.72,55.55,3.9,5.05,3247.88,4.310108765811984,4.3103158668109405,4.3103158668109405,4.310108765811984,17.239964392378404,17.240690538193533,17.240690538193533,17.239964392378404,3.1749879905489142,3.171770175308906,3.171770175308906,3.1749879905489142,2.657291219035548,2.6589312351309005,2.6589312351309005,2.657291219035548,3.036834896109294
400.0,42.74,57.76,4.41,3.01,2049.8,4.34318166240776,4.343389156498338,4.343389156498338,4.34318166240776,17.384806807781864,17.385527288547422,17.385527288547422,17.384806807781864,3.215165234004129,3.2119304079599047,3.2119304079599047,3.215165234004129,2.676792307754592,2.67844234657178,2.67844234657178,2.676792307754592,4.809348763836152
400.0,44.65,33.79,5.76,6.3,1757.9,4.355095428178432,4.355294361427052,4.355294361427052,4.355095428178432,17.426151162329894,17.426882960364058,17.426882960364058,17.426151162329894,3.225178159713088,3.219719029959111,3.219719029959111,3.225178159713088,2.681495409790911,2.684274767094117,2.684274767094117,2.681495409790911,5.599536634561714
400.0,44.92,30.05,5.24,5.71,1671.23,4.358483846080285,4.3586798347349145,4.3586798347349145,4.358483846080465,17.43851990276568,17.43927551787733,17.43927551787733,17.438519902761715,3.228421893137603,3.2222761950029217,3.2222761950029217,3.228421893137603,2.682846254299572,2.6859745231684533,2.6859745231684533,2.682846254299572,5.888422765695526
400.0,46.2,57.08,5.62,2.96,4521.8,4.3535300648599575,4.353711799427525,4.353711799427525,4.3535300648599575,17.45535454475569,17.456045960343126,17.456045960343126,17.45535454475569,3.238306288510142,3.2349589035685717,3.2349589035685717,3.238306288510142,2.6897542180222707,2.6914634656335883,2.6914634656335883,2.6897542180222707,2.1789808880976493
400.0,47.38,74.6,4.29,6.28,2336.43,4.406843625983263,4.407024747239024,4.407024747239024,4.406843625983263,17.697960659906023,17.69860993806233,17.69860993806233,17.697960659906023,3.305951903365808,3.3031499101544397,3.3031499101544397,3.305951903365808,2.723304070475319,2.7247311322539534,2.7247311322539534,2.723304070475319,4.216187999094252
400.0,47.48,25.69,4.24,2.93,1110.17,4.42045467573932,4.42065002742958,4.42065002742958,4.42045467573932,17.707247558393288,17.707932069579687,17.707932069579687,17.707247558393288,3.301597727503813,3.2938381663970246,3.2938381663970246,3.301597727503813,2.718675401852048,2.7226074108318765,2.7226074108318765,2.718675401852048,8.851029926545156
400.0,47.72,84.41,6.08,4.31,2837.43,4.4109799055095245,4.411154142419319,4.411154142419319,4.4109799055095245,17.72718820857204,17.72783269649796,17.72783269649796,17.72718820857204,3.315590597857538,3.313065954997392,3.313065954997392,3.315590597857538,2.728350674983409,2.729638041002529,2.729638041002529,2.728350674983409,3.472940523782913
400.0,47.84,92.82,4.42,6.16,1038.14,4.494700478253457,4.494894511603739,4.494894511603739,4.494700478253457,18.078223412815174,18.07883386625409,18.07883386625409,18.078223412815174,3.4060548758994607,3.4034968744503917,3.4034968744503917,3.4060548758994607,2.772905950521737,2.774210997097436,2.774210997097436,2.772905950521737,9.481134943377242
400.0,48.96,96.22,5.88,4.17,2573.17,4.442451086364847,4.4426183070851915,4.4426183070851915,4.442451086364847,17.87742287986276,17.878026597373577,17.878026597373577,17.87742287986276,3.357514657146391,3.3551739022766367,3.3551739022766367,3.357514657146391,2.749728611064038,2.7509238425174787,2.7509238425174787,2.749728611064038,3.8289870384271394
400.0,51.0,65.36,5.6,4.71,4669.65,4.419993485675607,4.420152237087293,4.420152237087293,4.419993485675607,17.772997808121943,17.773612576619758,17.773612576619758,17.772997808121943,3.32825047181517,3.325005971708479,3.325005971708479,3.32825047181517,2.736159524994239,2.737811858595615,2.737811858595615,2.736159524994239,2.107340423331396
400.0,51.49,42.26,3.18,5.08,4345.38,4.407418173770183,4.4075764498499295,4.4075764498499295,4.407418173770183,17.703521910774015,17.70416088862526,17.70416088862526,17.703521910774015,3.3075840281958637,3.3027704537881366,3.3027704537881366,3.3075840281958637,2.7255630588183397,2.728008459237604,2.728008459237604,2.7255630588183397,2.2625814846429764
400.0,54.51,20.94,5.19,4.98,2299.45,4.452315270377216,4.452456485633339,4.452456485633339,4.452315270377216,17.89101199917405,17.89163666116605,17.89163666116605,17.89101199917405,3.357607045563743,3.347416113862676,3.347416113862676,3.357607045563743,2.749225659128841,2.7543936646243967,2.7543936646243967,2.749225659128841,4.2666791138371964
400.0,56.05,52.51,5.04,3.06,590.51,4.674831744615944,4.675023992253402,4.675023992253402,4.67483174461594,18.836263557020946,18.83676305692023,18.83676305692023,18.83626355789052,3.595326859633111,3.5899502773805194,3.5899502773805194,3.595326859633111,2.8739201276681823,2.8766601933078446,2.8766601933078446,2.8739201276681823,16.559059844523556
400.0,59.09,45.65,4.95,4.24,3680.76,4.521451451731401,4.52157638104325,4.52157638104325,4.521451451731401,18.232538558246432,18.233064315853248,18.233064315853248,18.232538558246432,3.4507256870377088,3.4454710921814264,3.4454710921814264,3.4507256870377088,2.8013225354743256,2.803998050877249,2.803998050877249,2.8013225354743256,2.6634819549505697
400.0,59.58,22.44,5.51,2.62,3177.0,4.51018860559063,4.5103046248614636,4.5103046248614636,4.51018860559063,18.16870513364236,18.169283116876212,18.169283116876212,18.16870513364236,3.4336734738224943,3.423310773945748,3.423310773945748,3.4336734738224943,2.7904028269117496,2.7956652088766765,2.7956652088766765,2.7904028269117496,3.0831272292740874
400.0,60.35,86.64,3.22,3.66,981.78,4.693615564884312,4.6937510147763115,4.6937510147763115,4.693615564884312,18.976408042241182,18.97681890928216,18.97681890928216,18.976408042241182,3.6388778900801,3.6353379916203528,3.6353379916203528,3.6388778900801,2.901094555616139,2.9029054092101068,2.9029054092101068,2.901094555616139,9.963968274081987
400.0,60.61,45.03,3.94,5.22,541.07,4.770064306772137,4.770241850839281,4.770241850839281,4.770064306772137,19.24830511870625,19.24872946895349,19.24872946895349,19.24830511870625,3.6967675803803783,3.689749280929948,3.689749280929948,3.6967675803803783,2.9307410508160454,2.934320271036865,2.934320271036865,2.9307410508160454,18.013672900510805
400.0,61.2,64.82,3.59,3.06,2210.62,4.600119932382468,4.600238765852008,4.600238765852008,4.600119932382468,18.585151306370275,18.58559726444972,18.58559726444972,18.585151306370275,3.542503032411688,3.538333218267347,3.538333218267347,3.542503032411004,2.850513296745227,2.852641863302894,2.852641863302894,2.85051329948205,4.430011708932535
400.0,61.38,17.36,2.57,2.79,863.21,4.647033139094384,4.647164640078808,4.647164640078808,4.647033139094384,18.730371162375395,18.73089213093351,18.73089213093351,18.730371162375395,3.5745932464107377,3.5590955383179534,3.5590955383179534,3.5745932464107377,2.861578100990095,2.8694555347994335,2.8694555347994335,2.861578100990095,11.309423945532169
400.0,62.64,58.39,4.09,3.46,1433.97,4.651671742029645,4.6517893332186855,4.6517893332186855,4.651671742029645,18.7972195778318,18.79769065999457,18.79769065999457,18.7972195778318,3.5943901997088847,3.5894998948140557,3.5894998948140557,3.5943901997088847,2.8784018934972773,2.8808988271939477,2.8808988271939477,2.8784018934972773,6.818194500717384
400.0,63.45,33.77,5.12,6.02,1721.22,4.619341072218152,4.619456081537625,4.619456081537625,4.619341072218152,18.650578290687488,18.65102782228833,18.65102782228833,18.650578290687488,3.5569153746965223,3.548956921713588,3.548956921713588,3.5569153746965223,2.8576719497793164,2.8617234046749696,2.8617234046749696,2.8576719497793164,5.677803362670126
400.0,67.0,36.79,3.33,4.12,4520.99,4.63182783041889,4.631925336059973,4.631925336059973,4.63182783041889,18.73071051082264,18.73097815454107,18.73097815454107,18.73071051082264,3.5805047835710835,3.5729237083011585,3.5729237083011585,3.5805047835710835,2.872818723298629,2.876676689649192,2.876676689649192,2.872818723298629,2.1602574309156384
400.0,68.92,77.6,5.92,2.71,1239.86,4.814691050294271,4.814777834981702,4.814777834981702,4.814691050294271,19.51540220665169,19.515680599972622,19.515680599972622,19.51540220665169,3.771606107032928,3.76697369878776,3.76697369878776,3.771606107032928,2.9796669660074544,2.982038803159262,2.982038803159262,2.9796669660074544,7.8522537478021155
400.0,71.06,19.46,5.89,6.16,3332.71,4.694623653308845,4.6946856364255645,4.6946856364255645,4.694623653308845,18.996701997439143,18.997143363602436,18.997143363602436,18.996701997439143,3.6484790002646217,3.633201567752388,3.633201567752388,3.6484790002646217,2.9081323143066844,2.915909494103248,2.915909494103248,2.9081323143066844,2.922296374972843
400.0,72.77,83.33,5.51,6.32,589.28,5.0818841522822495,5.081972628230544,5.081972628230544,5.0818841522822495,20.598889265218148,20.599039329088928,20.599039329088928,20.598889265218148,4.015774197044254,4.009886446791306,4.009886446791306,4.015774197044254,3.1243116390697305,3.127332612028264,3.127332612028264,3.1243116390697305,16.379127665529108
400.0,73.56,58.19,6.29,4.34,4806.11,4.78325213041787,4.783319768907376,4.783319768907376,4.78325213041787,19.4035853159258,19.403635559343808,19.403635559343808,19.4035853159258,3.74796173194134,3.741971831179452,3.741971831179452,3.74796173194134,2.96942163784662,2.9724782389625903,2.9724782389625903,2.96942163784662,2.024284149444768
400.0,73.95,52.81,2.9,5.29,588.13,5.045929629779094,5.049912178359263,5.049912178359263,5.045929629779094,20.429969550901525,20.377369082781083,20.377369082781083,20.429969550901525,3.9929734066991633,3.977489951650523,3.977489951650523,3.9929734066991633,3.0974000197767197,3.102708972457597,3.102708972457597,3.0974000197767197,16.403226639369983
400.0,75.4,93.34,3.0,6.46,2513.03,4.909817216101359,4.92942731804375,4.92942731804375,4.909817216101359,19.981136668700167,4.120744926447239,4.120744926447239,19.981136668700167,3.935546509587707,3.877220845934,3.877220845934,3.935546509587707,0.4128339183262173,3.0530408286713366,3.0530408286713366,0.4128339183262173,3.860994004319966
400.0,75.69,15.25,3.02,4.26,3587.82,4.7752882894647355,4.77532685418665,4.77532685418665,4.7752882894647355,19.34859484582208,19.348940582413267,19.348940582413267,19.34859484582208,3.7376230483414417,3.716144437896044,3.716144437896044,3.7376230483414417,2.9589291341876325,2.9694927239042515,2.9694927239042515,2.9589291341876325,2.7064801579266646
400.0,75.75,13.17,5.45,3.1,3174.92,4.780319461964235,4.780354938762628,4.780354938762628,4.780319461964235,19.367126604677264,19.36747426969264,19.36747426969264,19.367126604677264,3.742581779118247,3.717688409764983,3.717688409764983,3.742581779118247,2.9582535960291647,2.970931265390933,2.970931265390933,2.9582535960291647,3.0578176389361182
400.0,77.27,27.82,4.61,6.37,4167.64,4.821962990127126,4.822019512560428,4.822019512560428,4.821962990127126,19.555553423779653,19.555576299763043,19.555576299763043,19.555553423779653,3.7837206147813816,3.77097580013022,3.77097580013022,3.7837206147813816,2.9889385594638567,2.995434075673652,2.995434075673652,2.9889385594638567,2.327622802151249
400.0,79.13,64.33,3.41,4.01,4593.85,4.921036121787,4.9210581806944536,4.9210581806944536,4.921036121787,19.99047578677688,19.99059056532244,19.99059056532244,19.99047578677688,3.88616164957574,3.8796731577477312,3.8796731577477312,3.88616164957574,3.052540247777967,3.055862338619787,3.055862338619787,3.052540247777967,2.1078914147019896
400.0,80.71,37.51,4.53,2.84,2329.21,4.95294362142874,4.95297000987147,4.95297000987147,4.95294362142874,20.10185090375853,20.101989666035728,20.101989666035728,20.10185090375853,3.909292207313036,3.898119029590859,3.898119029590859,3.909292207313036,3.0650268047522995,3.070738142738646,3.070738142738646,3.0650268047522995,4.147742881932846
400.0,81.26,57.11,3.56,5.54,2707.36,4.991332152824942,4.991362540419406,4.991362540419406,4.991332152824942,20.272195270620543,20.27205737046892,20.27205737046892,20.272195270620543,3.9487172932810473,3.9408164369709247,3.9408164369709247,3.9487172932810473,3.090582020257656,3.094621760342084,3.094621760342084,3.090582020257656,3.5662921410642374
400.0,83.03,39.47,2.63,5.29,2382.67,4.975599490076723,4.975590914406002,4.975590914406002,4.97559949007397,20.571800274779573,20.572806618870327,20.572806618870327,20.571800275340756,3.966203415575268,3.954764936570963,3.954764936570963,3.966203415575268,3.0860724387415988,3.0924182783284087,3.0924182783284087,3.0860724387415988,4.044739510379428
400.0,84.0,13.15,4.07,2.75,2626.68,4.983315209615366,4.9832987415577685,4.983298741557798,4.983315209615366,20.220031342977464,20.22050380007592,20.22050379971428,20.220031342977464,3.9430450889368864,3.9118910833900857,3.9118910833900857,3.9430450889368864,3.0770644777086766,3.0929750497613666,3.0929750497613666,3.0770644777086766,3.6687427797998615
400.0,84.21,23.65,3.34,4.04,4770.28,4.9684737690610055,4.989480559245395,4.989480559245395,4.9684737690610055,20.227284713151487,4.129075192842381,4.129075192842381,20.227284713151487,3.989591512418234,3.915431645459248,3.915431645459248,3.989591512418234,0.4087548973339565,3.0908110470767567,3.0908110470767567,0.4087548973339565,2.0214168429561066
400.0,84.65,33.65,5.64,6.45,4892.98,5.003990788236113,5.003990717828652,5.003990717828652,5.003990788236113,20.321082737055992,20.32117528193078,20.32117528193078,20.321082737055992,3.960406837307105,3.947108812519738,3.947108812519738,3.960406837307105,3.0977425850488727,3.1045419547025745,3.1045419547025745,3.0977425850488727,1.969412702772456
400.0,84.82,44.05,6.45,4.12,3058.45,5.054462417201776,5.0544608942237454,5.0544608942237454,5.054462417201776,20.52629997901441,20.52631862879936,20.52631862879936,20.52629997901441,4.005090174937934,3.994184454074437,3.994184454074437,4.005090174937934,3.1262004347589087,3.1317819305684385,3.1317819305684385,3.1262004347589087,3.1464472299499358
400.0,86.46,29.36,5.19,4.04,3529.61,5.062230792854744,5.0622236602518935,5.0622236602518935,5.062230792854744,20.553082255312024,20.55313310936245,20.55313310936245,20.553082255312024,4.011942847600824,3.9958012542474335,3.9958012542474335,4.011942847600824,3.1290684864650538,3.137322941522144,3.137322941522144,3.1290684864650538,2.723321920279921
400.0,87.42,74.9,2.73,5.82,363.4,5.932870953774105,5.93270079711472,5.93270079711472,5.932870953774105,24.592827600291702,24.59406416293189,24.59406416293189,24.592827600291702,4.630465090961582,4.647195849890476,4.647195849890476,4.630465090961582,3.601963055516291,3.594645181552364,3.594645181552364,3.601963055516291,25.34828416928805
400.0,88.46,39.78,6.35,5.08,2651.78,5.165941385128123,5.1659153910182125,5.1659153910182125,5.165941385128123,20.969567956295556,20.96954029292543,20.96954029292543,20.969567956295556,4.10099570038493,4.087344214102864,4.087344214102864,4.10099570038493,3.187661457358812,3.194653009603859,3.194653009603859,3.187661457358812,3.610997751685927
400.0,90.14,81.04,5.38,3.09,4447.37,5.287152504833289,5.287097029968626,5.287097029968626,5.287152504833289,21.468415448679583,21.467976364033834,21.467976364033834,21.468415448679583,4.207536018312172,4.199400920987396,4.199400920987396,4.207536018312172,3.261456372907634,3.265474914686943,3.265474914686943,3.261456372907634,2.144777395607536
400.0,90.67,29.29,4.49,5.66,886.92,5.4076614970930414,5.407631012994521,5.407631012994521,5.4076614970930414,21.879908655140248,21.87992855754894,21.87992855754894,21.879908655140248,4.2866696838965455,4.263767852717317,4.263767852717317,4.2866696838965455,3.3072914817637327,3.318593041814261,3.318593041814261,3.3072914817637327,10.680080902925384
400.0,90.81,98.98,5.44,2.93,1161.89,5.554338209824676,5.554389714853678,5.554389714853678,5.554338209824676,22.469805838083808,22.46989561829498,22.46989561829498,22.469805838083808,4.3956668809626445,4.402300950198233,4.402300950198233,4.3956668809626445,3.4020355567862204,3.398721911765627,3.398721911765627,3.4020355567862204,8.112342855409198
400.0,93.61,98.11,5.21,6.46,4736.69,5.475210721993012,5.474762088229969,5.474762088229969,5.475210721993012,22.190716855522187,22.18834617535564,22.18834617535564,22.190716855522187,4.348653210071194,4.346018440845247,4.346018440845247,4.348653210071194,3.3659937965585587,3.366907613620047,3.366907613620047,3.3659937965585587,1.9961392575145929
400.0,93.65,65.26,3.95,2.65,4312.5,5.374095026526617,5.374013167659074,5.374013167659074,5.374095026526312,21.838797054792373,21.839225077011683,21.839225077011683,21.83879705482587,4.275724585382885,4.264710428545186,4.264710428545186,4.275724585382885,3.3337187536365844,3.338805838419024,3.338805838419024,3.3337187536365844,2.1998375109665806
400.0,93.89,48.33,6.0,6.09,1042.35,5.558561335044656,5.558342577009372,5.558342577009372,5.558561335044656,22.45821599909728,22.45697498279896,22.45697498279896,22.45821599909728,4.386428814376826,4.391746872230357,4.391746872230357,4.386428814376826,3.3989353467395347,3.3962731010484934,3.3962731010484934,3.3989353467395347,9.020385341432883
400.0,96.95,39.96,5.89,3.31,3282.07,5.463245713254297,5.463148295078104,5.463148295078104,5.463245713254297,22.11419794613648,22.11386041727352,22.11386041727352,22.11419794613648,4.33401692865136,4.315124091168953,4.315124091168953,4.33401692865136,3.3497713076985907,3.359087677162925,3.359087677162925,3.3497713076985907,2.8746794948181207
400.0,97.05,38.48,4.79,5.32,3688.33,5.45249077305736,5.452391977461485,5.452391977461485,5.45249077305736,22.074202498508537,22.07390722595159,22.07390722595159,22.074202498508537,4.326467278577494,4.307114298655958,4.307114298655958,4.326467278577494,3.344314270723376,3.353858157020431,3.353858157020431,3.344314270723376,2.5591684696345856
450.0,10.88,30.16,3.53,5.41,4105.99,3.1563846035394247,3.165444387107576,3.165444387107576,3.1563846035394247,5.006322906202765,10.50611844430493,10.50611844430493,5.006322906202765,1.8122747195348892,1.7955982185214203,1.7955982185214203,1.8122747195348892,1.6012753830288762,0.7354090371943157,0.7354090371943157,1.6012753830288762,2.009165045884984
450.0,12.64,17.09,4.78,2.82,1227.4,3.2803933923286213,3.2897567229004405,3.2897567229004405,3.2803933923286213,11.20181426470795,11.232168758400707,11.232168758400707,11.20181426470795,1.8906966493690127,1.8652292578689589,1.8652292578689589,1.8906966493690127,1.697779291235609,1.7646361806422937,1.7646361806422937,1.697779291235609,6.90049175366195
450.0,12.7,42.32,2.89,5.5,2812.66,3.244896750089831,3.2535279504790977,3.2535279504790977,3.244896750089831,11.049638904832651,11.0766457251101,11.0766457251101,11.049638904832651,1.871890388692742,1.8593699548418237,1.8593699548418237,1.871890388692742,1.6952392478337353,1.7273840470825923,1.7273840470825923,1.6952392478337353,3.002662692743076
450.0,13.17,33.34,4.1,4.07,3831.13,3.220258509863121,3.228902779976788,3.228902779976788,3.220258509863121,10.902652881554916,10.929357654470184,10.929357654470184,10.902652881554916,1.857697486963082,1.8424456431760137,1.8424456431760137,1.857697486963082,1.6695757467193106,1.7088913666521015,1.7088913666521015,1.6695757467193106,2.191267626441773
450.0,14.9,30.07,5.28,6.3,1300.24,3.3567334305123606,3.36503956265674,3.36503956265674,3.3567334305123606,11.694272345417604,11.721187364834416,11.721187364834416,11.694272345417604,1.9375496542052104,1.9210357400815905,1.9210357400815905,1.9375496542052104,1.7860000732162749,1.829209627271436,1.829209627271436,1.7860000732162749,6.6365610897425
450.0,16.06,18.15,5.79,6.31,4022.03,3.2645793324726267,3.273166807714376,3.273166807714376,3.2645793324726267,11.188869767311347,11.216928658471,11.216928658471,11.188869767311347,1.8919994297569167,1.867574018645779,1.867574018645779,1.8919994297569167,1.702016243885303,1.7662004583837103,1.7662004583837103,1.702016243885303,2.108907836641456
450.0,16.55,17.97,5.94,5.89,2416.67,3.307102140353087,3.3155627555954807,3.3155627555954807,3.307102140353087,11.434511363489158,11.462248138400408,11.462248138400408,11.434511363489158,1.9166229289743544,1.8919402218302648,1.8919402218302648,1.9166229289743544,1.7382356146946552,1.8031948189196487,1.8031948189196487,1.7382356146946552,3.5396695057347016
450.0,17.84,58.31,2.71,4.43,2556.43,3.4061010558571017,3.4136482789013303,3.4136482789013303,3.4061010558571017,12.062952940723864,12.087789013543444,12.087789013543444,12.062952940723864,1.9738310316035652,1.9644352893106247,1.9644352893106247,1.9738310316035652,1.8558532730886257,1.880277660781691,1.880277660781691,1.8558532730886257,3.4256821425939528
450.0,18.38,12.59,6.48,4.63,532.74,3.618136055001774,3.626621385742959,3.626621385742959,3.618136055001774,13.10298314843108,13.133504688132255,13.133504688132255,13.10298314843108,2.0723986008948234,2.040453481984685,2.040453481984685,2.0723986008948234,1.973432232844774,2.0585958992474254,2.0585958992474254,1.973432232844774,16.83358440178066
450.0,20.56,71.16,3.26,6.47,3652.67,3.47707919267004,3.4839321831357632,3.4839321831357632,3.47707919267004,12.511426299548544,12.534454946445765,12.534454946445765,12.511426299548544,2.0171349366174223,2.0092429847973614,2.0092429847973614,2.0171349366174223,1.928313856171132,1.9488366758502709,1.9488366758502709,1.928313856171132,2.433147477774979
450.0,20.64,14.88,4.88,3.57,2316.54,3.4026441179557847,3.4104878581826967,3.4104878581826967,3.4026441179557847,12.026100951197536,12.052541694614265,12.052541694614265,12.026100951197536,1.9773290127570764,1.9491081571395277,1.9491081571395277,1.9773290127570764,1.8249082529790648,1.899832319638826,1.899832319638826,1.8249082529790648,3.766372530071452
450.0,24.02,53.81,5.05,5.56,4444.72,3.520137743050728,3.526504556879352,3.526504556879352,3.520137743050728,12.76835247330686,12.79004854649764,12.79004854649764,12.76835247330686,2.041225275340385,2.0314612884302385,2.0314612884302385,2.041225275340385,1.9660711615925268,1.991719490779536,1.991719490779536,1.9660711615925268,2.012382311015059
450.0,25.22,41.41,2.58,4.28,3619.37,3.5350716543331053,3.541326183010213,3.541326183010213,3.5350716543331053,12.84529686933754,12.86687029614528,12.86687029614528,12.84529686933754,2.048549935766636,2.036397311671089,2.036397311671089,2.048549935766636,1.9743160324457891,2.006461096810644,2.006461096810644,1.9743160324457891,2.4743297936995843
450.0,25.55,22.32,2.57,4.99,605.32,3.7701097934874257,3.776517647348676,3.776517647348676,3.7701097934874257,13.993098265339672,14.016629388485528,14.016629388485528,13.993098265339672,2.144902794890477,2.1238332355843723,2.1238332355843723,2.144902794890477,2.125623033343307,2.182582051444983,2.182582051444983,2.125623033343307,15.149143172170556
450.0,27.81,87.58,4.94,5.03,3175.73,3.689930277509584,3.695200359586404,3.695200359586404,3.689930277509584,13.735736453967336,13.754341998165373,13.754341998165373,13.735736453967336,2.125817130514972,2.1193895388839694,2.1193895388839694,2.125817130514972,2.1186818015599904,2.1356916266993986,2.1356916266993986,2.1186818015599904,2.8898822277625
450.0,29.43,26.25,3.15,6.0,2707.77,3.6313583957553375,3.6369531248233007,3.6369531248233007,3.6313583957553375,13.382800223915364,13.402624693605484,13.402624693605484,13.382800223915364,2.0979276380653484,2.0798798993195917,2.0798798993195917,2.0979276380653484,2.048494216920842,2.096792341095989,2.096792341095989,2.048494216920842,3.3499313897444822
450.0,30.18,43.33,6.15,2.85,917.39,3.811939761214204,3.8173072325126247,3.817307232512476,3.811939761214204,14.29697502344368,14.316534252759276,14.316534253625834,14.29697502344368,2.200958204637708,2.1568377472530016,2.1568377472530016,2.200958204637708,2.1900192082646948,2.221284827088442,2.221284827088442,2.1900192082646948,10.080833120936498
450.0,30.72,39.36,4.57,3.74,4479.02,3.6555195497560007,3.6607755429478113,3.6607755429478113,3.655519549755932,13.541910915427207,13.560415234358874,13.560415234358874,13.541910916243936,2.110222520281344,2.0976726050816947,2.0976726050816947,2.110222520281344,2.0815783388761213,2.11522152815369,2.11522152815369,2.0815783388761213,2.034783749377449
450.0,31.24,32.14,5.94,2.66,4437.17,3.653909388392356,3.6591280220322098,3.65912802203219,3.653909388392356,13.530367462114516,13.548930524689425,13.548930526338712,13.530367462114516,2.1100727761507936,2.0950565066124374,2.0950565066124374,2.1100727761507936,2.076495244778402,2.1168572188995567,2.1168572188995567,2.076495244778402,2.0524940509074927
450.0,31.36,18.79,5.63,2.85,4735.72,3.630535690629281,3.6358854878786455,3.6358854878786455,3.630535690629281,13.397136733192609,13.416274673258515,13.416274673258515,13.397136733192609,2.1024384772215887,2.078408487629896,2.078408487629896,2.1024384772215887,2.0441913504460376,2.1086869746422807,2.1086869746422807,2.0441913504460376,1.9156863713605985
450.0,31.6,56.02,4.59,5.31,903.99,3.8746269712109873,3.879406650187823,3.879406650187823,3.8746269712109873,14.647907934794254,14.666444775685662,14.666444775685662,14.647907934794254,2.321252349622836,2.271634743183093,2.271634743183093,2.321252349622836,2.24656645335116,2.2714434182328205,2.2714434182328205,2.24656645335116,10.306719158283332
450.0,33.02,44.2,4.48,3.09,4117.32,3.7232996886549015,3.72811559317068,3.72811559317068,3.7232996886549015,13.917806949704016,13.935033440367022,13.935033440367022,13.917806949704016,2.1412820390249894,2.1300014336051865,2.1300014336051865,2.1412820390249894,2.1405745859782814,2.1708763442649235,2.1708763442649235,2.1405745859782814,2.232620883511448
450.0,35.28,76.6,4.18,4.87,2200.78,3.8780494959008616,3.8820224845055433,3.8820224845055433,3.8780494959007066,14.748232616507323,14.763495460683068,14.763495460683068,14.748232617510077,2.361436090649514,2.3242917742205083,2.3242917742205083,2.361436090649514,2.271177717798194,2.289840667257435,2.289840667257435,2.271177717798194,4.250778626390196
450.0,39.17,54.9,2.98,6.02,3574.62,3.902827846158083,3.906433408930941,3.906433408930941,3.902827846157409,14.897192221976972,14.911120174897276,14.911120174897276,14.89719222301837,2.4211995422706964,2.37183378778274,2.37183378778274,2.4211995422706964,2.2925150996173302,2.3173016600269087,2.3173016600269087,2.2925150996173302,2.6215197517607502
450.0,39.98,91.29,5.43,4.71,2830.34,3.9965212357874327,3.9997202467584616,3.9997202467584616,3.9965212357874327,15.406843556663029,15.419365322762108,15.419365322762108,15.406843556663029,2.589848605454696,2.558338953474221,2.558338953474221,2.589848605454696,2.3738733652450854,2.3898135531496965,2.3898135531496965,2.3738733652450854,3.3430794558686263
450.0,40.93,10.83,3.65,6.07,3347.69,3.87201128771429,3.876018318605012,3.876018318605012,3.87201128771429,14.712094130325,14.727884418692796,14.727884418692796,14.712094130325,2.4257904652500395,2.230913080121423,2.230913080121423,2.4257904652500395,2.2284051954933064,2.325696420372419,2.325696420372419,2.2284051954933064,2.783544403618078
450.0,41.53,42.07,4.15,2.61,2478.45,3.954196553591227,3.95759672694566,3.95759672694566,3.954196553591227,15.157633077005285,15.170975532542986,15.170975532542986,15.157633077005285,2.5161939354952434,2.453403422643176,2.453403422643176,2.5161939354952434,2.327694205943593,2.3591835683818325,2.3591835683818325,2.327694205943593,3.792538559873552
450.0,42.54,45.86,4.69,4.82,4098.88,3.959132185362341,3.962369824175064,3.962369824175064,3.959132185362341,15.203403165822452,15.215939253828855,15.215939253828855,15.203403165822452,2.531836754787365,2.473954341475677,2.473954341475677,2.531836754787365,2.337271305340765,2.366437014264708,2.366437014264708,2.337271305340765,2.296176241698846
450.0,45.08,83.6,5.12,3.88,1467.24,4.165614864255824,4.168310077835262,4.168310077835262,4.165614864255824,16.25505747877882,16.26583774131526,16.26583774131526,16.25505747877882,2.867753581067936,2.8336548810253563,2.8336548810253563,2.867753581067936,2.4988081152392128,2.5161043727174883,2.5161043727174883,2.4988081152392128,6.510952518100825
450.0,47.73,96.51,2.65,4.69,1298.12,4.2717025411211,4.274039957970039,4.274039957970039,4.2717025411211,16.794744737690213,16.80420720975289,16.80420720975289,16.794744737690213,3.0353889751371,3.005202900017853,3.005202900017853,3.0353889751371,2.5795097958689484,2.5948606743181637,2.5948606743181637,2.5795097958689484,7.4013372923970415
450.0,50.12,87.38,4.1,3.14,3873.31,4.216000736397446,4.218113601601649,4.218113601601649,4.216000736397446,16.555489161470312,16.564045811523872,16.564045811523872,16.555489161470312,2.968026205833452,2.9355070620733095,2.9355070620733095,2.968026205833452,2.548344930161666,2.5648561813097417,2.5648561813097417,2.548344930161666,2.475236202650661
450.0,50.66,53.61,3.05,2.99,4019.95,4.166788623073916,4.169073960044954,4.169073960044954,4.166788623073916,16.293086095939362,16.30217205753964,16.30217205753964,16.293086095939362,2.891223561150584,2.840831341216212,2.840831341216212,2.891223561150584,2.504563427250195,2.530068162775292,2.530068162775292,2.504563427250195,2.3744893363927098
450.0,50.95,34.77,5.84,3.7,928.45,4.297728788472052,4.300182386669633,4.300182386669633,4.297728788472052,16.87380676037535,16.884125726106674,16.884125726106674,16.87380676037535,3.0742471615678304,2.9979384815677133,2.9979384815677133,3.0742471615678304,2.5768009353369767,2.6154477336565995,2.6154477336565995,2.5768009353369767,10.316027322442665
450.0,51.7,81.28,3.7,5.65,2590.09,4.273216963772616,4.275233593263216,4.275233593263216,4.273216963772616,16.83263122541347,16.840879041740852,16.840879041740852,16.83263122541347,3.052836613006484,3.0179676181186608,3.0179676181186608,3.052836613006484,2.5876879905882424,2.605399295779394,2.605399295779394,2.5876879905882424,3.7091897672149536
450.0,52.15,49.21,5.15,6.35,1396.55,4.290244354396441,4.292459364170343,4.292459364170343,4.290244354396441,16.875991909925368,16.885118522638884,16.885118522638884,16.875991909925368,3.069722472052649,3.014492013793048,3.014492013793048,3.069722472052649,2.585836052541643,2.613836486850855,2.613836486850855,2.585836052541643,6.867585042092819
450.0,52.54,79.75,4.53,5.88,3727.56,4.2695811506029,4.271523529019836,4.271523529019836,4.2695811506029,16.824876489992818,16.832750086813824,16.832750086813824,16.824876489992818,3.0519671767390286,3.0165777931183366,3.0165777931183366,3.0519671767390286,2.5875288962156766,2.6055006146520885,2.6055006146520885,2.5875288962156766,2.577286277414104
450.0,52.72,48.27,4.13,6.43,638.19,4.466919568297476,4.469198117421782,4.469198117421782,4.466919568297483,17.676790263551887,17.686308796401182,17.686308796401182,17.67679026293842,3.300431246346661,3.242735175127786,3.242735175127786,3.300431246346661,2.6953843850225248,2.724557547431236,2.724557547431236,2.6953843850225248,15.094816255841256
450.0,56.11,49.74,3.13,3.72,3793.32,4.299733764186464,4.301554442985526,4.301554442985526,4.299733764186464,16.965364668346155,16.972624060116477,16.972624060116477,16.965364668346155,3.101858673158532,3.0473156778670507,3.0473156778670507,3.101858673158532,2.603543733754436,2.6311968567406767,2.6311968567406767,2.603543733754436,2.5306938269483528
450.0,56.22,32.2,3.16,2.99,3364.82,4.275731737344794,4.277638998438699,4.277638998438699,4.275731737344794,16.83533407333074,16.843055973930127,16.843055973930127,16.83533407333074,3.073693324822029,2.992282823892276,2.992282823892276,3.073693324822029,2.577165993105188,2.6183715363033038,2.6183715363033038,2.577165993105188,2.847152264190022
450.0,58.13,95.82,4.66,5.64,4686.59,4.431382661437945,4.4327700354260005,4.4327700354260005,4.4313826614384,17.635268509027576,17.64095179698306,17.64095179698306,17.63526850766371,3.293989609770404,3.263572480321969,3.263572480321969,3.293989609770404,2.7093236319382443,2.7247440719036677,2.7247440719036677,2.7093236319382443,2.062280366340768
450.0,60.21,87.26,2.9,3.14,3492.64,4.477502150873249,4.478797520868686,4.478797520868686,4.477502150873249,17.848991766155883,17.854120162396406,17.854120162396406,17.848991766155883,3.3549473105263226,3.321603479270339,3.321603479270339,3.3549473105263226,2.7389888429197926,2.7558892571544518,2.7558892571544518,2.7389888429197926,2.7675653384613663
450.0,61.01,94.61,3.87,2.78,4000.6,4.506936436014812,4.5081362339546525,4.5081362339546525,4.506936436014812,17.997286188460752,18.00195248540725,18.00195248540725,17.997286188460752,3.3968282763220845,3.36571850302208,3.36571850302208,3.3968282763220845,2.761449219372808,2.777224979349972,2.777224979349972,2.761449219372808,2.4185820331398267
450.0,62.34,84.87,3.83,4.93,2663.72,4.553265639811186,4.554429416765641,4.554429416765641,4.553265639811186,18.205336109977505,18.2100137488706,18.2100137488706,18.205336109977505,3.4546148732258426,3.4200124751015037,3.4200124751015037,3.4546148732258426,2.7896105937497206,2.8071599236282863,2.8071599236282863,2.7896105937497206,3.633098161288775
450.0,62.92,30.06,5.3,3.16,405.35,4.888432330957109,4.890109310152714,4.890109310152714,4.888432330957109,19.584647245747327,19.59212087498788,19.59212087498788,19.584647245747327,3.826473856637477,3.7310077017283367,3.7310077017283367,3.826473856637477,2.953045713141734,3.001463371137232,3.001463371137232,2.953045713141734,23.800145038275996
450.0,64.0,18.68,5.72,5.3,2543.07,4.47476058650721,4.476134340943752,4.476134340943752,4.47476058650721,17.800498019152514,17.806715717409766,17.806715717409766,17.800498019152514,3.385582230050349,3.248355266633584,3.248355266633584,3.385582230050349,2.704950544183191,2.7742524703257883,2.7742524703257883,2.704950544183191,3.786614455667201
450.0,64.55,38.15,5.81,3.34,3318.85,4.504402794378346,4.5056368991589455,4.5056368991589455,4.504402794378346,17.95755529887563,17.962932811110804,17.962932811110804,17.95755529887563,3.400142880384044,3.328565536938786,3.328565536938786,3.400142880384044,2.745115922842928,2.781299872218389,2.781299872218389,2.745115922842928,2.906013231832264
450.0,64.56,35.18,3.35,2.74,3271.15,4.497591633173894,4.498855345856094,4.498855345856094,4.497591633173894,17.92363094204264,17.928821651395637,17.928821651395637,17.92363094204264,3.3927749964961618,3.3156632007756883,3.3156632007756883,3.3927749964961618,2.738674170565629,2.777639141800372,2.777639141800372,2.738674170565629,2.947272962182362
450.0,66.44,52.45,5.46,4.53,2105.11,4.621467306041216,4.622524294470449,4.622524294470449,4.621467306041216,18.5047763150152,18.509326322507555,18.509326322507555,18.5047763150152,3.5428435215527214,3.4884103659404087,3.4884103659404087,3.5428435215527214,2.8271984560115286,2.854776365926204,2.854776365926204,2.8271984560115286,4.5914417365045335
450.0,69.12,49.04,3.2,5.94,1621.0,4.719489179866912,4.7204256644431615,4.7204256644431615,4.719489179866912,18.947668877127025,18.95149112045934,18.95149112045934,18.947668877127025,3.661782585997392,3.6027302587428696,3.6027302587428696,3.661782585997392,2.8885930520442367,2.9185265949053623,2.9185265949053623,2.8885930520442367,5.963166747927971
450.0,69.76,15.48,5.81,5.47,2367.09,4.631028397517121,4.63207517804622,4.63207517804622,4.631028397517121,18.538639884108758,18.543527533921694,18.543527533921694,18.538639884108758,3.6041087742209537,3.438855745081816,3.438855745081816,3.6041087742209537,2.805014825293493,2.8885217509071044,2.8885217509071044,2.805014825293493,4.075553573711166
450.0,70.44,93.91,6.27,6.3,4168.34,4.774638435113896,4.77523938443312,4.77523938443312,4.774638435113896,19.243407235256416,19.245925680193945,19.245925680193945,19.243407235256416,3.734176624351184,3.701301465091229,3.701301465091229,3.734176624351184,2.9414608351016907,2.958172695300042,2.958172695300042,2.9414608351016907,2.3247098582955115
450.0,72.71,87.89,3.86,2.8,2470.92,4.855703485902729,4.856240472429385,4.856240472429385,4.855703485902729,19.591098527261,19.59291780478949,19.59291780478949,19.591098527261,3.821570433066124,3.785896030605011,3.785896030605011,3.821570433066124,2.9889656038735195,3.007094705186382,3.007094705186382,2.9889656038735195,3.916284127308879
450.0,73.29,36.93,3.89,3.8,3394.17,4.743533852528884,4.744264536810468,4.744264536810468,4.743533852528884,19.07351647308475,19.076537718624092,19.076537718624092,19.07351647308475,3.7052679784890734,3.62818530498846,3.62818530498846,3.7052679784890734,2.9053197960149606,2.9443695484458328,2.9443695484458328,2.9053197960149606,2.8456833095845697
450.0,76.36,14.93,2.73,4.66,720.34,5.000595676576007,5.00186232145378,5.00186232145378,5.000595676576007,20.22238902012046,20.22295212409627,20.22295212409627,20.22238902012046,4.034740156886488,3.8522165811163194,3.8522165811163194,4.034740156886488,3.0258796687621654,3.1156335173670686,3.1156335173670686,3.0258796687621654,13.349912288222312
450.0,77.13,81.15,5.28,4.14,998.17,5.120159817154545,5.120526221159755,5.120526221159755,5.120159817154842,20.69347945973135,20.694800340715144,20.694800340715144,20.693479459546975,4.086225297595425,4.045080124337222,4.045080124337222,4.086225297595425,3.1395877251700264,3.160529164719493,3.160529164719493,3.1395877251700264,9.647234052523903
450.0,77.52,37.91,3.14,2.57,1991.23,4.90788849238352,4.908417718639393,4.908417718639393,4.90788849238352,19.794051906125247,19.740479966452828,19.740479966452828,19.794051906125247,3.8872876299538546,3.809250510870712,3.809250510870712,3.8872876299538546,3.024821638068071,3.0377571105371186,3.0377571105371186,3.024821638068071,4.842364249996265
450.0,77.66,81.74,3.02,3.26,3253.07,4.959609960674977,4.964784050052408,4.964784050052408,4.959609960674977,20.03000468762128,19.965346360179595,19.965346360179595,20.03000468762128,3.959345019817515,3.905702710064884,3.905702710064884,3.959345019817515,3.0486939085548053,3.07033319800258,3.07033319800258,3.0486939085548053,2.96793950936136
450.0,78.3,77.0,6.32,5.07,4981.22,4.965528383777196,4.965794456770491,4.965794456770491,4.965528383777006,20.0779917089758,20.07913318406232,20.07913318406232,20.0779917089778,3.945351750691145,3.903964136027232,3.903964136027232,3.945351750691145,3.059369230108746,3.080408797745435,3.080408797745435,3.059369230108746,1.938720168267059
450.0,79.6,86.37,3.48,4.2,604.04,5.375663916487317,5.375933853673,5.375933853673,5.375663916487206,21.70691442020192,21.70757614087056,21.70757614087056,21.70691442018685,4.310444982039116,4.268470816806043,4.268470816806043,4.310444982039116,3.278141373669271,3.2988217076122814,3.2988217076122814,3.278141373669271,15.820426364885728
450.0,79.61,43.05,4.5,3.21,3393.18,4.946396066675048,4.946782531231093,4.946782531231093,4.946396066675048,19.97454421338971,19.97602637100284,19.97602637100284,19.97454421338971,3.929488449205499,3.859308244258445,3.859308244258445,3.929488449205499,3.0363075614745623,3.0719253922048213,3.0719253922048213,3.0363075614745623,2.8414187675927547
450.0,80.66,28.71,5.69,3.57,1639.59,5.020370799943136,5.020799907299732,5.020799907299732,5.020370799943136,20.267427191312045,20.26946655170342,20.26946655170342,20.267427191312045,4.012861154837354,3.909891679527342,3.909891679527342,4.012861154837354,3.0670428635105327,3.119294702776141,3.119294702776141,3.0670428635105327,5.868934774085641
450.0,82.0,11.09,5.79,4.48,357.95,5.571640228774808,5.566743197303861,5.566743197303861,5.571640228774808,22.399644868413283,22.3760135983194,22.3760135983194,22.399644868413283,4.52893045211138,4.304586040511213,4.304586040511213,4.52893045211138,3.322092486338697,3.4330884060682147,3.4330884060682147,3.322092486338697,26.427394197092404
450.0,82.46,95.6,4.8,3.41,4798.28,5.142997480725826,5.143003451807589,5.143003451807589,5.142997480725826,20.832198699868023,20.83187927152819,20.83187927152819,20.832198699868023,4.122170841887764,4.086439930977984,4.086439930977984,4.122170841887764,3.168350886010507,3.186532238225627,3.186532238225627,3.168350886010507,2.0056111581284783
450.0,84.15,57.74,2.74,4.85,1405.49,5.177479028044664,5.1777219359244615,5.1777219359244615,5.177479028044664,21.326163576164724,21.19269331717791,21.19269331717791,21.326163576164724,4.185294553019482,4.12751379727142,4.12751379727142,4.185294553019482,3.160673109223453,3.209894706386656,3.209894706386656,3.160673109223453,6.817607338813366
450.0,84.67,16.39,4.57,3.03,1733.95,5.112658184981472,5.113023236677065,5.113023236677065,5.112658184981472,20.65207015871776,20.65371865757373,20.65371865757373,20.65207015871776,4.136287565037319,3.9643280780035095,3.9643280780035095,4.136287565037319,3.105613273123894,3.1922723405036675,3.1922723405036675,3.105613273123894,5.533223632496824
450.0,85.27,84.51,4.86,6.33,3533.15,5.239483733651028,5.239425417076119,5.239425417076119,5.239483733651028,21.219141735993126,21.2184097973139,21.2184097973139,21.219141735993126,4.210516875567652,4.169333419565616,4.169333419565616,4.210516875567652,3.2217391337647774,3.2423011182150283,3.2423011182150283,3.2217391337647774,2.7148776728694046
450.0,86.95,95.74,5.74,5.77,4661.49,5.311040673328449,5.310846061282125,5.310846061282125,5.311040673328449,21.51244208350817,21.51126186701532,21.51126186701532,21.51244208350817,4.274938280073821,4.237336096709721,4.237336096709721,4.274938280073821,3.2654911712733194,3.2839130003790538,3.2839130003790538,3.2654911712733194,2.05332629434936
450.0,90.99,64.34,4.58,4.85,2726.49,5.4135208783015925,5.4133128319757295,5.4133128319757295,5.4135208783015925,21.89067140013968,21.889417423800428,21.889417423800428,21.89067140013968,4.359433875389699,4.303639784842948,4.303639784842948,4.359433875389699,3.3139140472994177,3.3411980968144577,3.3411980968144577,3.3139140472994177,3.4905237888124865
450.0,95.95,87.26,3.45,6.11,4255.29,5.592603401749061,5.591126622913526,5.591126622913526,5.592603401749061,22.902549511801343,22.810137688870725,22.810137688870725,22.902549511801343,4.503878081451717,4.509345695547948,4.509345695547948,4.503878081451717,3.474100198200214,3.4365334075706366,3.4365334075706366,3.474100198200214,2.2137546110365194
450.0,95.97,82.33,6.06,4.51,991.33,5.880297573198658,5.88013581970371,5.88013581970371,5.880297573198658,23.553070263255822,23.55412133028324,23.55412133028324,23.553070263255822,4.641807615964462,4.673444961813972,4.673444961813972,4.641807615964462,3.5727826083381604,3.5564835179323917,3.5564835179323917,3.5727826083381604,9.390413297058991
450.0,99.94,19.31,6.34,5.96,460.93,6.3535797715362365,6.351287792232782,6.351287792232782,6.3535797715362365,24.72107341887262,24.72881764650076,24.72881764650076,24.72107341887262,4.836489944305959,4.862828148206189,4.862828148206189,4.836489944305959,3.7337953559722954,3.7185022128425658,3.7185022128425658,3.7337953559722954,19.68510394678452
