Vout,ronp,rons,vfp,vfs,sw_p1,sw_p2,sw_p3,sw_p4,cond_p1,cond_p2,cond_p3,cond_p4,sw_s1,sw_s2,sw_s3,sw_s4,cond_s1,cond_s2,cond_s3,cond_s4,core_t1
400.0,110.2,89.079,6.309,3.513,1.6270313259433633,1.6269517582952853,1.6269517582952853,1.6270313259433633,2.773232853538807,2.772885132870215,2.772885132870215,2.773232853538807,1.7450834543077396,1.7449477244937068,1.7449477244937068,1.7450834543077396,0.464979658832997,0.4649927705112397,0.4649927705112397,0.464979658832997,20.046381147499385
400.0,110.443,32.6,3.413,3.005,1.628060215343602,1.6279810258750662,1.6279810258750662,1.628060215343602,2.7676548692430587,2.7673085446575367,2.7673085446575367,2.7676548692430587,1.738036568056004,1.737894871739913,1.737894871739913,1.738036568056004,0.4638056335350424,0.4638320307511053,0.4638320307511053,0.4638056335350424,20.009636525357053
400.0,110.544,48.017,4.417,4.824,1.6277374212571971,1.627658058906134,1.627658058906134,1.6277374212571971,2.769417475932724,2.7690701545823115,2.7690701545823115,2.769417475932724,1.7400689141398782,1.7399307167586602,1.7399307167586602,1.7400689141398782,0.4641803462463096,0.4642002756773979,0.4642002756773979,0.4641803462463096,20.01965478444032
400.0,111.206,18.859,3.28,3.377,1.6281415977124252,1.628061982306651,1.628061982306651,1.6281415977124252,2.7673270872968008,2.7669771490163555,2.7669771490163555,2.7673270872968008,1.737073462723818,1.7369157722738038,1.7369157722738038,1.737073462723818,0.4637351307286822,0.4637857873352457,0.4637857873352457,0.4637351307286822,20.000674461308137
400.0,111.541,31.268,2.674,4.226,1.6278242400148863,1.62774488504854,1.62774488504854,1.6278242400148863,2.7691334357155006,2.768786693532391,2.768786693532391,2.7691334357155006,1.738609710459602,1.7384660911836316,1.7384660911836316,1.738609710459602,0.4641261108771492,0.4641548494879763,0.4641548494879763,0.4641261108771492,20.008727897867296
400.0,111.816,93.082,5.958,4.884,1.6265737555351745,1.6264936142493798,1.6264936142493798,1.6265737555351745,2.776053766606715,2.775703068444074,2.775703068444074,2.776053766606715,1.7466965701260762,1.7465605191207063,1.7465605191207063,1.7466965701260762,0.4655889333673595,0.4656014112871875,0.4656014112871875,0.4655889333673595,20.048918952804065
400.0,112.196,66.762,4.96,4.425,1.626985027219842,1.6269050879956852,1.6269050879956852,1.626985027219842,2.7738301182935747,2.7734801816923214,2.7734801816923214,2.7738301182935747,1.7435821343766826,1.743445579301077,1.743445579301077,1.7435821343766826,0.465126501207444,0.4651416019182203,0.4651416019182203,0.465126501207444,20.03177843927523
400.0,112.241,82.071,6.012,3.201,1.6266828701768754,1.6266027563088172,1.6266027563088172,1.6266828701768754,2.775517434883055,2.7751669012787508,2.7751669012787508,2.775517434883055,1.7455738517759467,1.7454374102261845,1.7454374102261845,1.7455738517759467,0.4654809440839566,0.4654946471520613,0.4654946471520613,0.4654809440839566,20.041736238064605
400.0,112.272,30.11,2.96,3.163,1.6276697654247252,1.627590483684108,1.627590483684108,1.6276697654247252,2.770075668586727,2.769729358936427,2.769729358936427,2.770075668586727,1.7389544306762938,1.7388104050171234,1.7388104050171234,1.7389544306762938,0.464333939290598,0.4643631387783396,0.4643631387783396,0.464333939290598,20.0079445690006
400.0,112.494,70.565,4.399,6.346,1.6268419146383024,1.6267617999878727,1.6267617999878727,1.6268419146383024,2.774673942801348,2.774323124625408,2.774323124625408,2.774673942801348,1.7442717567523864,1.7441349430970388,1.7441349430970388,1.7442717567523864,0.4653066830017818,0.4653217492735481,0.4653217492735481,0.4653066830017818,20.03423941926701
400.0,112.608,47.222,5.09,2.768,1.6272611818808849,1.6271814265488926,1.6271814265488926,1.6272611818808849,2.772375409818372,2.772026392421615,2.772026392421615,2.772375409818372,1.7413622135268447,1.741223881956958,1.741223881956958,1.7413622135268447,0.4648244675569678,0.4648436772485404,0.4648436772485404,0.4648244675569678,20.019053622296425
400.0,112.795,86.492,2.682,3.733,1.626470238600782,1.6263896018640285,1.6263896018640285,1.626470238600782,2.7768182649109647,2.776465040569797,2.776465040569797,2.7768182649109647,1.746520968015265,1.746384355859056,1.746384355859056,1.746520968015265,0.4657579252069453,0.4657710930935926,0.4657710930935926,0.4657579252069453,20.044592712249088
400.0,112.818,62.167,2.954,2.967,1.6269253045704302,1.6268451574388345,1.6268451574388345,1.6269253045704302,2.7742642395176427,2.7739130816747104,2.7739130816747104,2.7742642395176427,1.7434184532792378,1.7432816585951236,1.7432816585951236,1.7434184532792378,0.4652244037835141,0.4652398901766807,0.4652398901766807,0.4652244037835141,20.028765691390277
400.0,113.141,19.459,3.664,5.926,1.6276679349541074,1.6275885843225997,1.6275885843225997,1.6276679349541074,2.7702382590822903,2.7698916434620955,2.7698916434620955,2.7702382590822903,1.7384257337254012,1.7382696973749674,1.7382696973749674,1.7384257337254012,0.4643689028734618,0.4644159924308979,0.4644159924308979,0.4643689028734618,20.00098497299009
400.0,113.145,49.876,2.848,2.626,1.627083796632001,1.6270036481722057,1.6270036481722057,1.627083796632001,2.7734549189560824,2.7731038476792094,2.7731038476792094,2.7734549189560824,1.7420678296686096,1.741929601462274,1.741929601462274,1.7420678296686096,0.4650561203138626,0.4650745312721564,0.4650745312721564,0.4650561203138626,20.020759568641605
400.0,113.198,30.129,5.6,4.011,1.6274491768614163,1.6273691917714297,1.6273691917714297,1.6274491768614163,2.771445323786633,2.7710948308891483,2.7710948308891483,2.771445323786633,1.7395792704806017,1.7394351247701283,1.7394351247701283,1.7395792704806017,0.4646312850363377,0.4646601873620667,0.4646601873620667,0.4646312850363377,20.0079172014241
400.0,113.394,97.461,3.888,3.316,1.6261207655737164,1.6260400201836562,1.6260400201836562,1.6261207655737164,2.7788694734596797,2.778515934079655,2.778515934079655,2.7788694734596797,1.7483357322823432,1.7481988619487197,1.7481988619487197,1.7483357322823432,0.466195617814159,0.4662081374880117,0.4662081374880117,0.466195617814159,20.05170334406672
400.0,113.429,16.412,5.965,5.983,1.6276581650945217,1.6275782106237533,1.6275782106237533,1.6276581650945217,2.7703426582000032,2.7699919082759408,2.7699919082759408,2.7703426582000032,1.738382939183246,1.7382182955815098,1.7382182955815098,1.738382939183246,0.4643871302043008,0.4644475247374438,0.4644475247374438,0.4643871302043008,19.99899277238945
400.0,113.818,27.798,3.087,4.28,1.6273451357173552,1.6272652020691631,1.6272652020691631,1.6273451357173552,2.772109927611896,2.771760101964736,2.771760101964736,2.772109927611896,1.7397035914398162,1.7395577104495543,1.7395577104495543,1.7397035914398162,0.4647774133287063,0.4648087299527402,0.4648087299527402,0.4647774133287063,20.006377547962888
400.0,113.895,76.324,5.209,3.93,1.6264024537435522,1.6263219020877562,1.6263219020877562,1.6264024537435522,2.7773664212472795,2.7770137547050213,2.7770137547050213,2.7773664212472795,1.745962968597319,1.7458258703776544,1.7458258703776544,1.745962968597319,0.4658863941682098,0.4659006226061915,0.4659006226061915,0.4658863941682098,20.037927771067004
400.0,114.054,96.378,4.22,3.251,1.6259865623668306,1.6259061094815386,1.6259061094815386,1.6259865623668306,2.779736579697937,2.779385516935206,2.779385516935206,2.779736579697937,1.7486472211957569,1.7485098569940607,1.7485098569940607,1.7486472211957569,0.4663846186699016,0.4663975195584425,0.4663975195584425,0.4663846186699016,20.05096998161351
400.0,114.251,85.97,6.004,4.894,1.626136446342744,1.626055917939936,1.626055917939936,1.626136446342744,2.778922841509968,2.7785709183614107,2.7785709183614107,2.778922841509968,1.7474442455773098,1.7473072694790872,1.7473072694790872,1.7474442455773098,0.4662166156130259,0.4662296870010679,0.4662296870010679,0.4662166156130259,20.04418866333416
400.0,114.322,83.635,6.211,3.761,1.6261642128364249,1.6260830874227483,1.6260830874227483,1.6261642128364249,2.778781479898801,2.778425613556084,2.778425613556084,2.778781479898801,1.7471924351447774,1.7470555931476324,1.7470555931476324,1.7471924351447774,0.4661874917516171,0.4662005055911114,0.4662005055911114,0.4661874917516171,20.04266640611344
400.0,114.45,52.849,3.185,5.439,1.626715390014539,1.626634945076905,1.626634945076905,1.626715390014539,2.775691428084579,2.775339359781488,2.775339359781488,2.775691428084579,1.743334441823991,1.7431955970281936,1.7431955970281936,1.743334441823991,0.4655417252855357,0.4655603166347919,0.4655603166347919,0.4655417252855357,20.022637603164306
400.0,114.498,19.025,2.528,3.683,1.627356597243382,1.6272760545822753,1.6272760545822753,1.627356597243382,2.7722126917124728,2.771859858029432,2.771859858029432,2.7722126917124728,1.7393130031691464,1.7391556689083625,1.7391556689083625,1.7393130031691464,0.464793476918289,0.4648421835813488,0.4648421835813488,0.464793476918289,20.00065168132044
400.0,114.723,41.079,5.003,4.151,1.6268767842326504,1.6267966627290444,1.6267966627290444,1.6268767842326504,2.77485679504145,2.7745063641268146,2.7745063641268146,2.77485679504145,1.742009956994785,1.7418695441450156,1.7418695441450156,1.742009956994785,0.4653672284486576,0.4653889657479439,0.4653889657479439,0.4653672284486576,20.014972043033357
400.0,114.817,58.772,2.791,6.106,1.6265194643829783,1.6264389537415953,1.6264389537415953,1.6265194643829783,2.776878871331804,2.7765264154063702,2.7765264154063702,2.776878871331804,1.744341744802163,1.7442036341817966,1.7442036341817966,1.744341744802163,0.4657924601533834,0.4658091256326372,0.4658091256326372,0.4657924601533834,20.026475272645975
400.0,114.851,37.74,2.588,3.625,1.6269139721820085,1.6268339592723031,1.6268339592723031,1.6269139721820085,2.7747100621590928,2.7743608594255105,2.7743608594255105,2.7747100621590928,1.7416723226067126,1.7415303404425313,1.7415303404425313,1.7416723226067126,0.4653332462277549,0.4653573896749147,0.4653573896749147,0.4653332462277549,20.01280019358161
400.0,115.194,58.937,5.297,4.444,1.6264262287970055,1.6263457881012136,1.6263457881012136,1.6264262287970055,2.7774504038780394,2.7770989118400355,2.7770989118400355,2.7774504038780394,1.7446166892224686,1.7444782583290086,1.7444782583290086,1.7446166892224686,0.4659176325824845,0.4659346307400223,0.4659346307400223,0.4659176325824845,20.02656390501272
400.0,115.33,91.796,4.371,2.802,1.6257743324713674,1.6256935590815775,1.6256935590815775,1.6257743324713674,2.781156778836936,2.780803790973019,2.780803790973019,2.781156778836936,1.7489309737200247,1.7487933903759452,1.7487933903759452,1.7489309737200247,0.4666958349524207,0.4667088401787184,0.4667088401787184,0.4666958349524207,20.04793423995017
400.0,115.46,92.343,3.346,3.545,1.6257302967156948,1.6256489690028564,1.6256489690028564,1.6257302967156948,2.7813956559973905,2.781039053771376,2.781039053771376,2.7813956559973905,1.7490945593472342,1.7489570009268252,1.7489570009268252,1.7490945593472342,0.4667502263214776,0.4667628997068686,0.4667628997068686,0.4667502263214776,20.048285847805587
400.0,115.487,86.862,5.227,3.226,1.6258307970256063,1.6257495398739934,1.6257495398739934,1.6258307970256063,2.7808658326271174,2.7805098805474,2.7805098805474,2.7808658326271174,1.7484030921011675,1.7482656628063031,1.7482656628063031,1.7484030921011675,0.4666364233465272,0.4666495027645918,0.4666495027645918,0.4666364233465272,20.044716787845434
400.0,115.559,99.019,5.307,6.336,1.625586164985389,1.6255048840795563,1.6255048840795563,1.625586164985389,2.7822733512989735,2.7819177656810545,2.7819177656810545,2.7822733512989735,1.7500169316536682,1.749879395172562,1.749879395172562,1.7500169316536682,0.466931615122076,0.4669438818683125,0.4669438818683125,0.466931615122076,20.052625490844417
400.0,115.619,50.786,3.462,5.456,1.626480794717828,1.626400099434236,1.626400099434236,1.626480794717828,2.7772174060067725,2.7768644315386086,2.7768644315386086,2.7772174060067725,1.7438615041583785,1.743722257598254,1.743722257598254,1.7438615041583785,0.4658726230551526,0.4658914990124952,0.4658914990124952,0.4658726230551526,20.021246762260866
400.0,115.772,48.208,3.348,2.547,1.6264894461143098,1.6264088178186145,1.6264088178186145,1.6264894461143098,2.777154454788476,2.776801913784107,2.776801913784107,2.777154454788476,1.7436392833223096,1.7434992332602983,1.7434992332602983,1.7436392833223096,0.4658641879382744,0.4658841586103477,0.4658841586103477,0.4658641879382744,20.019564140112305
400.0,116.329,46.137,4.518,5.082,1.6264012643093553,1.6263207712962984,1.6263207712962984,1.6264012643093553,2.7777787599503103,2.777426787805343,2.777426787805343,2.7777787599503103,1.743748027738876,1.7436072293146267,1.7436072293146267,1.743748027738876,0.4659974369278295,0.4660184747344525,0.4660184747344525,0.4659974369278295,20.018193946541487
400.0,116.728,57.544,2.87,4.696,1.6260933069584311,1.626011982872792,1.626011982872792,1.6260933069584311,2.7795965461272334,2.7792404379702,2.7792404379702,2.7795965461272334,1.7454852216943817,1.7453462376885185,1.7453462376885185,1.7454852216943817,0.4663824185396074,0.4663993616914219,0.4663993616914219,0.4663824185396074,20.025596797361317
400.0,117.074,81.23,6.362,5.342,1.625566231465839,1.625484862785116,1.625484862785116,1.625566231465839,2.782639664654525,2.782283512166223,2.782283512166223,2.782639664654525,1.7487636096456909,1.7486254280354987,1.7486254280354987,1.7487636096456909,0.4670246866002301,0.4670385641468359,0.4670385641468359,0.4670246866002301,20.04098511606072
400.0,117.132,58.267,6.196,5.105,1.625983546898076,1.6259026902894804,1.6259026902894804,1.625983546898076,2.7802700699545775,2.779916684133569,2.779916684133569,2.7802700699545775,1.7458508026713964,1.7457115399315053,1.7457115399315053,1.7458508026713964,0.4665290615285659,0.4665464145106396,0.4665464145106396,0.4665290615285659,20.02604714994051
400.0,117.343,27.716,4.088,3.3,1.6265116907582402,1.6264312820971507,1.6264312820971507,1.6265116907582402,2.77732820278807,2.7769774878978355,2.7769774878978355,2.77732820278807,1.7420776916920373,1.741929489274514,1.741929489274514,1.7420776916920373,0.4659089926127199,0.4659420825945467,0.4659420825945467,0.4659089926127199,20.006177373447365
400.0,117.502,42.87,5.47,5.597,1.626187376696202,1.6261064414053863,1.6261064414053863,1.626187376696202,2.7791800113069405,2.778825723187752,2.778825723187752,2.7791800113069405,1.744126050005242,1.7439850774117869,1.7439850774117869,1.744126050005242,0.466303609081667,0.4663246073908525,0.4663246073908525,0.466303609081667,20.016020457917687
400.0,117.541,27.719,4.522,5.556,1.6264648869017229,1.6263839824469473,1.6263839824469473,1.6264648869017229,2.777625918438084,2.777271538800855,2.777271538800855,2.777625918438084,1.7422126997725609,1.7420646063532157,1.7420646063532157,1.7422126997725609,0.465973336497943,0.4660061914658507,0.4660061914658507,0.465973336497943,20.006170317909707
400.0,117.555,48.291,4.604,5.888,1.6260723294809782,1.625991327000822,1.625991327000822,1.6260723294809782,2.779837662558301,2.7794832639801905,2.7794832639801905,2.779837662558301,1.744858115601731,1.744718081670216,1.744718081670216,1.744858115601731,0.4664427402723501,0.466461787320201,0.466461787320201,0.4664427402723501,20.01954229435489
400.0,117.629,88.843,5.638,6.119,1.6252949956223557,1.6252132712147658,1.6252132712147658,1.6252949956223557,2.7842911638603627,2.7839333096405703,2.7839333096405703,2.7842911638603627,1.7501245679488056,1.7499865973388038,1.7499865973388038,1.7501245679488056,0.4673761504995568,0.4673887718650664,0.4673887718650664,0.4673761504995568,20.04591487690371
400.0,117.779,20.515,2.802,3.29,1.6265472400494576,1.62646620921759,1.62646620921759,1.6265472400494576,2.7772225322998043,2.776867523362854,2.776867523362854,2.7772225322998043,1.7416596041264794,1.7415021714685477,1.7415021714685477,1.7416596041264794,0.4658829605387804,0.4659300023202785,0.4659300023202785,0.4658829605387804,20.00148233811679
400.0,117.796,54.742,3.465,2.902,1.6258921958994996,1.6258115869375582,1.6258115869375582,1.6258921958994996,2.7808766413223127,2.7805245803621226,2.7805245803621226,2.7808766413223127,1.7458535495370346,1.745713323709464,1.745713323709464,1.7458535495370346,0.4666647252084564,0.4666832373435632,0.4666832373435632,0.4666647252084564,20.023727955702945
400.0,118.071,46.605,3.386,3.227,1.6259792567373113,1.6258980018093243,1.6258980018093243,1.6259792567373113,2.7804127018362417,2.780057156719016,2.780057156719016,2.7804127018362417,1.744997962661052,1.7448569113442247,1.7448569113442247,1.744997962661052,0.4665712453835669,0.4665918132333686,0.4665918132333686,0.4665712453835669,20.018426023755133
400.0,118.097,57.319,6.22,3.561,1.6257754491072485,1.6256945044788311,1.6256945044788311,1.6257754491072485,2.781611963376428,2.7812580789528427,2.7812580789528427,2.781611963376428,1.7463869144580575,1.7462474930927632,1.7462474930927632,1.7463869144580575,0.4668205228378339,0.4668377300468385,0.4668377300468385,0.4668205228378339,20.02538934495465
400.0,118.163,74.068,3.418,2.934,1.6254423613010789,1.6253610563813752,1.6253610563813752,1.6254423613010789,2.7834898412913915,2.783134142769088,2.783134142769088,2.7834898412913915,1.748591678832045,1.7484528786229736,1.7484528786229736,1.748591678832045,0.46721770721092,0.467232387173416,0.467232387173416,0.46721770721092,20.03628093451004
400.0,118.219,38.292,2.955,5.846,1.6261063626572771,1.6260249747637434,1.6260249747637434,1.6261063626572771,2.7797676976414567,2.7794111736015696,2.7794111736015696,2.7797676976414567,1.7440294221069368,1.7438869352126134,1.7438869352126134,1.7440294221069368,0.4664324522436176,0.4664556073046798,0.4664556073046798,0.4664324522436176,20.01301702045054
400.0,118.257,69.985,2.625,3.193,1.6255049419740142,1.6254232177941688,1.6254232177941688,1.6255049419740142,2.7832277971222568,2.78287034209222,2.78287034209222,2.7832277971222568,1.7481281697286712,1.7479892568582984,1.7479892568582984,1.7481281697286712,0.4671565420887687,0.4671719390369713,0.4671719390369713,0.4671565420887687,20.033624643207983
400.0,118.327,14.542,5.445,4.391,1.6265301064011188,1.6264483097351468,1.6264483097347513,1.6265301064011188,2.7773978249723807,2.7770381518040104,2.7770381517995544,2.7773978249723807,1.7415646686153978,1.7413867797908664,1.7413867797908664,1.7415646686153978,0.4659115566379662,0.4659897643363077,0.4659897643363077,0.4659115566379662,19.997575295660184
400.0,118.347,88.564,3.345,6.318,1.6251303377932504,1.6250484051581138,1.6250484051581138,1.6251303377932504,2.7853287071983432,2.7849697583694466,2.7849697583694466,2.7853287071983432,1.7505856436739449,1.7504469692114306,1.7504469692114306,1.7505856436739449,0.4676030650616523,0.4676165008125762,0.4676165008125762,0.4676030650616523,20.045703346408484
400.0,118.53,11.764,5.96,2.703,1.626534740787033,1.6264534496286231,1.6264534496286231,1.626534740787033,2.7774024056429347,2.7770464100030443,2.7770464100030443,2.7774024056429347,1.7414919829957207,1.741292802408806,1.741292802408806,1.7414919829957207,0.4658988129512767,0.4660099612618305,0.4660099612618305,0.4658988129512767,19.995761199426973
400.0,118.699,81.763,5.47,3.188,1.6251784771948825,1.6250968014196576,1.6250968014196576,1.6251784771948825,2.7851400746928507,2.7847828288396914,2.7847828288396914,2.7851400746928507,1.7499458788004667,1.749807050275767,1.749807050275767,1.7499458788004667,0.4675649499271278,0.467578910110671,0.467578910110671,0.4675649499271278,20.041262464882728
400.0,119.115,43.574,5.282,3.819,1.6257956739340091,1.6257144838648034,1.6257144838648034,1.6257956739340091,2.7816663584838914,2.7813116829008013,2.7813116829008013,2.7816663584838914,1.7453153361313882,1.7451732835120877,1.7451732835120877,1.7453153361313882,0.4668413011131974,0.4668629931376301,0.4668629931376301,0.4668413011131974,20.01640937633449
400.0,119.435,39.389,2.634,3.704,1.6258032027393092,1.6257216781533834,1.6257216781533834,1.6258032027393092,2.7817167003970438,2.7813602013574625,2.7813602013574625,2.7817167003970438,1.7449993502652117,1.7448559283276217,1.7448559283276217,1.7449993502652117,0.4668505254662708,0.4668746441558728,0.4668746441558728,0.4668505254662708,20.013681264867575
