,Unnamed: 0.8,Unnamed: 0.7,Unnamed: 0.6,Unnamed: 0.5,Unnamed: 0.4,Unnamed: 0.3,Unnamed: 0.2,Unnamed: 0.1,Unnamed: 0,Time / s,Vin:Measured voltage,Vo:Measured voltage,IL:Measured current,open1,open2,open3,open4,short1,short2,short3,short4,OPEN,SHORT,OPEN_NOISE,SHORT_NOISE,NORMAL_NOISE
0,0,0,0,0,0,0,0,0,0,1.1231561170030924,239.31836,335.69363,15.085775,0,0,1,0,0,0,0,0,1,0,1,0,0
1,1,1,1,1,1,1,1,1,1,1.12316,253.28346,337.80182,13.186458,0,0,1,0,0,0,0,0,1,0,1,0,0
2,2,2,2,2,2,2,2,2,2,1.1231799999999998,363.03958,338.83694,11.779087,0,0,1,0,0,0,0,0,1,0,1,0,0
3,3,3,3,3,3,3,3,3,3,1.1232,236.18486,335.05957,12.213159,0,0,1,0,0,0,0,0,1,0,1,0,0
4,4,4,4,4,4,4,4,4,4,1.12322,201.79962,338.19165,14.714372,0,0,1,0,0,0,0,0,1,0,1,0,0
5,5,5,5,5,5,5,5,5,5,1.12324,333.55804,339.27493,11.142227,0,0,1,0,0,0,0,0,1,0,1,0,0
6,6,6,6,6,6,6,6,6,6,1.12326,233.43394,339.9288,9.999424,0,0,1,0,0,0,0,0,1,0,1,0,0
7,7,7,7,7,7,7,7,7,7,1.12328,273.63358,339.70682,11.825453,0,0,1,0,0,0,0,0,1,0,1,0,0
8,8,8,8,8,8,8,8,8,8,1.1233,320.10648,333.76486,7.1384597,0,0,1,0,0,0,0,0,1,0,1,0,0
9,9,9,9,9,9,9,9,9,9,1.12332,253.1716,338.10117,13.434351,0,0,1,0,0,0,0,0,1,0,1,0,0
10,10,10,10,10,10,10,10,10,10,1.12334,271.27844,340.47064,8.844303,0,0,1,0,0,0,0,0,1,0,1,0,0
11,11,11,11,11,11,11,11,11,11,1.12336,308.84195,333.92935,15.047299,0,0,1,0,0,0,0,0,1,0,1,0,0
12,12,12,12,12,12,12,12,12,12,1.12338,272.01672,336.79956,11.548545,0,0,1,0,0,0,0,0,1,0,1,0,0
13,13,13,13,13,13,13,13,13,13,1.1234,193.29982,336.70114,12.274748,0,0,1,0,0,0,0,0,1,0,1,0,0
14,14,14,14,14,14,14,14,14,14,1.12342,362.98285,336.2427,10.302369,0,0,1,0,0,0,0,0,1,0,1,0,0
15,15,15,15,15,15,15,15,15,15,1.12344,261.71085,339.27188,11.237054,0,0,1,0,0,0,0,0,1,0,1,0,0
16,16,16,16,16,16,16,16,16,16,1.12346,205.26373,335.45834,17.284391,0,0,1,0,0,0,0,0,1,0,1,0,0
17,17,17,17,17,17,17,17,17,17,1.12348,328.53296,338.08087,11.97793,0,0,1,0,0,0,0,0,1,0,1,0,0
18,18,18,18,18,18,18,18,18,18,1.1235,251.93999,339.05655,14.109809,0,0,1,0,0,0,0,0,1,0,1,0,0
19,19,19,19,19,19,19,19,19,19,1.12352,278.9938,341.6954,14.624054,0,0,1,0,0,0,0,0,1,0,1,0,0
20,20,20,20,20,20,20,20,20,20,1.12354,268.63168,337.98822,15.204312,0,0,1,0,0,0,0,0,1,0,1,0,0
21,21,21,21,21,21,21,21,21,21,1.12356,277.3063,338.10712,10.41609,0,0,1,0,0,0,0,0,1,0,1,0,0
22,22,22,22,22,22,22,22,22,22,1.12358,290.26663,336.32477,13.559145,0,0,1,0,0,0,0,0,1,0,1,0,0
23,23,23,23,23,23,23,23,23,23,1.1236,201.42795,336.97656,14.752179,0,0,1,0,0,0,0,0,1,0,1,0,0
24,24,24,24,24,24,24,24,24,24,1.1236199999999998,339.69388,340.7398,10.82709,0,0,1,0,0,0,0,0,1,0,1,0,0
25,25,25,25,25,25,25,25,25,25,1.12364,299.93546,340.60513,8.137534,0,0,1,0,0,0,0,0,1,0,1,0,0
26,26,26,26,26,26,26,26,26,26,1.12366,246.36316,342.37787,14.638711,0,0,1,0,0,0,0,0,1,0,1,0,0
27,27,27,27,27,27,27,27,27,27,1.12368,313.77237,345.44562,11.470133,0,0,1,0,0,0,0,0,1,0,1,0,0
28,28,28,28,28,28,28,28,28,28,1.1237,285.60825,342.4566,11.141569,0,0,1,0,0,0,0,0,1,0,1,0,0
29,29,29,29,29,29,29,29,29,29,1.12372,374.5592,346.69733,14.205739,0,0,1,0,0,0,0,0,1,0,1,0,0
30,30,30,30,30,30,30,30,30,30,1.12374,295.26688,341.8693,16.567331,0,0,1,0,0,0,0,0,1,0,1,0,0
31,31,31,31,31,31,31,31,31,31,1.12376,197.07469,345.64783,13.756515,0,0,1,0,0,0,0,0,1,0,1,0,0
32,32,32,32,32,32,32,32,32,32,1.12378,323.16534,341.20197,9.939262,0,0,1,0,0,0,0,0,1,0,1,0,0
33,33,33,33,33,33,33,33,33,33,1.1238,348.75043,340.40567,12.030446,0,0,1,0,0,0,0,0,1,0,1,0,0
34,34,34,34,34,34,34,34,34,34,1.12382,254.207,342.99768,12.941593,0,0,1,0,0,0,0,0,1,0,1,0,0
35,35,35,35,35,35,35,35,35,35,1.12384,232.65929,343.5208,15.139846,0,0,1,0,0,0,0,0,1,0,1,0,0
36,36,36,36,36,36,36,36,36,36,1.12386,222.37866,343.208,13.18833,0,0,1,0,0,0,0,0,1,0,1,0,0
37,37,37,37,37,37,37,37,37,37,1.12388,292.32266,342.52817,13.9249735,0,0,1,0,0,0,0,0,1,0,1,0,0
38,38,38,38,38,38,38,38,38,38,1.1239,314.53836,345.6055,11.890017,0,0,1,0,0,0,0,0,1,0,1,0,0
39,39,39,39,39,39,39,39,39,39,1.12392,322.0345,343.88248,11.137751,0,0,1,0,0,0,0,0,1,0,1,0,0
40,40,40,40,40,40,40,40,40,40,1.12394,274.65857,343.0572,8.139042,0,0,1,0,0,0,0,0,1,0,1,0,0
41,41,41,41,41,41,41,41,41,41,1.1239599999999998,332.2099,343.1553,9.695483,0,0,1,0,0,0,0,0,1,0,1,0,0
42,42,42,42,42,42,42,42,42,42,1.12398,214.35077,347.31027,10.388889,0,0,1,0,0,0,0,0,1,0,1,0,0
43,43,43,43,43,43,43,43,43,43,1.124,361.76184,344.5211,11.264384,0,0,1,0,0,0,0,0,1,0,1,0,0
44,44,44,44,44,44,44,44,44,44,1.12402,288.445,344.4727,12.234734,0,0,1,0,0,0,0,0,1,0,1,0,0
45,45,45,45,45,45,45,45,45,45,1.12404,247.93803,344.57065,13.531399,0,0,1,0,0,0,0,0,1,0,1,0,0
46,46,46,46,46,46,46,46,46,46,1.12406,271.35693,341.75128,12.311376,0,0,1,0,0,0,0,0,1,0,1,0,0
47,47,47,47,47,47,47,47,47,47,1.12408,261.63702,345.28275,11.61827,0,0,1,0,0,0,0,0,1,0,1,0,0
48,48,48,48,48,48,48,48,48,48,1.1241,346.3333,345.96756,14.254899,0,0,1,0,0,0,0,0,1,0,1,0,0
49,49,49,49,49,49,49,49,49,49,1.12412,184.86821,344.15906,11.571151,0,0,1,0,0,0,0,0,1,0,1,0,0
50,50,50,50,50,50,50,50,50,50,1.12414,319.71823,344.78943,13.640528,0,0,1,0,0,0,0,0,1,0,1,0,0
51,51,51,51,51,51,51,51,51,51,1.12416,309.8536,344.81366,10.439887,0,0,1,0,0,0,0,0,1,0,1,0,0
52,52,52,52,52,52,52,52,52,52,1.12418,241.6315,343.24918,10.5914135,0,0,1,0,0,0,0,0,1,0,1,0,0
53,53,53,53,53,53,53,53,53,53,1.1242,282.89697,343.03488,12.898166,0,0,1,0,0,0,0,0,1,0,1,0,0
54,54,54,54,54,54,54,54,54,54,1.12422,197.04489,346.25812,14.410027,0,0,1,0,0,0,0,0,1,0,1,0,0
55,55,55,55,55,55,55,55,55,55,1.12424,427.53986,345.93494,11.689933,0,0,1,0,0,0,0,0,1,0,1,0,0
56,56,56,56,56,56,56,56,56,56,1.12426,345.7145,344.86508,13.290838,0,0,1,0,0,0,0,0,1,0,1,0,0
57,57,57,57,57,57,57,57,57,57,1.12428,348.21594,348.42157,12.4130945,0,0,1,0,0,0,0,0,1,0,1,0,0
58,58,58,58,58,58,58,58,58,58,1.1243,251.67717,343.6443,12.668442,0,0,1,0,0,0,0,0,1,0,1,0,0
59,59,59,59,59,59,59,59,59,59,1.12432,372.75092,347.04153,14.322763,0,0,1,0,0,0,0,0,1,0,1,0,0
60,60,60,60,60,60,60,60,60,60,1.12434,255.28607,345.92056,12.660665,0,0,1,0,0,0,0,0,1,0,1,0,0
61,61,61,61,61,61,61,61,61,61,1.12436,345.63837,345.35254,16.559105,0,0,1,0,0,0,0,0,1,0,1,0,0
62,62,62,62,62,62,62,62,62,62,1.12438,310.19183,349.23532,14.326163,0,0,1,0,0,0,0,0,1,0,1,0,0
63,63,63,63,63,63,63,63,63,63,1.1243999999999998,356.39563,349.04453,12.968145,0,0,1,0,0,0,0,0,1,0,1,0,0
64,64,64,64,64,64,64,64,64,64,1.12442,407.13196,347.91956,15.207729,0,0,1,0,0,0,0,0,1,0,1,0,0
65,65,65,65,65,65,65,65,65,65,1.12444,336.01917,347.4397,14.432808,0,0,1,0,0,0,0,0,1,0,1,0,0
66,66,66,66,66,66,66,66,66,66,1.12446,355.21924,351.6656,14.290422,0,0,1,0,0,0,0,0,1,0,1,0,0
67,67,67,67,67,67,67,67,67,67,1.12448,340.86414,349.59485,14.66161,0,0,1,0,0,0,0,0,1,0,1,0,0
68,68,68,68,68,68,68,68,68,68,1.1245,369.6664,348.1015,12.255895,0,0,1,0,0,0,0,0,1,0,1,0,0
69,69,69,69,69,69,69,69,69,69,1.12452,287.1442,350.0269,10.450465,0,0,1,0,0,0,0,0,1,0,1,0,0
70,70,70,70,70,70,70,70,70,70,1.12454,252.62772,346.37784,15.538399,0,0,1,0,0,0,0,0,1,0,1,0,0
71,71,71,71,71,71,71,71,71,71,1.12456,326.61038,350.5023,11.463077,0,0,1,0,0,0,0,0,1,0,1,0,0
72,72,72,72,72,72,72,72,72,72,1.12458,288.05396,349.09784,13.031185,0,0,1,0,0,0,0,0,1,0,1,0,0
73,73,73,73,73,73,73,73,73,73,1.1246,310.47415,351.4594,13.679415,0,0,1,0,0,0,0,0,1,0,1,0,0
74,74,74,74,74,74,74,74,74,74,1.12462,410.52637,353.10986,12.091195,0,0,1,0,0,0,0,0,1,0,1,0,0
75,75,75,75,75,75,75,75,75,75,1.12464,329.62335,347.7776,13.323783,0,0,1,0,0,0,0,0,1,0,1,0,0
76,76,76,76,76,76,76,76,76,76,1.12466,243.24643,350.89685,11.59167,0,0,1,0,0,0,0,0,1,0,1,0,0
77,77,77,77,77,77,77,77,77,77,1.12468,314.26636,354.14575,12.084804,0,0,1,0,0,0,0,0,1,0,1,0,0
78,78,78,78,78,78,78,78,78,78,1.1247,234.75858,351.9067,13.596121,0,0,1,0,0,0,0,0,1,0,1,0,0
79,79,79,79,79,79,79,79,79,79,1.12472,303.2143,349.0019,12.864648,0,0,1,0,0,0,0,0,1,0,1,0,0
80,80,80,80,80,80,80,80,80,80,1.12474,400.72552,349.8877,12.136874,0,0,1,0,0,0,0,0,1,0,1,0,0
81,81,81,81,81,81,81,81,81,81,1.12476,396.1269,350.27084,11.803951,0,0,1,0,0,0,0,0,1,0,1,0,0
82,82,82,82,82,82,82,82,82,82,1.12478,354.49963,354.40097,11.584878,0,0,1,0,0,0,0,0,1,0,1,0,0
83,83,83,83,83,83,83,83,83,83,1.1248,334.8393,350.2401,11.530942,0,0,1,0,0,0,0,0,1,0,1,0,0
84,84,84,84,84,84,84,84,84,84,1.12482,286.6527,354.75177,12.815261,0,0,1,0,0,0,0,0,1,0,1,0,0
85,85,85,85,85,85,85,85,85,85,1.1248399999999998,365.21234,355.2558,11.826565,0,0,1,0,0,0,0,0,1,0,1,0,0
86,86,86,86,86,86,86,86,86,86,1.12486,352.11365,350.99985,11.520146,0,0,1,0,0,0,0,0,1,0,1,0,0
87,87,87,87,87,87,87,87,87,87,1.12488,301.87616,350.51578,13.004313,0,0,1,0,0,0,0,0,1,0,1,0,0
88,88,88,88,88,88,88,88,88,88,1.1249,321.60522,350.98276,15.634459,0,0,1,0,0,0,0,0,1,0,1,0,0
89,89,89,89,89,89,89,89,89,89,1.12492,305.07404,351.96997,14.70179,0,0,1,0,0,0,0,0,1,0,1,0,0
90,90,90,90,90,90,90,90,90,90,1.12494,322.36966,352.32706,13.243014,0,0,1,0,0,0,0,0,1,0,1,0,0
91,91,91,91,91,91,91,91,91,91,1.12496,342.23257,351.54218,15.206692,0,0,1,0,0,0,0,0,1,0,1,0,0
92,92,92,92,92,92,92,92,92,92,1.12498,230.08661,352.25766,15.926726,0,0,1,0,0,0,0,0,1,0,1,0,0
93,93,93,93,93,93,93,93,93,93,1.125,371.70056,354.31616,11.327763,0,0,1,0,0,0,0,0,1,0,1,0,0
94,94,94,94,94,94,94,94,94,94,1.12502,267.7506,351.2545,11.183654,0,0,1,0,0,0,0,0,1,0,1,0,0
95,95,95,95,95,95,95,95,95,95,1.12504,311.74014,354.00323,10.902072,0,0,1,0,0,0,0,0,1,0,1,0,0
96,96,96,96,96,96,96,96,96,96,1.12506,317.64178,357.07947,13.6039295,0,0,1,0,0,0,0,0,1,0,1,0,0
97,97,97,97,97,97,97,97,97,97,1.12508,289.98032,355.19406,11.118645,0,0,1,0,0,0,0,0,1,0,1,0,0
98,98,98,98,98,98,98,98,98,98,1.1251,299.87836,354.97424,15.838956,0,0,1,0,0,0,0,0,1,0,1,0,0
99,99,99,99,99,99,99,99,99,99,1.12512,279.1739,358.61957,12.88679,0,0,1,0,0,0,0,0,1,0,1,0,0
100,100,100,100,100,100,100,100,100,100,1.12514,287.66895,354.51993,10.170109,0,0,1,0,0,0,0,0,1,0,1,0,0
101,101,101,101,101,101,101,101,101,101,1.12516,360.57904,357.3524,16.022463,0,0,1,0,0,0,0,0,1,0,1,0,0
102,102,102,102,102,102,102,102,102,102,1.1251799999999998,259.3041,355.9932,13.395062,0,0,1,0,0,0,0,0,1,0,1,0,0
103,103,103,103,103,103,103,103,103,103,1.1252,248.46034,358.40823,11.98971,0,0,1,0,0,0,0,0,1,0,1,0,0
104,104,104,104,104,104,104,104,104,104,1.12522,278.5932,355.68204,13.542365,0,0,1,0,0,0,0,0,1,0,1,0,0
105,105,105,105,105,105,105,105,105,105,1.12524,284.0462,356.17133,14.211465,0,0,1,0,0,0,0,0,1,0,1,0,0
106,106,106,106,106,106,106,106,106,106,1.12526,287.6284,360.32898,13.117627,0,0,1,0,0,0,0,0,1,0,1,0,0
107,107,107,107,107,107,107,107,107,107,1.12528,346.8496,354.7048,17.258974,0,0,1,0,0,0,0,0,1,0,1,0,0
108,108,108,108,108,108,108,108,108,108,1.1253,345.3213,360.5988,13.198345,0,0,1,0,0,0,0,0,1,0,1,0,0
109,109,109,109,109,109,109,109,109,109,1.12532,292.33035,357.63083,15.740861,0,0,1,0,0,0,0,0,1,0,1,0,0
110,110,110,110,110,110,110,110,110,110,1.12534,338.68265,360.3927,15.114158,0,0,1,0,0,0,0,0,1,0,1,0,0
111,111,111,111,111,111,111,111,111,111,1.12536,298.10007,358.4535,14.34594,0,0,1,0,0,0,0,0,1,0,1,0,0
112,112,112,112,112,112,112,112,112,112,1.12538,303.0173,359.90298,11.838152,0,0,1,0,0,0,0,0,1,0,1,0,0
113,113,113,113,113,113,113,113,113,113,1.1254,328.47165,356.41434,12.344585,0,0,1,0,0,0,0,0,1,0,1,0,0
114,114,114,114,114,114,114,114,114,114,1.12542,275.75766,357.69525,12.391396,0,0,1,0,0,0,0,0,1,0,1,0,0
115,115,115,115,115,115,115,115,115,115,1.12544,247.51794,355.8471,9.618319,0,0,1,0,0,0,0,0,1,0,1,0,0
116,116,116,116,116,116,116,116,116,116,1.12546,335.18152,356.64444,15.45927,0,0,1,0,0,0,0,0,1,0,1,0,0
117,117,117,117,117,117,117,117,117,117,1.12548,371.01788,360.5567,11.36325,0,0,1,0,0,0,0,0,1,0,1,0,0
118,118,118,118,118,118,118,118,118,118,1.1255,327.54898,356.9237,9.437083,0,0,1,0,0,0,0,0,1,0,1,0,0
119,119,119,119,119,119,119,119,119,119,1.12552,322.95526,359.22308,10.0196295,0,0,1,0,0,0,0,0,1,0,1,0,0
120,120,120,120,120,120,120,120,120,120,1.12554,317.47986,361.0208,11.9146185,0,0,1,0,0,0,0,0,1,0,1,0,0
121,121,121,121,121,121,121,121,121,121,1.12556,394.10822,361.2002,11.879295,0,0,1,0,0,0,0,0,1,0,1,0,0
122,122,122,122,122,122,122,122,122,122,1.12558,320.04352,355.14703,10.671864,0,0,1,0,0,0,0,0,1,0,1,0,0
123,123,123,123,123,123,123,123,123,123,1.1256,238.9217,358.45798,10.066481,0,0,1,0,0,0,0,0,1,0,1,0,0
124,124,124,124,124,124,124,124,124,124,1.1256199999999998,367.77176,360.97556,11.556261,0,0,1,0,0,0,0,0,1,0,1,0,0
125,125,125,125,125,125,125,125,125,125,1.12564,245.03412,358.2071,14.143119,0,0,1,0,0,0,0,0,1,0,1,0,0
126,126,126,126,126,126,126,126,126,126,1.12566,296.13846,361.78995,12.389454,0,0,1,0,0,0,0,0,1,0,1,0,0
127,127,127,127,127,127,127,127,127,127,1.12568,373.6726,362.61096,15.7357025,0,0,1,0,0,0,0,0,1,0,1,0,0
128,128,128,128,128,128,128,128,128,128,1.1257,298.20563,361.4734,11.037682,0,0,1,0,0,0,0,0,1,0,1,0,0
129,129,129,129,129,129,129,129,129,129,1.12572,312.31647,362.87015,9.259761,0,0,1,0,0,0,0,0,1,0,1,0,0
130,130,130,130,130,130,130,130,130,130,1.12574,333.93594,362.80286,12.17873,0,0,1,0,0,0,0,0,1,0,1,0,0
131,131,131,131,131,131,131,131,131,131,1.12576,258.89795,361.9279,11.348971,0,0,1,0,0,0,0,0,1,0,1,0,0
132,132,132,132,132,132,132,132,132,132,1.12578,313.88733,363.45712,13.691933,0,0,1,0,0,0,0,0,1,0,1,0,0
133,133,133,133,133,133,133,133,133,133,1.1258,341.64902,362.08545,5.410384,0,0,1,0,0,0,0,0,1,0,1,0,0
134,134,134,134,134,134,134,134,134,134,1.12582,270.13635,359.50806,12.903497,0,0,1,0,0,0,0,0,1,0,1,0,0
135,135,135,135,135,135,135,135,135,135,1.12584,247.46587,358.8344,15.203028,0,0,1,0,0,0,0,0,1,0,1,0,0
136,136,136,136,136,136,136,136,136,136,1.12586,330.26306,363.49435,10.017938,0,0,1,0,0,0,0,0,1,0,1,0,0
137,137,137,137,137,137,137,137,137,137,1.12588,298.3746,363.40207,9.50747,0,0,1,0,0,0,0,0,1,0,1,0,0
138,138,138,138,138,138,138,138,138,138,1.1259,317.6797,363.26508,14.33281,0,0,1,0,0,0,0,0,1,0,1,0,0
139,139,139,139,139,139,139,139,139,139,1.12592,389.94937,364.27682,11.803276,0,0,1,0,0,0,0,0,1,0,1,0,0
140,140,140,140,140,140,140,140,140,140,1.12594,212.9068,362.3772,10.72753,0,0,1,0,0,0,0,0,1,0,1,0,0
141,141,141,141,141,141,141,141,141,141,1.1259599999999998,293.06363,358.01352,12.899845,0,0,1,0,0,0,0,0,1,0,1,0,0
142,142,142,142,142,142,142,142,142,142,1.12598,350.55096,363.17087,9.296663,0,0,1,0,0,0,0,0,1,0,1,0,0
143,143,143,143,143,143,143,143,143,143,1.126,166.57092,363.49124,5.801962,0,0,1,0,0,0,0,0,1,0,1,0,0
144,144,144,144,144,144,144,144,144,144,1.12602,433.70233,365.06116,12.41155,0,0,1,0,0,0,0,0,1,0,1,0,0
145,145,145,145,145,145,145,145,145,145,1.12604,325.2182,363.11377,12.420533,0,0,1,0,0,0,0,0,1,0,1,0,0
146,146,146,146,146,146,146,146,146,146,1.1260599999999998,314.9434,363.75177,12.830604,0,0,1,0,0,0,0,0,1,0,1,0,0
147,147,147,147,147,147,147,147,147,147,1.12608,274.33392,361.7658,12.353178,0,0,1,0,0,0,0,0,1,0,1,0,0
148,148,148,148,148,148,148,148,148,148,1.1261,277.10742,363.3425,12.763062,0,0,1,0,0,0,0,0,1,0,1,0,0
149,149,149,149,149,149,149,149,149,149,1.12612,283.2622,365.29758,10.341158,0,0,1,0,0,0,0,0,1,0,1,0,0
150,150,150,150,150,150,150,150,150,150,1.12614,309.03958,368.41217,12.027373,0,0,1,0,0,0,0,0,1,0,1,0,0
151,151,151,151,151,151,151,151,151,151,1.12616,213.87047,364.5743,12.511934,0,0,1,0,0,0,0,0,1,0,1,0,0
152,152,152,152,152,152,152,152,152,152,1.12618,329.04657,364.84705,13.530576,0,0,1,0,0,0,0,0,1,0,1,0,0
153,153,153,153,153,153,153,153,153,153,1.1262,336.5148,365.10626,9.144029,0,0,1,0,0,0,0,0,1,0,1,0,0
154,154,154,154,154,154,154,154,154,154,1.12622,269.72955,366.85074,10.648058,0,0,1,0,0,0,0,0,1,0,1,0,0
155,155,155,155,155,155,155,155,155,155,1.12624,343.241,368.37604,13.144617,0,0,1,0,0,0,0,0,1,0,1,0,0
156,156,156,156,156,156,156,156,156,156,1.12626,380.50912,363.82352,9.89424,0,0,1,0,0,0,0,0,1,0,1,0,0
157,157,157,157,157,157,157,157,157,157,1.12628,379.67908,369.36935,12.11261,0,0,1,0,0,0,0,0,1,0,1,0,0
158,158,158,158,158,158,158,158,158,158,1.1263,310.64273,367.24072,16.2608,0,0,1,0,0,0,0,0,1,0,1,0,0
159,159,159,159,159,159,159,159,159,159,1.12632,309.39563,369.54446,11.9886055,0,0,1,0,0,0,0,0,1,0,1,0,0
160,160,160,160,160,160,160,160,160,160,1.12634,324.73056,365.43906,12.430319,0,0,1,0,0,0,0,0,1,0,1,0,0
161,161,161,161,161,161,161,161,161,161,1.12636,293.72668,367.38675,12.184625,0,0,1,0,0,0,0,0,1,0,1,0,0
162,162,162,162,162,162,162,162,162,162,1.12638,262.5103,367.97278,13.776004,0,0,1,0,0,0,0,0,1,0,1,0,0
163,163,163,163,163,163,163,163,163,163,1.1263999999999998,265.47354,365.44135,13.465878,0,0,1,0,0,0,0,0,1,0,1,0,0
164,164,164,164,164,164,164,164,164,164,1.12642,258.71362,366.60687,12.219902,0,0,1,0,0,0,0,0,1,0,1,0,0
165,165,165,165,165,165,165,165,165,165,1.12644,268.06396,367.20898,10.902648,0,0,1,0,0,0,0,0,1,0,1,0,0
166,166,166,166,166,166,166,166,166,166,1.12646,345.63965,367.24603,13.9431505,0,0,1,0,0,0,0,0,1,0,1,0,0
167,167,167,167,167,167,167,167,167,167,1.12648,216.9219,367.06778,12.151935,0,0,1,0,0,0,0,0,1,0,1,0,0
168,168,168,168,168,168,168,168,168,168,1.1265,233.01474,367.3693,9.537221,0,0,1,0,0,0,0,0,1,0,1,0,0
169,169,169,169,169,169,169,169,169,169,1.12652,308.8046,370.4202,14.07909,0,0,1,0,0,0,0,0,1,0,1,0,0
170,170,170,170,170,170,170,170,170,170,1.12654,329.1669,367.58176,12.270412,0,0,1,0,0,0,0,0,1,0,1,0,0
171,171,171,171,171,171,171,171,171,171,1.12656,352.71146,366.06085,9.509335,0,0,1,0,0,0,0,0,1,0,1,0,0
172,172,172,172,172,172,172,172,172,172,1.12658,355.54913,368.81216,12.327894,0,0,1,0,0,0,0,0,1,0,1,0,0
173,173,173,173,173,173,173,173,173,173,1.1266,314.99753,367.7282,13.551863,0,0,1,0,0,0,0,0,1,0,1,0,0
174,174,174,174,174,174,174,174,174,174,1.12662,272.566,368.85196,10.878919,0,0,1,0,0,0,0,0,1,0,1,0,0
175,175,175,175,175,175,175,175,175,175,1.12664,332.98535,367.89062,14.891936,0,0,1,0,0,0,0,0,1,0,1,0,0
176,176,176,176,176,176,176,176,176,176,1.12666,301.93506,371.44522,10.468087,0,0,1,0,0,0,0,0,1,0,1,0,0
177,177,177,177,177,177,177,177,177,177,1.12668,201.92177,368.13028,12.911281,0,0,1,0,0,0,0,0,1,0,1,0,0
178,178,178,178,178,178,178,178,178,178,1.1267,295.18353,368.14288,10.335535,0,0,1,0,0,0,0,0,1,0,1,0,0
179,179,179,179,179,179,179,179,179,179,1.12672,342.7755,370.32153,8.736977,0,0,1,0,0,0,0,0,1,0,1,0,0
180,180,180,180,180,180,180,180,180,180,1.12674,254.75887,369.98877,15.510384,0,0,1,0,0,0,0,0,1,0,1,0,0
181,181,181,181,181,181,181,181,181,181,1.12676,321.90738,370.0965,11.167044,0,0,1,0,0,0,0,0,1,0,1,0,0
182,182,182,182,182,182,182,182,182,182,1.12678,290.04993,370.49704,9.695283,0,0,1,0,0,0,0,0,1,0,1,0,0
183,183,183,183,183,183,183,183,183,183,1.1268,221.32623,372.8876,9.00151,0,0,1,0,0,0,0,0,1,0,1,0,0
184,184,184,184,184,184,184,184,184,184,1.12682,286.20374,366.33102,9.231985,0,0,1,0,0,0,0,0,1,0,1,0,0
185,185,185,185,185,185,185,185,185,185,1.1268399999999998,199.3346,370.76355,12.977915,0,0,1,0,0,0,0,0,1,0,1,0,0
186,186,186,186,186,186,186,186,186,186,1.12686,321.50125,368.65018,11.142442,0,0,1,0,0,0,0,0,1,0,1,0,0
187,187,187,187,187,187,187,187,187,187,1.12688,343.85837,366.76407,10.957344,0,0,1,0,0,0,0,0,1,0,1,0,0
188,188,188,188,188,188,188,188,188,188,1.1269,231.3094,370.31076,10.683164,0,0,1,0,0,0,0,0,1,0,1,0,0
189,189,189,189,189,189,189,189,189,189,1.12692,218.46281,370.9414,12.517626,0,0,1,0,0,0,0,0,1,0,1,0,0
190,190,190,190,190,190,190,190,190,190,1.12694,242.545,369.2949,12.726832,0,0,1,0,0,0,0,0,1,0,1,0,0
191,191,191,191,191,191,191,191,191,191,1.12696,236.87611,368.49756,8.350776,0,0,1,0,0,0,0,0,1,0,1,0,0
192,192,192,192,192,192,192,192,192,192,1.12698,156.62924,371.42468,11.025491,0,0,1,0,0,0,0,0,1,0,1,0,0
193,193,193,193,193,193,193,193,193,193,1.127,181.54968,372.82455,8.280412,0,0,1,0,0,0,0,0,1,0,1,0,0
194,194,194,194,194,194,194,194,194,194,1.12702,253.14001,369.32574,10.636005,0,0,1,0,0,0,0,0,1,0,1,0,0
195,195,195,195,195,195,195,195,195,195,1.12704,186.20012,372.51245,12.571959,0,0,1,0,0,0,0,0,1,0,1,0,0
196,196,196,196,196,196,196,196,196,196,1.12706,198.29738,372.01453,12.767439,0,0,1,0,0,0,0,0,1,0,1,0,0
197,197,197,197,197,197,197,197,197,197,1.12708,236.27835,368.06216,8.772179,0,0,1,0,0,0,0,0,1,0,1,0,0
198,198,198,198,198,198,198,198,198,198,1.1271,213.9778,370.36743,9.832306,0,0,1,0,0,0,0,0,1,0,1,0,0
199,199,199,199,199,199,199,199,199,199,1.12712,220.1693,369.54706,8.898616,0,0,1,0,0,0,0,0,1,0,1,0,0
200,200,200,200,200,200,200,200,200,200,1.12714,273.69556,370.806,9.415204,0,0,1,0,0,0,0,0,1,0,1,0,0
201,201,201,201,201,201,201,201,201,201,1.12716,266.76807,370.22415,9.407562,0,0,1,0,0,0,0,0,1,0,1,0,0
202,202,202,202,202,202,202,202,202,202,1.1271799999999998,282.76312,370.06815,9.24744,0,0,1,0,0,0,0,0,1,0,1,0,0
203,203,203,203,203,203,203,203,203,203,1.1272,279.91733,370.7048,7.265398,0,0,1,0,0,0,0,0,1,0,1,0,0
204,204,204,204,204,204,204,204,204,204,1.12722,263.25833,367.17126,8.957597,0,0,1,0,0,0,0,0,1,0,1,0,0
205,205,205,205,205,205,205,205,205,205,1.12724,107.78825,370.44388,9.761477,0,0,1,0,0,0,0,0,1,0,1,0,0
206,206,206,206,206,206,206,206,206,206,1.12726,231.29819,374.3385,7.6762323,0,0,1,0,0,0,0,0,1,0,1,0,0
207,207,207,207,207,207,207,207,207,207,1.12728,249.92746,369.10144,6.9193363,0,0,1,0,0,0,0,0,1,0,1,0,0
208,208,208,208,208,208,208,208,208,208,1.1273,230.27896,370.82944,13.326984,0,0,1,0,0,0,0,0,1,0,1,0,0
209,209,209,209,209,209,209,209,209,209,1.12732,276.86304,370.5394,6.545744,0,0,1,0,0,0,0,0,1,0,1,0,0
210,210,210,210,210,210,210,210,210,210,1.12734,271.34723,368.542,12.010963,0,0,1,0,0,0,0,0,1,0,1,0,0
211,211,211,211,211,211,211,211,211,211,1.12736,191.00789,368.45294,7.72262,0,0,1,0,0,0,0,0,1,0,1,0,0
212,212,212,212,212,212,212,212,212,212,1.12738,299.76578,374.23563,9.053295,0,0,1,0,0,0,0,0,1,0,1,0,0
213,213,213,213,213,213,213,213,213,213,1.1274,282.3116,375.5069,10.537612,0,0,1,0,0,0,0,0,1,0,1,0,0
214,214,214,214,214,214,214,214,214,214,1.12742,232.00987,373.9803,10.589382,0,0,1,0,0,0,0,0,1,0,1,0,0
215,215,215,215,215,215,215,215,215,215,1.12744,177.69745,374.1547,7.840518,0,0,1,0,0,0,0,0,1,0,1,0,0
216,216,216,216,216,216,216,216,216,216,1.12746,184.3594,369.60245,10.441705,0,0,1,0,0,0,0,0,1,0,1,0,0
217,217,217,217,217,217,217,217,217,217,1.12748,206.64166,374.27097,10.215598,0,0,1,0,0,0,0,0,1,0,1,0,0
218,218,218,218,218,218,218,218,218,218,1.1275,276.4538,370.79123,9.813305,0,0,1,0,0,0,0,0,1,0,1,0,0
219,219,219,219,219,219,219,219,219,219,1.12752,223.89008,371.97995,11.854688,0,0,1,0,0,0,0,0,1,0,1,0,0
220,220,220,220,220,220,220,220,220,220,1.12754,215.19948,371.00467,8.055093,0,0,1,0,0,0,0,0,1,0,1,0,0
221,221,221,221,221,221,221,221,221,221,1.12756,246.67961,372.29733,8.40035,0,0,1,0,0,0,0,0,1,0,1,0,0
222,222,222,222,222,222,222,222,222,222,1.12758,287.1917,370.21732,10.349555,0,0,1,0,0,0,0,0,1,0,1,0,0
223,223,223,223,223,223,223,223,223,223,1.1276,207.53279,372.04764,9.28932,0,0,1,0,0,0,0,0,1,0,1,0,0
224,224,224,224,224,224,224,224,224,224,1.1276199999999998,358.1272,374.63553,7.463472,0,0,1,0,0,0,0,0,1,0,1,0,0
225,225,225,225,225,225,225,225,225,225,1.12764,240.51433,369.58496,7.7417493,0,0,1,0,0,0,0,0,1,0,1,0,0
226,226,226,226,226,226,226,226,226,226,1.12766,225.3669,368.75357,8.544682,0,0,1,0,0,0,0,0,1,0,1,0,0
227,227,227,227,227,227,227,227,227,227,1.12768,171.71814,371.44467,5.5021,0,0,1,0,0,0,0,0,1,0,1,0,0
228,228,228,228,228,228,228,228,228,228,1.1277,163.0542,370.96198,9.784095,0,0,1,0,0,0,0,0,1,0,1,0,0
229,229,229,229,229,229,229,229,229,229,1.12772,182.2163,369.49786,10.194988,0,0,1,0,0,0,0,0,1,0,1,0,0
230,230,230,230,230,230,230,230,230,230,1.12774,270.24036,372.91678,5.1103854,0,0,1,0,0,0,0,0,1,0,1,0,0
231,231,231,231,231,231,231,231,231,231,1.12776,298.59146,372.07452,6.9575396,0,0,1,0,0,0,0,0,1,0,1,0,0
232,232,232,232,232,232,232,232,232,232,1.12778,240.87726,372.0266,9.457984,0,0,1,0,0,0,0,0,1,0,1,0,0
233,233,233,233,233,233,233,233,233,233,1.1278,212.63802,373.08,8.245359,0,0,1,0,0,0,0,0,1,0,1,0,0
234,234,234,234,234,234,234,234,234,234,1.12782,190.92337,372.18716,8.421248,0,0,1,0,0,0,0,0,1,0,1,0,0
235,235,235,235,235,235,235,235,235,235,1.12784,225.45642,372.60733,8.787387,0,0,1,0,0,0,0,0,1,0,1,0,0
236,236,236,236,236,236,236,236,236,236,1.12786,182.92838,370.4261,10.169342,0,0,1,0,0,0,0,0,1,0,1,0,0
237,237,237,237,237,237,237,237,237,237,1.12788,134.72879,372.96268,7.2509065,0,0,1,0,0,0,0,0,1,0,1,0,0
238,238,238,238,238,238,238,238,238,238,1.1279,146.1405,371.22397,8.307913,0,0,1,0,0,0,0,0,1,0,1,0,0
239,239,239,239,239,239,239,239,239,239,1.12792,222.67317,372.79953,5.7813416,0,0,1,0,0,0,0,0,1,0,1,0,0
240,240,240,240,240,240,240,240,240,240,1.12794,269.1765,372.79752,5.905439,0,0,1,0,0,0,0,0,1,0,1,0,0
241,241,241,241,241,241,241,241,241,241,1.12796,201.51686,372.45633,8.729694,0,0,1,0,0,0,0,0,1,0,1,0,0
242,242,242,242,242,242,242,242,242,242,1.12798,142.33858,370.86813,9.017024,0,0,1,0,0,0,0,0,1,0,1,0,0
243,243,243,243,243,243,243,243,243,243,1.128,186.71338,370.78778,6.884438,0,0,1,0,0,0,0,0,1,0,1,0,0
244,244,244,244,244,244,244,244,244,244,1.12802,125.95059,370.25464,10.532114,0,0,1,0,0,0,0,0,1,0,1,0,0
245,245,245,245,245,245,245,245,245,245,1.12804,216.87662,372.01974,6.590335,0,0,1,0,0,0,0,0,1,0,1,0,0
246,246,246,246,246,246,246,246,246,246,1.1280599999999998,128.77322,372.08398,6.810614,0,0,1,0,0,0,0,0,1,0,1,0,0
247,247,247,247,247,247,247,247,247,247,1.12808,195.53258,373.15125,11.689884,0,0,1,0,0,0,0,0,1,0,1,0,0
248,248,248,248,248,248,248,248,248,248,1.1281,129.59575,372.61646,6.583538,0,0,1,0,0,0,0,0,1,0,1,0,0
249,249,249,249,249,249,249,249,249,249,1.12812,185.70038,371.1208,12.132795,0,0,1,0,0,0,0,0,1,0,1,0,0
250,250,250,250,250,250,250,250,250,250,1.12814,222.00238,375.25864,7.709559,0,0,1,0,0,0,0,0,1,0,1,0,0
251,251,251,251,251,251,251,251,251,251,1.1281561170030925,107.54653,369.74838,7.200752,0,0,1,0,0,0,0,0,1,0,1,0,0
