y0_pred_v,y1_pred_v,y2_pred_v,y3_pred_v,y4_pred_v,y5_pred_v,y6_pred_v,y7_pred_v,y8_pred_v,y9_pred_v,y10_pred_v,y11_pred_v,y12_pred_v,y13_pred_v,y14_pred_v,y15_pred_v
1.643044,1.6419373,1.6426442,1.6409233,2.7582278,2.7623024,2.761044,2.75968,1.7386779,1.7372553,1.7394949,1.7387552,0.46076602,0.45934272,0.45942694,0.4585932
1.6454502,1.6453304,1.6456943,1.6435568,2.7551117,2.7591019,2.7575073,2.7563078,1.7319702,1.7306424,1.7328011,1.7323966,0.45998597,0.45786047,0.45743263,0.45774683
1.643605,1.6428308,1.643604,1.6417735,2.7559905,2.7596178,2.7584548,2.7571132,1.7351673,1.7336569,1.7360979,1.7354043,0.46044618,0.45886582,0.45863903,0.45800215
1.6489866,1.6491655,1.6492462,1.6472192,2.7563868,2.760221,2.7590857,2.7577856,1.7330482,1.7312096,1.7341218,1.7339559,0.45984718,0.4582067,0.45723194,0.45765674
1.6445265,1.6440959,1.6445355,1.6427565,2.758418,2.7625575,2.7612185,2.7598162,1.736721,1.7351642,1.737167,1.7365279,0.46070048,0.4591276,0.45865983,0.45840552
1.6460259,1.6457127,1.6460917,1.6442263,2.7567153,2.7610059,2.7595062,2.7582033,1.7349699,1.7330669,1.7356669,1.7350385,0.46029055,0.4586857,0.45799673,0.45801294
1.6438713,1.6431377,1.6436336,1.6414802,2.7573338,2.761837,2.760364,2.758618,1.7359644,1.7344432,1.7365612,1.7359073,0.46076196,0.45890003,0.45879668,0.4584908
1.6444938,1.6434054,1.6439681,1.6417964,2.7611299,2.7661242,2.7649088,2.7628925,1.741254,1.7393651,1.7419647,1.7416222,0.461775,0.45995456,0.46029627,0.45908648
1.6453207,1.6440464,1.6449113,1.6430349,2.7618933,2.7661247,2.765396,2.7635634,1.7414877,1.7394903,1.7423232,1.7420268,0.46173552,0.46038818,0.46049553,0.45893967
1.6438154,1.6430268,1.6433146,1.6409779,2.7561622,2.761282,2.7599678,2.7576265,1.7365726,1.7346034,1.7371544,1.737015,0.46122724,0.45920935,0.45920014,0.4583303
1.650367,1.6502867,1.6510415,1.6485012,2.7611217,2.765338,2.7639527,2.762137,1.7347028,1.7328683,1.7360204,1.7359042,0.46110862,0.45882508,0.45819932,0.45784253
1.6472536,1.6458056,1.6463029,1.6440897,2.7683873,2.7741714,2.7727242,2.7704327,1.7459255,1.7439575,1.7463961,1.7458708,0.46272063,0.46110004,0.46145558,0.46003175
1.645845,1.6451509,1.6457021,1.6436775,2.7617083,2.7666044,2.7649226,2.7630322,1.7381858,1.7363226,1.7387387,1.7379587,0.46165696,0.45943624,0.45916212,0.45866346
1.6501193,1.649508,1.6500478,1.6478703,2.7653832,2.7706733,2.7691574,2.767307,1.7414603,1.7387993,1.7422125,1.7415092,0.46181482,0.46004117,0.459296,0.45899746
1.648973,1.6482329,1.649023,1.6468189,2.7637453,2.7681408,2.7671108,2.7647817,1.7384257,1.7363946,1.7393878,1.7389872,0.46188298,0.46003786,0.45955518,0.45858586
1.6501683,1.648412,1.6489551,1.6459587,2.7718043,2.7785516,2.7771072,2.773927,1.7483476,1.7459679,1.7484581,1.7485671,0.4636018,0.4621387,0.46261132,0.46013653
1.6475998,1.6468132,1.6474853,1.6454797,2.7642913,2.769145,2.7677517,2.7656443,1.7394272,1.7372,1.7401181,1.7394774,0.46221823,0.4599812,0.45965186,0.45877528
1.6474895,1.6467906,1.6472118,1.6450794,2.7638893,2.7692742,2.7675653,2.7653344,1.7388407,1.7368197,1.7392576,1.738653,0.46205604,0.4595826,0.45931727,0.45883316
1.6510906,1.6496723,1.6502104,1.6476684,2.7702508,2.776475,2.7750554,2.7727654,1.7480088,1.7443693,1.7483605,1.7481155,0.46320656,0.4615803,0.46134666,0.45949167
1.647788,1.6467675,1.6473567,1.6452541,2.7668786,2.7726793,2.770934,2.7687838,1.7429813,1.740566,1.7433441,1.7427568,0.46265522,0.4604389,0.46024936,0.45937616
1.6486518,1.647779,1.648545,1.646337,2.7650323,2.7698407,2.7688403,2.7664435,1.7408736,1.7383199,1.7416273,1.7413645,0.4625152,0.46042076,0.46025223,0.45881575
1.6505243,1.6497418,1.6505103,1.6480911,2.7652364,2.769858,2.7688746,2.7661579,1.7391152,1.7368827,1.740148,1.7399383,0.46223903,0.4603342,0.45987058,0.45862064
1.6490672,1.6487488,1.6489289,1.6466877,2.7645235,2.769722,2.7680469,2.7659914,1.7374008,1.7354078,1.7382087,1.7377946,0.46188027,0.4592563,0.459019,0.45886278
1.6489112,1.6473933,1.6484151,1.6449192,2.769568,2.7760239,2.7750344,2.7717116,1.7468754,1.7447022,1.7476948,1.7481303,0.46372053,0.46183187,0.4624225,0.4600063
1.6497338,1.6482959,1.649082,1.6468656,2.7709885,2.7769861,2.7757244,2.7733052,1.7465152,1.7439723,1.7472507,1.7468183,0.4634651,0.46134138,0.46146327,0.4598211
1.6488616,1.6477785,1.6484001,1.6461775,2.768189,2.7740335,2.7725182,2.7700322,1.7438291,1.7411543,1.744243,1.7439177,0.46318275,0.4606831,0.46073502,0.4593718
1.6520994,1.6503997,1.6507185,1.648062,2.7779102,2.7850175,2.7835178,2.7804556,1.751611,1.7493827,1.7518715,1.751759,0.46449175,0.46293798,0.46328747,0.46121752
1.6485703,1.6476271,1.6481543,1.6456406,2.7678304,2.7737222,2.7721457,2.7696471,1.7420255,1.7396547,1.7424566,1.7418938,0.4628675,0.46049353,0.46023846,0.4595164
1.6507636,1.6499429,1.6507163,1.6486406,2.7705884,2.7758512,2.7744641,2.7722013,1.743678,1.7411907,1.7443509,1.7436976,0.46308178,0.46090883,0.46054822,0.45941722
1.651058,1.650298,1.6511099,1.6489882,2.7706766,2.7759185,2.7745728,2.7722726,1.7434744,1.7409937,1.7441208,1.7435184,0.4630647,0.46095592,0.46052045,0.45939338
1.64925,1.6485907,1.6488893,1.6464055,2.7651849,2.7708516,2.7691107,2.7664895,1.7378604,1.7357562,1.738674,1.7383499,0.46252936,0.45940134,0.45954022,0.458761
1.6491427,1.6484115,1.6490772,1.6467261,2.7653356,2.771,2.769507,2.766801,1.7391218,1.7364925,1.7396115,1.739507,0.46287292,0.4603476,0.4598214,0.45871347
1.6569104,1.6568538,1.6575994,1.6548076,2.7710114,2.776318,2.7748337,2.7728097,1.7411058,1.7381737,1.7426647,1.7423673,0.46255103,0.4601825,0.45896447,0.4587106
1.6510403,1.6502249,1.6504459,1.648129,2.7732878,2.7797213,2.7780156,2.775477,1.7459978,1.7431321,1.7462889,1.7456686,0.46364516,0.46161354,0.46106988,0.46024838
1.6559265,1.6555338,1.6567359,1.6533186,2.769843,2.775127,2.7736301,2.7710493,1.7399617,1.7373368,1.7415303,1.7414141,0.46274874,0.46029,0.45939994,0.4584899
1.6503025,1.6489444,1.6497154,1.6471803,2.7718043,2.7783484,2.776939,2.7741244,1.7469319,1.7440352,1.7474676,1.7472267,0.46395445,0.46149653,0.46160448,0.4598816
1.6510307,1.6498775,1.650639,1.6484497,2.7723546,2.778431,2.7768679,2.774355,1.7455721,1.7426829,1.7461201,1.7455611,0.4637778,0.4611976,0.46103668,0.4596581
1.6489779,1.648019,1.64836,1.645575,2.765727,2.7720098,2.7704363,2.7674716,1.7396017,1.737114,1.7401787,1.7398632,0.46288258,0.46017066,0.4600406,0.45907652
1.6521993,1.6507745,1.6512177,1.6487267,2.777275,2.7843351,2.7823792,2.7798083,1.7502387,1.7474229,1.7505721,1.7500365,0.46443295,0.46232098,0.4622293,0.46084827
1.6516862,1.6513028,1.6510715,1.6478872,2.7620096,2.7677536,2.7662969,2.7628765,1.735387,1.733041,1.7364908,1.7366986,0.46206698,0.4588449,0.4591686,0.45799237
1.6518443,1.6508727,1.6516411,1.649364,2.7723951,2.778326,2.776991,2.774202,1.7446777,1.7415602,1.7451757,1.7448933,0.46398062,0.46140346,0.46099114,0.4595191
1.6541493,1.6522772,1.6528711,1.6497672,2.7806683,2.7887535,2.7869377,2.783628,1.7536166,1.7508292,1.7537669,1.7536561,0.46518448,0.4632318,0.4633013,0.4612732
1.654364,1.653329,1.6538022,1.6511126,2.777483,2.7844286,2.7824473,2.7796843,1.7493225,1.7459776,1.7496434,1.7490973,0.46431917,0.4619224,0.46154144,0.46051425
1.6520345,1.6508412,1.6515493,1.6491585,2.7753525,2.782189,2.7804012,2.7777221,1.7481726,1.7450473,1.7483774,1.7479069,0.46429825,0.4617278,0.4614311,0.46010572
1.6532326,1.6515284,1.6524806,1.6499302,2.7774773,2.7841516,2.7829285,2.7800803,1.7506793,1.7473443,1.7513916,1.7513003,0.46496868,0.46251488,0.46265322,0.46034563
1.6541905,1.6522369,1.6528866,1.6497447,2.781416,2.7894778,2.7876973,2.784425,1.7537938,1.7512856,1.7540861,1.7540288,0.46532035,0.4633655,0.46350706,0.46146107
1.6524179,1.6518171,1.6525054,1.6500185,2.7719398,2.7780204,2.7764053,2.7734807,1.7422769,1.7395785,1.7428122,1.7424784,0.46366796,0.46071094,0.46036294,0.45931387
1.6546255,1.6535244,1.6545563,1.6520889,2.7784252,2.7848892,2.783474,2.7807438,1.7491615,1.7459333,1.7496493,1.7491736,0.46459815,0.46225852,0.46181387,0.4602074
1.657884,1.6561146,1.6567571,1.6533637,2.7825522,2.7906847,2.7891488,2.7855406,1.7551998,1.7504933,1.7555488,1.7555361,0.46588832,0.46354645,0.46340847,0.46067566
1.6569614,1.6562526,1.6568491,1.654078,2.777614,2.7846308,2.7827005,2.77992,1.7466199,1.7430639,1.7472416,1.7467778,0.464126,0.4617022,0.46068454,0.4600704
1.6546342,1.6536562,1.6544347,1.651959,2.7783713,2.785326,2.7836123,2.7805421,1.7483872,1.744962,1.748539,1.748189,0.46488935,0.46199143,0.461527,0.460122
1.6589079,1.6585807,1.6589849,1.6559563,2.7793913,2.7861428,2.784604,2.7817593,1.7461792,1.7428763,1.7471722,1.7470741,0.46419615,0.4615173,0.46068528,0.46021295
1.6553841,1.654481,1.6548774,1.6520164,2.7791767,2.7867332,2.784874,2.7818065,1.7471219,1.7437131,1.7476994,1.7470868,0.46477208,0.46220237,0.46135557,0.4607588
1.6580458,1.6559455,1.6569877,1.6536584,2.7887669,2.7973027,2.79568,2.7921574,1.7582515,1.7545962,1.7586824,1.7584813,0.46685684,0.46441942,0.46435642,0.4617818
1.6574308,1.655985,1.6570277,1.6542702,2.7851796,2.7930236,2.7912765,2.788142,1.7545036,1.7505164,1.7545915,1.7542503,0.4660611,0.4633397,0.46292686,0.46098012
1.6603376,1.6585777,1.6591861,1.6559188,2.7850904,2.793861,2.79209,2.7884119,1.7568089,1.7513745,1.7569424,1.756742,0.4662959,0.46369636,0.46318153,0.46069425
1.658574,1.6577609,1.6582384,1.6552281,2.7813811,2.789041,2.7871804,2.784149,1.7485402,1.7447531,1.7492884,1.7487922,0.46481368,0.46251905,0.4613211,0.46074313
1.6552156,1.6535807,1.6545129,1.6513124,2.7801437,2.788475,2.787118,2.7833214,1.7518684,1.7478145,1.7522577,1.7525995,0.46619746,0.4633695,0.46307415,0.46059006
1.6610484,1.6601802,1.6606104,1.6578279,2.7826047,2.7903733,2.7887306,2.7850776,1.7520905,1.7471256,1.7524098,1.7519431,0.4652162,0.46259943,0.461434,0.46013433
1.6601883,1.6577421,1.6583612,1.6547158,2.792653,2.8026,2.8003888,2.796597,1.7605265,1.7571888,1.7606351,1.760509,0.46742436,0.4656157,0.4653356,0.46282762
1.6596423,1.6579783,1.6585119,1.6554031,2.7866874,2.7952895,2.7931733,2.789946,1.7557644,1.7514052,1.7558762,1.755286,0.46600008,0.46393198,0.46314025,0.46150845
1.659087,1.6584475,1.6589763,1.6553366,2.779293,2.7866893,2.7849245,2.7809377,1.7458115,1.7423276,1.7465695,1.7470388,0.46529803,0.46170622,0.46154863,0.45968944
1.6598523,1.6584828,1.6587996,1.6558812,2.78437,2.792698,2.7907052,2.7876022,1.7533046,1.7487535,1.7536265,1.7528722,0.46537742,0.4636041,0.46237677,0.4610946
1.6612233,1.6606857,1.661567,1.6587129,2.7852511,2.7924008,2.7908292,2.7875552,1.7506555,1.7464616,1.7514017,1.7510514,0.46563774,0.46282208,0.46173388,0.46025848
1.6613581,1.6588283,1.6597168,1.6551917,2.7903042,2.8007255,2.7988038,2.794205,1.7598677,1.755686,1.7596465,1.7603571,0.46757257,0.46543616,0.46543002,0.46178427
1.6617687,1.6609925,1.6622682,1.6579175,2.7789068,2.786014,2.7848463,2.7801883,1.7449259,1.7411878,1.7465484,1.746959,0.465087,0.4622447,0.46141037,0.45932856
1.6587561,1.6579235,1.6584384,1.6552718,2.7839103,2.7918797,2.790039,2.7865965,1.7495539,1.7457626,1.7500464,1.7496736,0.46562308,0.46265852,0.4618587,0.46087956
1.6608036,1.6591718,1.6601083,1.6571405,2.7909608,2.799975,2.7980275,2.7945669,1.7595109,1.7546698,1.7594072,1.7588582,0.46710238,0.4643219,0.4637696,0.46163046
1.6620696,1.6595938,1.6605113,1.6558981,2.7903557,2.8008914,2.799077,2.7943277,1.7600646,1.7555673,1.7598224,1.760591,0.4676382,0.46533507,0.46536285,0.46156412
1.6611959,1.6590878,1.6603243,1.6570141,2.7935634,2.8026109,2.800778,2.7971787,1.7610387,1.7564389,1.7613679,1.7609587,0.46773952,0.46507418,0.46475047,0.46203446
1.663069,1.6612028,1.662102,1.6584992,2.7919974,2.80126,2.7994986,2.79551,1.7607423,1.7551948,1.7609175,1.7607238,0.46757528,0.46483967,0.46437907,0.4615317
1.6576626,1.655928,1.6566703,1.653528,2.7860909,2.7949572,2.7929277,2.7893116,1.7535853,1.7496302,1.7538778,1.7534091,0.46671125,0.46360502,0.46306872,0.4612456
1.6628923,1.6622999,1.6623814,1.6590068,2.78792,2.7959557,2.7943525,2.790891,1.7514186,1.7476904,1.7526047,1.7523568,0.46568877,0.46303087,0.4620689,0.46153796
1.661695,1.6607796,1.6616385,1.6588044,2.7887201,2.7965593,2.7948704,2.7911,1.7538128,1.7492471,1.7539732,1.7537084,0.4665532,0.46346912,0.46260673,0.46078885
1.6569009,1.6551201,1.6555517,1.6520836,2.7830358,2.792613,2.7907653,2.7865894,1.7529508,1.7485836,1.7531912,1.7532268,0.4668489,0.46393713,0.46321335,0.461076
1.6603937,1.6590112,1.6594658,1.6563044,2.788001,2.7970886,2.7948823,2.791549,1.7535943,1.7492241,1.7539927,1.7531748,0.46630323,0.46414867,0.46261254,0.4618199
1.6619258,1.6604958,1.6616085,1.6586919,2.7917633,2.8002748,2.7984705,2.794811,1.7575068,1.7527987,1.7576342,1.757292,0.46724668,0.4642293,0.46359757,0.46133995
1.6642416,1.6618261,1.6625843,1.6581354,2.7902222,2.8010287,2.7994313,2.7945719,1.760289,1.754878,1.7599617,1.7609956,0.46770093,0.46531856,0.4650675,0.46105856
1.6638926,1.6611378,1.662034,1.6575384,2.7970085,2.808207,2.805976,2.8013341,1.7636635,1.759488,1.7635458,1.7639189,0.46860945,0.46643418,0.4662516,0.4627698
1.6638417,1.661757,1.662538,1.6586015,2.7915998,2.8018436,2.7999759,2.795508,1.7609636,1.7552615,1.7606019,1.7609098,0.46777597,0.46487263,0.4645205,0.46120924
1.6617308,1.6592996,1.6609261,1.6563601,2.794692,2.8041778,2.802868,2.798323,1.7617115,1.7575283,1.7624313,1.7630587,0.46852604,0.46602422,0.46608135,0.46228376
1.6593488,1.6576049,1.6584203,1.65517,2.7883902,2.7974877,2.7954998,2.7916,1.7546531,1.7504151,1.7549044,1.7545385,0.46714506,0.46395463,0.4633667,0.46131492
1.6639906,1.6625162,1.6627834,1.659698,2.7894316,2.798664,2.7965627,2.792887,1.7565407,1.7511799,1.7567778,1.7560637,0.46632916,0.46422952,0.462843,0.46121997
1.6617651,1.6603727,1.6613681,1.6583683,2.7903767,2.7991414,2.7973456,2.7932217,1.7551936,1.7505019,1.755241,1.7549937,0.467233,0.46403253,0.46319807,0.46106786
1.6609589,1.6588752,1.6595407,1.65627,2.79321,2.8031335,2.8008194,2.7972481,1.7587813,1.7542591,1.7587775,1.7581017,0.4677567,0.4651336,0.46408904,0.4622354
1.6653551,1.6630316,1.6645045,1.660867,2.799405,2.8087802,2.8073907,2.803123,1.764244,1.7587453,1.7645591,1.7644949,0.46897188,0.46633637,0.4658947,0.46234047
1.6656132,1.66395,1.665139,1.6618879,2.7963986,2.8052797,2.803773,2.7993262,1.7597282,1.7543883,1.7600894,1.760159,0.46828708,0.46532726,0.4645467,0.46160722
1.6677213,1.6667612,1.6674638,1.6638529,2.7944217,2.8030057,2.8013344,2.7972553,1.7565452,1.7516742,1.7570349,1.7571318,0.46708095,0.46393886,0.46285957,0.46111894
1.6644083,1.6630111,1.6642594,1.6608155,2.792873,2.8016915,2.8002067,2.795573,1.7560493,1.7509086,1.7563261,1.7563186,0.46768886,0.4647618,0.4637317,0.46114078
1.6645172,1.663496,1.664465,1.6605823,2.7910995,2.7998133,2.798287,2.793546,1.7535278,1.7488258,1.7539065,1.7543993,0.46748596,0.46398568,0.4632928,0.46082783
1.6624469,1.6608495,1.6618736,1.6584387,2.7910247,2.8004432,2.7988272,2.7941153,1.7558795,1.7506884,1.7559896,1.7561972,0.46796688,0.4647526,0.463841,0.4611807
1.6640236,1.6613889,1.6629243,1.6591606,2.7989602,2.808824,2.8070488,2.8029828,1.7640821,1.7589273,1.7645664,1.7646809,0.46930912,0.46627104,0.4659921,0.46237642
1.66823,1.6671929,1.6673825,1.6636362,2.7957478,2.8047876,2.8031554,2.7992847,1.7566763,1.7521535,1.7577918,1.7575893,0.46694064,0.46437773,0.46309835,0.46210402
1.6663481,1.6644683,1.6650059,1.6616533,2.7957892,2.8058958,2.803608,2.7996144,1.7610322,1.75531,1.7609838,1.7603357,0.4677143,0.4652578,0.46403915,0.46183318
1.6663451,1.6645263,1.6652894,1.6618311,2.7966776,2.8065853,2.8042665,2.8002684,1.7601414,1.7548094,1.7602559,1.7595942,0.4678239,0.46525502,0.4638806,0.46202338
1.6694072,1.6680717,1.6686018,1.6653886,2.798502,2.8081312,2.8064837,2.8017588,1.762388,1.7560203,1.762663,1.7625012,0.4684819,0.46528724,0.46414492,0.46163476
1.6671484,1.6648456,1.6652889,1.6615725,2.7983656,2.8094163,2.8072772,2.8029444,1.7646071,1.7586968,1.7643614,1.7640529,0.4684329,0.4660712,0.46524692,0.46225625
1.6611166,1.659316,1.6599348,1.6560948,2.7894225,2.7995787,2.7974243,2.792937,1.754041,1.7489734,1.7541431,1.7539656,0.4678398,0.4645444,0.46342942,0.46134883
1.665827,1.6633501,1.6638527,1.6603086,2.7993345,2.8103309,2.8080559,2.8040473,1.7647344,1.759057,1.7644867,1.7638822,0.46860862,0.46669173,0.46550506,0.46293163
1.6703681,1.6697549,1.6706989,1.6664634,2.7948928,2.8032842,2.8021245,2.7973526,1.7548252,1.7500889,1.7563215,1.7568052,0.4673149,0.46368343,0.46278495,0.4606889
1.6623609,1.6597126,1.6607556,1.6553538,2.7937984,2.8053398,2.8038573,2.7979815,1.7615707,1.7571827,1.7620612,1.7630012,0.469077,0.46675736,0.4665522,0.46246815
1.675039,1.6741154,1.6749635,1.6706145,2.7967038,2.8056297,2.8041077,2.7997367,1.7579062,1.7516549,1.759936,1.7598503,0.4672189,0.4638003,0.46203184,0.46031377
1.668371,1.6661972,1.6670964,1.6629958,2.7978415,2.808907,2.8068752,2.8020859,1.7646945,1.757943,1.7643313,1.7645051,0.46892542,0.46580034,0.46504617,0.46155375
1.6687646,1.6675385,1.6682494,1.6651659,2.7993608,2.8088503,2.8070464,2.8025913,1.7610217,1.755161,1.7610761,1.760812,0.4684525,0.4651361,0.46392283,0.46162763
1.6666305,1.664684,1.6650991,1.661674,2.799007,2.809719,2.8073058,2.8033018,1.7606297,1.7552767,1.7608901,1.7599764,0.4683122,0.46601462,0.46421522,0.4628368
1.6676168,1.6641183,1.665473,1.6604762,2.807722,2.8203592,2.8179474,2.8128097,1.7697227,1.765665,1.7698708,1.7699647,0.47066724,0.4680995,0.46802616,0.46399045
1.6697304,1.6667864,1.6679738,1.6625986,2.8038406,2.8166585,2.8145623,2.8088071,1.7683948,1.7625003,1.7680053,1.7686687,0.4703704,0.46746564,0.4672413,0.46262896
1.6669238,1.6650213,1.6663954,1.6623325,2.797595,2.807816,2.806498,2.8008761,1.7606093,1.7540693,1.7607306,1.7613869,0.46953267,0.46637946,0.4654263,0.46164054
1.6716187,1.6697145,1.6701088,1.666512,2.798242,2.8093505,2.807478,2.8024945,1.7648262,1.7570622,1.764664,1.7645695,0.46868524,0.46572173,0.46433544,0.46110433
1.6698284,1.6678257,1.6687493,1.6651113,2.8042688,2.815485,2.8132906,2.8086514,1.7677501,1.76109,1.767349,1.7668288,0.4697415,0.46635973,0.46545064,0.4624542
1.6702838,1.6690792,1.669966,1.6653638,2.79912,2.8087778,2.8071961,2.8018777,1.7578609,1.7528732,1.7584009,1.7591951,0.4687811,0.46480602,0.46424776,0.46148318
1.675178,1.6742733,1.6751938,1.6704569,2.8017783,2.811432,2.8102107,2.8046145,1.7603176,1.7541271,1.7615365,1.7623105,0.46903786,0.46501145,0.46391478,0.46112925
1.6664345,1.6634309,1.6646812,1.6605322,2.8038902,2.8155837,2.8130484,2.80868,1.7667819,1.7613895,1.7670422,1.7663624,0.470038,0.46702757,0.46638572,0.46310857
1.6701285,1.6682268,1.6688461,1.6651635,2.8034472,2.8140936,2.811832,2.8076286,1.7627155,1.7570587,1.7628304,1.7624295,0.46905077,0.46616817,0.46463427,0.46265316
1.6738993,1.6723318,1.6726112,1.6692288,2.8021502,2.8130035,2.8112512,2.8062067,1.7652107,1.7575396,1.7651818,1.765002,0.46902227,0.46598458,0.46417922,0.4614668
1.6687496,1.6672888,1.6681657,1.6632447,2.7973409,2.8077269,2.8059306,2.8003328,1.757435,1.7520442,1.7578245,1.7585211,0.46907306,0.46508837,0.46437377,0.46152163
1.67186,1.67058,1.6708064,1.6663215,2.8029156,2.8130302,2.8112888,2.8066082,1.7601267,1.7554997,1.7614311,1.7612543,0.46854487,0.4651607,0.4642817,0.4627962
1.672535,1.6712121,1.6725309,1.6667712,2.7939153,2.8034205,2.802887,2.7958496,1.7538997,1.7487149,1.755304,1.7565858,0.46828896,0.4642559,0.46387753,0.46041793
1.6681689,1.6653332,1.6664114,1.6624641,2.8067298,2.8185582,2.8157253,2.8115242,1.7681892,1.7625505,1.7682089,1.7673209,0.47023302,0.4672711,0.46632296,0.46345466
1.6747006,1.6732472,1.673785,1.6698754,2.80135,2.8121128,2.810308,2.8055525,1.7636582,1.7560028,1.7640678,1.7636976,0.46856186,0.46574265,0.46359378,0.4611574
1.666527,1.6646271,1.6652389,1.6609437,2.797616,2.808889,2.8066525,2.8014314,1.7587346,1.7530396,1.7588975,1.7587535,0.4693326,0.4657616,0.46449298,0.46214288
1.6785185,1.6775725,1.6783302,1.673835,2.8042789,2.8139925,2.8125367,2.8079493,1.7617952,1.7556379,1.7638859,1.763792,0.46822935,0.46469933,0.46308404,0.46135145
1.6709435,1.669246,1.6698258,1.6640506,2.7936378,2.8040595,2.8030667,2.7961316,1.7546834,1.7492789,1.7556446,1.7567501,0.4685425,0.46435267,0.4639427,0.46090174
1.6798732,1.678769,1.6792753,1.6748416,2.8061466,2.81604,2.8143473,2.8098528,1.762715,1.7567824,1.7648011,1.7647405,0.4682091,0.46480057,0.46334624,0.46177447
1.672368,1.6705792,1.6718957,1.6680124,2.8056316,2.8159962,2.8145528,2.808934,1.7639879,1.7577453,1.7640091,1.7641678,0.4699328,0.46676096,0.46560055,0.4621517
1.6711593,1.6691108,1.6701238,1.6664596,2.8064222,2.8173923,2.8153663,2.8101456,1.7650734,1.7590916,1.7649283,1.7647009,0.47010717,0.46668163,0.465522,0.46253672
1.6754614,1.6740294,1.6755099,1.670316,2.8036947,2.813962,2.8130722,2.8064926,1.7611051,1.7548168,1.7619976,1.762691,0.46996272,0.46601412,0.465198,0.4615484
1.671217,1.6682556,1.6698439,1.6654885,2.8112388,2.8233113,2.821186,2.816118,1.7716621,1.7653668,1.7716805,1.7712979,0.4713073,0.46811885,0.46745497,0.4635148
1.6754694,1.6737884,1.6747925,1.6705863,2.8090053,2.819779,2.8182187,2.8121192,1.7668449,1.7597973,1.7671263,1.7676141,0.47091264,0.4670678,0.46610636,0.46239877
1.6752577,1.6724488,1.6737969,1.6683936,2.812748,2.8252754,2.8234358,2.817303,1.7736018,1.7661529,1.7732766,1.7742002,0.47220325,0.46889973,0.46848196,0.46315253
1.6703267,1.6678752,1.6691043,1.665174,2.8070083,2.8183637,2.8164191,2.8111675,1.7669873,1.7607498,1.7669823,1.7666099,0.47047797,0.467233,0.46628523,0.4627907
1.6799738,1.6788199,1.6799614,1.6746149,2.8069067,2.8172894,2.8161335,2.8104246,1.7637876,1.7569082,1.7653025,1.7658701,0.4696619,0.46552613,0.46415108,0.46140468
1.6720392,1.6690704,1.6701167,1.6658032,2.812088,2.824965,2.8220987,2.8172777,1.7723237,1.7659765,1.7720803,1.771312,0.47120625,0.46820724,0.46726918,0.46387786
1.6697505,1.6675189,1.6688194,1.6643269,2.8035135,2.815227,2.8138041,2.8076172,1.764671,1.7576861,1.7645823,1.7650185,0.47075737,0.46751085,0.46628684,0.46238083
1.6762049,1.6748793,1.6763153,1.6711731,2.805532,2.815752,2.8149228,2.8086078,1.7616471,1.7557304,1.7625778,1.763139,0.46991372,0.46585712,0.46506548,0.46179664
1.6766231,1.6753255,1.6763487,1.6720655,2.808765,2.8196316,2.8179803,2.8127105,1.7656657,1.758869,1.7659425,1.7662046,0.47022575,0.4664414,0.46499455,0.46199548
1.6804919,1.6792719,1.6804621,1.6752222,2.809297,2.8193192,2.818625,2.8123515,1.7631367,1.7575122,1.7646183,1.7652719,0.4700341,0.4655133,0.46480525,0.46185052
1.668968,1.6664593,1.667182,1.6622717,2.8008003,2.8133779,2.811512,2.8050425,1.7622238,1.7551737,1.7618593,1.7621505,0.47064123,0.46705043,0.4656244,0.46234715
1.6772959,1.6756295,1.6761303,1.67171,2.8118062,2.8227458,2.8209963,2.8161433,1.7664398,1.7605823,1.7670771,1.7671499,0.47017497,0.4667647,0.4654551,0.46312696
1.6808549,1.6792798,1.6806331,1.6750824,2.8093414,2.8201175,2.8192272,2.8120558,1.7645143,1.7577095,1.7657737,1.7668719,0.47108346,0.46630448,0.46562588,0.46172225
1.6744566,1.6716741,1.672168,1.6683626,2.8106217,2.8233848,2.8209386,2.8160334,1.7706763,1.7633479,1.7703123,1.769357,0.47046065,0.46839863,0.4663586,0.46348828
1.679028,1.6773325,1.6781187,1.6738946,2.8104148,2.8221183,2.8200736,2.8152206,1.7682787,1.7605717,1.7683976,1.7682693,0.47010604,0.46685404,0.46483028,0.46199065
1.6784105,1.6765817,1.6775353,1.6732421,2.8147206,2.8263206,2.8246126,2.81835,1.77078,1.7631605,1.7707738,1.7710974,0.47187296,0.46792173,0.4668935,0.4629694
1.6783092,1.6762795,1.6767962,1.6728785,2.8102932,2.8226366,2.8205876,2.8151937,1.7704896,1.7620999,1.7701284,1.7699447,0.4705528,0.4672246,0.46548828,0.4620949
1.6773264,1.6743181,1.6753123,1.6697292,2.8106356,2.8246837,2.8225975,2.816254,1.7728763,1.7648244,1.772368,1.7729971,0.47152704,0.46858,0.46764547,0.46240002
1.6807867,1.6779113,1.6788604,1.6731248,2.8117785,2.8248873,2.8232388,2.816417,1.773623,1.7643819,1.7733586,1.7750797,0.47220218,0.4689328,0.4679393,0.46202767
1.6777296,1.6755061,1.6767647,1.6724815,2.8166761,2.8285708,2.826932,2.8207262,1.7724221,1.7648084,1.7721152,1.7721794,0.47218174,0.46864092,0.46759668,0.46338588
1.6773124,1.6736724,1.6750937,1.668797,2.8184767,2.8336592,2.8311305,2.8244562,1.7772408,1.7702627,1.7766907,1.7772913,0.47324935,0.4700803,0.46958715,0.4641146
1.6793032,1.6767876,1.6772566,1.6731193,2.8125172,2.8257303,2.8232312,2.8180556,1.771776,1.7634776,1.7716565,1.7710135,0.4706729,0.46811473,0.46598196,0.46272448
1.6776663,1.6743431,1.6747558,1.669632,2.8135986,2.8282652,2.8264704,2.8202105,1.7746091,1.7667005,1.7738967,1.7744086,0.47185206,0.4702642,0.4683413,0.46354878
1.6792527,1.6756768,1.6770346,1.6713927,2.8256469,2.840899,2.838355,2.8316813,1.7809446,1.774344,1.78047,1.7803466,0.47407204,0.47056225,0.47012112,0.46518397
1.6783847,1.6763175,1.6768887,1.6709428,2.8121252,2.8251424,2.8234653,2.8164666,1.7671378,1.7604806,1.7678095,1.7680936,0.4717698,0.46767682,0.46656847,0.46344715
1.677012,1.6732594,1.6741462,1.6665483,2.821055,2.8370924,2.8354955,2.826931,1.7783371,1.7727273,1.7784349,1.7802575,0.4743898,0.47242066,0.47165507,0.46584392
1.6820922,1.68009,1.6818647,1.6760297,2.8164396,2.8285885,2.8275146,2.8200734,1.7697783,1.7618665,1.77007,1.7709136,0.47267467,0.46817058,0.46736145,0.4628566
1.683362,1.6811944,1.6819918,1.6773465,2.8218565,2.8348098,2.8328047,2.8263266,1.776658,1.7678504,1.7763765,1.7765462,0.4730551,0.46894693,0.4677348,0.4635103
1.6815134,1.67766,1.6788499,1.6723871,2.8247828,2.8408995,2.8384967,2.8312943,1.7812344,1.773683,1.7804123,1.7811637,0.47434318,0.47142875,0.4705181,0.4647354
1.6807387,1.6782804,1.6787672,1.6734419,2.8194933,2.8332877,2.8312664,2.8247588,1.7722644,1.7652307,1.7725743,1.7722814,0.47279274,0.4689004,0.46745855,0.464476
1.6814085,1.6787164,1.6797976,1.6752806,2.8241053,2.837741,2.8356972,2.829274,1.7776421,1.7695477,1.7771325,1.7766645,0.47352055,0.46953413,0.46848953,0.46431231
1.6812909,1.6784151,1.6792703,1.6747706,2.8238358,2.837525,2.835155,2.8292081,1.7761375,1.7685988,1.7758197,1.7752023,0.4732824,0.4694933,0.46801347,0.46462613
1.6819103,1.6782529,1.6790597,1.6732705,2.8224688,2.8382225,2.8361173,2.8292222,1.7797844,1.7715769,1.7788872,1.7793863,0.47358602,0.47122753,0.46969694,0.4643296
1.6832261,1.680838,1.6825273,1.6770275,2.8217216,2.8346782,2.8332005,2.8259666,1.7743677,1.7658195,1.7741748,1.7747099,0.4735012,0.46931842,0.46833423,0.46367115
1.6845744,1.6813303,1.6825716,1.6761539,2.82344,2.8386269,2.836545,2.8289084,1.7803711,1.7712361,1.7799085,1.7809439,0.47433162,0.47050768,0.46970803,0.46351987
1.681577,1.6784109,1.6795483,1.6747925,2.8274322,2.8421092,2.8396435,2.8332329,1.7814082,1.7733111,1.7809016,1.780015,0.47426873,0.47025323,0.46936715,0.4649447
1.6840386,1.6812027,1.681865,1.677311,2.8224406,2.8367648,2.8343458,2.8281224,1.778411,1.7695054,1.7779859,1.7774155,0.47287583,0.4692007,0.46777076,0.46353626
1.6842676,1.681421,1.6817822,1.6772015,2.8198204,2.8341942,2.8319306,2.8267052,1.7754289,1.7665982,1.7754904,1.774498,0.4717226,0.4697106,0.46678185,0.46391362
1.6883925,1.6863108,1.6880939,1.6818826,2.8231282,2.8353682,2.8346987,2.8271472,1.7723347,1.7651737,1.7733796,1.7739577,0.4729938,0.46790254,0.4673701,0.463297
1.6870245,1.684912,1.6861427,1.6805475,2.8251128,2.8385854,2.8368993,2.8295858,1.7764944,1.7675676,1.7764691,1.7772822,0.4741016,0.46926442,0.46832436,0.46369332
1.6876314,1.685158,1.6874089,1.6800213,2.8195453,2.832388,2.832286,2.822613,1.7709893,1.7625315,1.7717489,1.7735982,0.47395402,0.46879572,0.46842754,0.4628333
1.6851025,1.6819851,1.6830564,1.677469,2.829513,2.8448577,2.8426018,2.8353004,1.7832882,1.7742882,1.7826724,1.7824686,0.47494107,0.47080454,0.46994847,0.4646453
1.6839811,1.680629,1.6824198,1.6754034,2.8328,2.848352,2.846889,2.838588,1.7852051,1.776763,1.7848463,1.785629,0.47627938,0.47255126,0.47194943,0.4658716
1.6888752,1.686375,1.687499,1.6809108,2.8249145,2.8382525,2.8373299,2.8298326,1.7732528,1.7665838,1.7744803,1.7748137,0.4731809,0.4686029,0.46782374,0.4643835
1.6888094,1.6863075,1.6882057,1.6809568,2.8228679,2.8357759,2.8353157,2.8268762,1.771855,1.7648321,1.7729789,1.7740839,0.473329,0.46852356,0.46800917,0.46357262
1.693676,1.6914644,1.6925709,1.686542,2.8290243,2.84204,2.8409352,2.8343647,1.7761103,1.7687846,1.7775381,1.7778268,0.47303128,0.46836513,0.46720353,0.46410763
1.6892316,1.686614,1.6876218,1.6813383,2.8273902,2.8410735,2.8398724,2.832689,1.775241,1.7683386,1.7762064,1.7763543,0.4735921,0.4690649,0.4681918,0.46479315
1.6825298,1.6790743,1.6808076,1.674906,2.8269048,2.8420315,2.8402662,2.8327277,1.780386,1.7714559,1.7797803,1.7798202,0.47501746,0.4710783,0.46999824,0.46492004
1.6880431,1.685311,1.6869326,1.680654,2.8285341,2.8422642,2.8408642,2.8335817,1.7771856,1.7694099,1.7774405,1.7777174,0.47416615,0.46960634,0.4688496,0.46455458
1.6846496,1.681062,1.6826181,1.6766396,2.8334994,2.8494997,2.8473763,2.8399403,1.785496,1.776936,1.7847663,1.7844665,0.47588965,0.47184804,0.471083,0.4657253
1.6891519,1.6862125,1.6869063,1.6817577,2.8280034,2.8427477,2.8406491,2.834975,1.779336,1.770431,1.7795035,1.7787938,0.47319716,0.47017804,0.46783417,0.4646268
1.6880622,1.6847463,1.6855292,1.680476,2.8274775,2.843165,2.8407378,2.8342366,1.7822458,1.7725532,1.7816368,1.7811298,0.47383404,0.47048283,0.4686981,0.4640386
1.6869798,1.6829674,1.6846097,1.6778505,2.8368626,2.8539042,2.8515954,2.8435972,1.787944,1.779685,1.787273,1.7874649,0.47660834,0.47270155,0.47222006,0.46605518
1.6925442,1.690166,1.6915715,1.6849983,2.8304305,2.844924,2.8433294,2.8352978,1.7801384,1.7701776,1.7802837,1.7813556,0.47519654,0.46988997,0.46890587,0.46399236
1.6889532,1.6853441,1.6867025,1.6796656,2.8251686,2.8419452,2.8402286,2.831925,1.7819866,1.7718638,1.7816082,1.7824934,0.47456175,0.47152615,0.4698372,0.4631918
1.6880672,1.6847243,1.6860011,1.6807153,2.8358808,2.8515368,2.8492799,2.8421881,1.7866684,1.7771657,1.785787,1.7851996,0.47590494,0.47148687,0.47058266,0.4654994
1.6853333,1.6818209,1.6837294,1.6777368,2.831985,2.8474717,2.8455381,2.8379643,1.7840432,1.7743686,1.78331,1.7831488,0.47590357,0.4716263,0.4706246,0.4652892
1.6871316,1.6838807,1.6857224,1.6783137,2.8345108,2.8499813,2.8495622,2.8398163,1.7863253,1.7767416,1.7854972,1.7872477,0.4772027,0.47320938,0.4726862,0.46588266
1.6888623,1.6847601,1.6860852,1.6787028,2.8271236,2.8449745,2.8436384,2.8349984,1.7838401,1.7742693,1.7827615,1.7848611,0.47550476,0.47317404,0.47105223,0.4635084
1.6929216,1.6902238,1.6921637,1.6847444,2.828886,2.8422437,2.8419747,2.8332868,1.7754697,1.7681713,1.7766168,1.7776589,0.47417003,0.4692039,0.46874142,0.46413392
1.6894643,1.6854584,1.6869192,1.6796575,2.8318105,2.849135,2.8470626,2.8386495,1.7857331,1.7763323,1.7849084,1.7858024,0.47574282,0.4723764,0.47136045,0.4644078
1.6926706,1.6900753,1.6916959,1.6854417,2.8323321,2.8469162,2.8453903,2.8381703,1.7802838,1.7715282,1.7804438,1.7806144,0.47462273,0.4698093,0.46869886,0.4644884
1.6889738,1.685199,1.6858313,1.6810367,2.8301687,2.8465242,2.84414,2.8379962,1.783654,1.7737701,1.7829758,1.7817683,0.47401777,0.4717173,0.4689839,0.4651239
1.6950871,1.6926291,1.6938791,1.6873631,2.830863,2.845518,2.8440309,2.8372319,1.7799627,1.7707583,1.7809919,1.7806385,0.4736063,0.4694901,0.46751034,0.4641015
1.6877689,1.684138,1.6850381,1.6793661,2.8334017,2.8496213,2.8472157,2.8402183,1.7824556,1.7739177,1.7821221,1.7813754,0.47541124,0.47166708,0.46991077,0.46605992
1.6868697,1.683206,1.6849344,1.6789248,2.8342981,2.8502822,2.8481603,2.840748,1.7847112,1.7752588,1.7838236,1.7835796,0.47602636,0.4719019,0.47070688,0.46570235
1.6890837,1.6859633,1.6884832,1.6808243,2.8274283,2.84231,2.841692,2.8318806,1.7777579,1.7680157,1.7774992,1.7790496,0.47567606,0.47097906,0.4702149,0.46421248
1.6942168,1.6914542,1.6925819,1.6862533,2.8319912,2.8472743,2.8453393,2.8379848,1.7831687,1.772198,1.7829825,1.7836785,0.47508428,0.47047305,0.46884006,0.4637643
1.695698,1.6926551,1.6955731,1.6866624,2.826542,2.840623,2.8409834,2.8299198,1.7745289,1.7658112,1.7758056,1.7777607,0.47505188,0.46921933,0.46922925,0.46302122
1.6938548,1.6903992,1.6916845,1.6857593,2.8380823,2.8538918,2.8517056,2.8453474,1.7849761,1.7757556,1.7848437,1.784225,0.47530532,0.47132796,0.46958625,0.46574372
1.70149,1.6986725,1.7008946,1.693073,2.8382473,2.8524728,2.852079,2.84327,1.7815477,1.7732284,1.7830217,1.7837269,0.47536486,0.469392,0.46912372,0.46433586
1.7021092,1.6991553,1.7010424,1.6935916,2.8400311,2.854546,2.8538103,2.845661,1.7826741,1.774511,1.7841892,1.7846708,0.4753146,0.4696872,0.4690662,0.46485025
1.6929861,1.6886911,1.6898158,1.6833751,2.8415637,2.859963,2.8577232,2.8495953,1.7911254,1.7815446,1.7898998,1.7897131,0.4769762,0.4737444,0.4721797,0.46632677
1.6951731,1.6913693,1.6925287,1.6867001,2.8342576,2.8513317,2.849288,2.8428109,1.7864621,1.7754654,1.7860817,1.7849879,0.47453412,0.47206914,0.46912068,0.4647167
1.6931947,1.6891086,1.6899278,1.6842904,2.8373547,2.8551931,2.8531957,2.8457415,1.7885065,1.7783118,1.787352,1.7868168,0.47576487,0.47315097,0.4707026,0.46572566
1.6959456,1.6930127,1.6944788,1.6857498,2.831286,2.847259,2.8465943,2.8367789,1.7783762,1.7701111,1.7800137,1.7804556,0.47493792,0.4703164,0.46933138,0.46482155
1.6997039,1.6966293,1.6987345,1.6914415,2.8406863,2.8559437,2.8549886,2.8467326,1.7845147,1.7755084,1.7850386,1.7853799,0.4760083,0.47060543,0.46990758,0.46513206
1.6926517,1.6891258,1.6914363,1.6839845,2.8378677,2.8542657,2.853253,2.8434422,1.7867992,1.7754936,1.7857304,1.7871335,0.4777395,0.47306287,0.47212267,0.46565968
1.7024672,1.699256,1.7013142,1.6937492,2.8423834,2.857222,2.8565536,2.8481624,1.7842342,1.7759607,1.785498,1.7857788,0.4758482,0.47027394,0.4697916,0.46528953
1.6926887,1.6887069,1.6902664,1.6832201,2.840045,2.8574114,2.8553972,2.8474205,1.78659,1.7770472,1.7861508,1.7856357,0.47682893,0.47296396,0.4713136,0.46660537
1.6971247,1.6938509,1.6960576,1.6885552,2.8420844,2.8584647,2.857192,2.8479302,1.7883085,1.7770473,1.7875359,1.7885661,0.47788164,0.47258085,0.47174466,0.46563724
1.6982477,1.6949818,1.6975324,1.6892734,2.8388815,2.8547268,2.8541079,2.8438716,1.7848792,1.7737894,1.784607,1.786541,0.4778093,0.47196585,0.47142866,0.46479875
1.6948955,1.6902515,1.6913974,1.6850748,2.847865,2.8669033,2.8644834,2.856425,1.794552,1.7848712,1.7931333,1.7923331,0.47800022,0.4745385,0.4730333,0.46757185
1.6953753,1.6917975,1.693342,1.6847723,2.833953,2.8511038,2.8501172,2.8403513,1.7817763,1.7723846,1.7823865,1.7827063,0.47587562,0.47167152,0.47032797,0.46535754
1.7023553,1.69895,1.7004735,1.6933868,2.8438058,2.8595738,2.858426,2.8508403,1.786057,1.7773123,1.7871495,1.7868674,0.47588167,0.471053,0.46977127,0.46608698
1.7009404,1.6974516,1.6986213,1.6919615,2.8453355,2.8617024,2.8601604,2.8529372,1.7884327,1.7791617,1.7889515,1.7884378,0.47623876,0.4719426,0.470249,0.4665683
1.6965277,1.6914952,1.6934035,1.6850975,2.850037,2.870185,2.867854,2.8585355,1.7966412,1.7871643,1.7951856,1.7960007,0.47929254,0.47568667,0.47476017,0.46720058
1.6983945,1.6946907,1.6965358,1.6896586,2.8479362,2.8650389,2.863349,2.8546674,1.7939569,1.7824504,1.7926255,1.7929585,0.47837278,0.47347662,0.47253183,0.46642476
1.6951536,1.6904736,1.6919386,1.6855414,2.848477,2.8672733,2.8647456,2.856831,1.7940514,1.7836761,1.7925876,1.7917309,0.47838652,0.47452918,0.47279012,0.4676668
1.696446,1.6925011,1.6944022,1.6860402,2.8412418,2.8589888,2.8576684,2.8484933,1.7867007,1.7770418,1.786911,1.7866812,0.47706234,0.47308987,0.47158194,0.4664627
1.704473,1.7010481,1.7018843,1.6951482,2.8475504,2.864296,2.862875,2.8555717,1.7901634,1.7805297,1.7911454,1.7903581,0.47612524,0.4722536,0.4701553,0.46673235
1.7008255,1.6968719,1.6986699,1.691546,2.850533,2.8683157,2.8667192,2.857787,1.7958165,1.7840793,1.7943493,1.79495,0.47888803,0.47393754,0.47307152,0.46647006
1.6996412,1.6949267,1.696676,1.688916,2.8518066,2.871632,2.8696017,2.8603244,1.7974538,1.7868435,1.795896,1.7961471,0.47920245,0.4751444,0.4741785,0.46706194
1.7001282,1.6952627,1.6970859,1.6891356,2.84976,2.8698025,2.8679676,2.8585474,1.796573,1.7858632,1.7950753,1.7956712,0.47890562,0.4753112,0.47398144,0.46656445
1.7040889,1.7004452,1.703398,1.6940033,2.843041,2.8593683,2.8594956,2.8477428,1.7864839,1.7754048,1.7868034,1.7891068,0.47851413,0.4722041,0.47202018,0.464795
